person_id,value_as_number
-8659404739579738033,113.0
-8352232581952957278,81.0
3589912774911670296,117.0
3589912774911670296,126.0
4239478333578644568,88.0
-8659404739579738033,62.0
-8659404739579738033,127.0
-8659404739579738033,74.0
-8352232581952957278,135.0
3589912774911670296,105.0
3589912774911670296,85.0
3589912774911670296,76.0
3589912774911670296,97.0
-8659404739579738033,100.0
-8659404739579738033,70.0
-8659404739579738033,90.0
-2500070523286875699,118.0
-2500070523286875699,73.0
-2500070523286875699,84.0
-2500070523286875699,76.0
-8352232581952957278,133.0
3589912774911670296,79.0
4239478333578644568,144.0
-8659404739579738033,119.0
-8352232581952957278,142.0
-8352232581952957278,86.0
-8659404739579738033,103.0
-8659404739579738033,116.0
-2500070523286875699,87.0
-2500070523286875699,83.0
-8352232581952957278,113.0
-8352232581952957278,84.0
-8659404739579738033,107.0
-8659404739579738033,76.0
-8659404739579738033,83.0
-8659404739579738033,113.0
-8352232581952957278,135.0
3589912774911670296,120.0
3589912774911670296,112.0
3589912774911670296,87.0
4239478333578644568,95.0
-8659404739579738033,93.0
-8659404739579738033,115.0
-2500070523286875699,84.0
-2500070523286875699,72.0
4239478333578644568,91.0
-8659404739579738033,77.0
-8659404739579738033,124.0
-8659404739579738033,104.0
-8659404739579738033,101.0
3589912774911670296,84.0
4239478333578644568,95.0
4239478333578644568,85.0
-8659404739579738033,59.0
-8659404739579738033,76.0
-8659404739579738033,108.0
-2500070523286875699,120.0
3589912774911670296,81.0
3589912774911670296,106.0
3589912774911670296,106.0
-8659404739579738033,112.0
-8659404739579738033,70.0
-8659404739579738033,71.0
-8352232581952957278,85.0
-8352232581952957278,77.0
3589912774911670296,113.0
4239478333578644568,85.0
-8659404739579738033,94.0
-2500070523286875699,85.0
-8352232581952957278,137.0
3589912774911670296,113.0
4239478333578644568,127.0
4239478333578644568,144.0
-8659404739579738033,115.0
-2500070523286875699,83.0
3589912774911670296,74.0
4239478333578644568,99.0
-8659404739579738033,121.0
-2500070523286875699,126.0
-8352232581952957278,95.0
3589912774911670296,75.0
-8659404739579738033,77.0
-2500070523286875699,90.0
-2500070523286875699,75.0
-8352232581952957278,141.0
3589912774911670296,118.0
3589912774911670296,113.0
-8659404739579738033,75.0
-8659404739579738033,83.0
-8352232581952957278,144.0
3589912774911670296,103.0
-8659404739579738033,102.0
-8659404739579738033,65.0
-8659404739579738033,111.0
-2500070523286875699,127.0
3589912774911670296,73.0
3589912774911670296,96.0
-8659404739579738033,112.0
-8659404739579738033,115.0
-8352232581952957278,133.0
-8352232581952957278,144.0
-8352232581952957278,84.0
-8659404739579738033,76.0
-8659404739579738033,89.0
-2500070523286875699,76.0
-2500070523286875699,75.0
-8352232581952957278,93.0
-8352232581952957278,81.0
3589912774911670296,114.0
3589912774911670296,87.0
-8659404739579738033,115.0
-8659404739579738033,121.0
-8659404739579738033,70.0
-8659404739579738033,114.0
-8352232581952957278,98.0
-8352232581952957278,131.0
-8659404739579738033,89.0
-8659404739579738033,74.0
-2500070523286875699,84.0
-8352232581952957278,133.0
-8352232581952957278,139.0
-8352232581952957278,80.0
3589912774911670296,88.0
-8659404739579738033,112.0
-8659404739579738033,78.0
-8659404739579738033,71.0
-2500070523286875699,89.0
3589912774911670296,80.0
-8659404739579738033,79.0
-8659404739579738033,98.0
-8659404739579738033,72.0
-8659404739579738033,88.0
-8352232581952957278,89.0
3589912774911670296,90.0
3589912774911670296,107.0
-8659404739579738033,80.0
-8352232581952957278,124.0
3589912774911670296,112.0
3589912774911670296,118.0
3589912774911670296,86.0
4239478333578644568,91.0
-8659404739579738033,102.0
-8659404739579738033,78.0
-8659404739579738033,92.0
-2500070523286875699,83.0
-8352232581952957278,80.0
-8352232581952957278,81.0
3589912774911670296,110.0
4239478333578644568,121.0
-8659404739579738033,114.0
-8659404739579738033,89.0
-8659404739579738033,80.0
-8659404739579738033,109.0
-2500070523286875699,77.0
-8352232581952957278,71.0
-8352232581952957278,134.0
3589912774911670296,95.0
-8659404739579738033,79.0
-8659404739579738033,115.0
-2500070523286875699,75.0
-2500070523286875699,79.0
-2500070523286875699,93.0
4239478333578644568,95.0
-8659404739579738033,64.0
-8659404739579738033,79.0
-8659404739579738033,66.0
-8659404739579738033,95.0
-8352232581952957278,72.0
3589912774911670296,75.0
-8659404739579738033,93.0
-8659404739579738033,107.0
-8659404739579738033,96.0
-8659404739579738033,86.0
-8659404739579738033,80.0
-2500070523286875699,110.0
-2500070523286875699,74.0
-8352232581952957278,88.0
3589912774911670296,98.0
-8659404739579738033,123.0
-8659404739579738033,73.0
3589912774911670296,81.0
3589912774911670296,100.0
-8659404739579738033,96.0
-8659404739579738033,117.0
3589912774911670296,108.0
3589912774911670296,79.0
3589912774911670296,84.0
-8659404739579738033,84.0
-8659404739579738033,88.0
-2500070523286875699,80.0
-2500070523286875699,85.0
-8352232581952957278,145.0
3589912774911670296,76.0
3589912774911670296,117.0
3589912774911670296,119.0
-8659404739579738033,108.0
-8659404739579738033,73.0
-8659404739579738033,77.0
-2500070523286875699,82.0
-8352232581952957278,75.0
4239478333578644568,85.0
4239478333578644568,92.0
-2500070523286875699,80.0
-2500070523286875699,91.0
-2500070523286875699,97.0
-2500070523286875699,76.0
3589912774911670296,81.0
3589912774911670296,87.0
-8352232581952957278,77.0
-8352232581952957278,145.0
3589912774911670296,112.0
3589912774911670296,121.0
4239478333578644568,147.0
-8659404739579738033,69.0
-8659404739579738033,96.0
-8659404739579738033,88.0
-8659404739579738033,67.0
-8659404739579738033,105.0
-2500070523286875699,73.0
3589912774911670296,78.0
4239478333578644568,94.0
-8659404739579738033,86.0
-8659404739579738033,79.0
-8659404739579738033,99.0
-2500070523286875699,117.0
3589912774911670296,79.0
-8659404739579738033,104.0
-8659404739579738033,93.0
-8659404739579738033,74.0
-8659404739579738033,115.0
-8659404739579738033,92.0
-2500070523286875699,95.0
3589912774911670296,98.0
3589912774911670296,103.0
-8659404739579738033,69.0
-8659404739579738033,98.0
-8659404739579738033,115.0
-8659404739579738033,73.0
-8352232581952957278,95.0
-8659404739579738033,105.0
-8352232581952957278,92.0
-8352232581952957278,79.0
3589912774911670296,90.0
-8659404739579738033,81.0
-2500070523286875699,77.0
-2500070523286875699,70.0
-8352232581952957278,77.0
-8352232581952957278,106.0
4239478333578644568,143.0
-8659404739579738033,91.0
-8659404739579738033,102.0
-8659404739579738033,80.0
-8659404739579738033,71.0
-8659404739579738033,113.0
-2500070523286875699,113.0
-8352232581952957278,86.0
3589912774911670296,103.0
-8659404739579738033,96.0
-8659404739579738033,104.0
-2500070523286875699,83.0
-8352232581952957278,117.0
-8352232581952957278,96.0
-8659404739579738033,76.0
-8659404739579738033,74.0
-2500070523286875699,96.0
-8352232581952957278,133.0
3589912774911670296,85.0
-8659404739579738033,106.0
-8659404739579738033,61.0
-2500070523286875699,98.0
4239478333578644568,94.0
4239478333578644568,95.0
-8659404739579738033,73.0
-8659404739579738033,100.0
4239478333578644568,92.0
4239478333578644568,90.0
4239478333578644568,95.0
4239478333578644568,84.0
4239478333578644568,144.0
-8659404739579738033,66.0
-8659404739579738033,73.0
-2500070523286875699,83.0
-2500070523286875699,87.0
-8352232581952957278,80.0
4239478333578644568,97.0
-8659404739579738033,67.0
-8659404739579738033,118.0
3589912774911670296,74.0
3589912774911670296,87.0
3589912774911670296,120.0
-8659404739579738033,107.0
-2500070523286875699,78.0
-2500070523286875699,79.0
-8352232581952957278,77.0
-8352232581952957278,79.0
3589912774911670296,110.0
3589912774911670296,102.0
-8659404739579738033,68.0
-8659404739579738033,63.0
-8659404739579738033,70.0
-8659404739579738033,78.0
-8659404739579738033,90.0
-2500070523286875699,73.0
3589912774911670296,90.0
-5342370696241135313,120.0
-5342370696241135313,83.0
-5342370696241135313,73.0
-5342370696241135313,86.0
-5342370696241135313,76.0
-5342370696241135313,81.0
-5342370696241135313,75.0
-5342370696241135313,98.0
-5342370696241135313,78.0
-5342370696241135313,115.0
-5342370696241135313,68.0
-5342370696241135313,88.0
-5342370696241135313,75.0
-5342370696241135313,85.0
-5342370696241135313,96.0
-5342370696241135313,95.0
-5342370696241135313,67.0
-5342370696241135313,82.0
-5342370696241135313,96.0
-5342370696241135313,87.0
-5342370696241135313,83.0
-5342370696241135313,86.0
-5342370696241135313,79.0
-5342370696241135313,72.0
-5342370696241135313,82.0
-5342370696241135313,88.0
-5342370696241135313,74.0
-5342370696241135313,74.0
-5342370696241135313,65.0
-5342370696241135313,80.0
-5342370696241135313,68.0
-5342370696241135313,71.0
-5342370696241135313,75.0
-5342370696241135313,70.0
-5342370696241135313,90.0
-5342370696241135313,81.0
-5342370696241135313,82.0
-5342370696241135313,102.0
-5342370696241135313,70.0
-5342370696241135313,88.0
-5342370696241135313,88.0
-5342370696241135313,71.0
-5342370696241135313,76.0
-5342370696241135313,61.0
-5342370696241135313,83.0
-5342370696241135313,77.0
-5342370696241135313,60.0
-5342370696241135313,71.0
-5342370696241135313,75.0
-5342370696241135313,64.0
-5342370696241135313,75.0
-5342370696241135313,75.0
-5342370696241135313,69.0
-5342370696241135313,82.0
-5342370696241135313,67.0
-5342370696241135313,74.0
-5342370696241135313,85.0
-5342370696241135313,72.0
-5342370696241135313,72.0
-5342370696241135313,75.0
-5342370696241135313,90.0
-5342370696241135313,85.0
-5342370696241135313,75.0
-5342370696241135313,117.0
-5342370696241135313,65.0
-5342370696241135313,73.0
-5342370696241135313,79.0
-5342370696241135313,70.0
-5342370696241135313,88.0
-5342370696241135313,71.0
-5342370696241135313,80.0
-5342370696241135313,70.0
-5342370696241135313,80.0
-5342370696241135313,81.0
-5342370696241135313,81.0
-5342370696241135313,114.0
-5342370696241135313,93.0
-5342370696241135313,88.0
-5342370696241135313,80.0
-5342370696241135313,122.0
-5342370696241135313,80.0
-5342370696241135313,72.0
-5342370696241135313,91.0
-5342370696241135313,74.0
-5342370696241135313,80.0
-5342370696241135313,65.0
-5342370696241135313,96.0
-5342370696241135313,76.0
-5342370696241135313,80.0
-5342370696241135313,79.0
-5342370696241135313,127.0
-5342370696241135313,71.0
-5342370696241135313,93.0
-5342370696241135313,77.0
-5342370696241135313,92.0
-5342370696241135313,88.0
-5342370696241135313,80.0
-5342370696241135313,133.0
-5342370696241135313,71.0
-5342370696241135313,69.0
-5342370696241135313,86.0
-5342370696241135313,116.0
-5342370696241135313,104.0
-5342370696241135313,127.0
-5342370696241135313,84.0
-5342370696241135313,77.0
-5342370696241135313,80.0
-5342370696241135313,77.0
-5342370696241135313,120.0
-5342370696241135313,76.0
-5342370696241135313,78.0
-5342370696241135313,84.0
-5342370696241135313,80.0
-5342370696241135313,60.0
-5342370696241135313,80.0
-5342370696241135313,78.0
-5342370696241135313,99.0
-5342370696241135313,121.0
-5342370696241135313,74.0
-5342370696241135313,64.0
-5342370696241135313,76.0
-5342370696241135313,59.0
-5342370696241135313,92.0
-5342370696241135313,81.0
-5342370696241135313,80.0
-5342370696241135313,86.0
-5342370696241135313,67.0
-5342370696241135313,121.0
-5342370696241135313,81.0
-5342370696241135313,76.0
-5342370696241135313,78.0
-5342370696241135313,73.0
-5342370696241135313,73.0
-5342370696241135313,66.0
-5342370696241135313,82.0
-5342370696241135313,76.0
-5342370696241135313,82.0
-5342370696241135313,73.0
-5342370696241135313,74.0
-5342370696241135313,72.0
-5342370696241135313,75.0
-5342370696241135313,79.0
-5342370696241135313,75.0
-5342370696241135313,141.0
-5342370696241135313,132.0
-5342370696241135313,75.0
-5342370696241135313,73.0
-5342370696241135313,80.0
-5342370696241135313,74.0
-5342370696241135313,90.0
-5342370696241135313,114.0
-5342370696241135313,74.0
-5342370696241135313,65.0
-5342370696241135313,74.0
-5342370696241135313,61.0
-5342370696241135313,118.0
-5342370696241135313,63.0
-5342370696241135313,90.0
-5342370696241135313,83.0
-5342370696241135313,85.0
-5342370696241135313,83.0
-5342370696241135313,80.0
-5342370696241135313,81.0
-5342370696241135313,74.0
-5342370696241135313,84.0
-5342370696241135313,72.0
-5342370696241135313,82.0
-5342370696241135313,67.0
-5342370696241135313,74.0
-5342370696241135313,88.0
-5342370696241135313,84.0
-5342370696241135313,71.0
-5342370696241135313,69.0
-5342370696241135313,74.0
-5342370696241135313,64.0
-5342370696241135313,80.0
-5342370696241135313,133.0
-5342370696241135313,82.0
-5342370696241135313,79.0
-5342370696241135313,90.0
-5342370696241135313,115.0
-5342370696241135313,82.0
-5342370696241135313,72.0
-5342370696241135313,71.0
-5342370696241135313,71.0
-5342370696241135313,90.0
-5342370696241135313,87.0
-5342370696241135313,88.0
-5342370696241135313,105.0
-5342370696241135313,75.0
-5342370696241135313,66.0
-5342370696241135313,79.0
-5342370696241135313,81.0
-5342370696241135313,79.0
-5342370696241135313,75.0
-5342370696241135313,71.0
-5342370696241135313,75.0
-9066461348710750663,119.0
-9066461348710750663,81.0
-9066461348710750663,85.0
-9066461348710750663,92.0
-9066461348710750663,92.0
-9066461348710750663,76.0
-9066461348710750663,76.0
-9066461348710750663,89.0
-9066461348710750663,135.0
-9066461348710750663,154.0
-9066461348710750663,75.0
-9066461348710750663,122.0
-9066461348710750663,86.0
-9066461348710750663,134.0
-9066461348710750663,88.0
-9066461348710750663,84.0
-9066461348710750663,85.0
-9066461348710750663,75.0
-9066461348710750663,79.0
-9066461348710750663,87.0
-9066461348710750663,77.0
-9066461348710750663,79.0
-9066461348710750663,94.0
-9066461348710750663,99.0
-9066461348710750663,83.0
-9066461348710750663,75.0
-9066461348710750663,76.0
-9066461348710750663,98.0
-9066461348710750663,102.0
-9066461348710750663,87.0
-9066461348710750663,88.0
-9066461348710750663,77.0
-9066461348710750663,138.0
-9066461348710750663,74.0
-9066461348710750663,75.0
-9066461348710750663,137.0
-9066461348710750663,150.0
-9066461348710750663,137.0
-9066461348710750663,91.0
-9066461348710750663,83.0
-9066461348710750663,157.0
-9066461348710750663,91.0
-9066461348710750663,87.0
-9066461348710750663,143.0
-9066461348710750663,82.0
-9066461348710750663,95.0
-9066461348710750663,91.0
-9066461348710750663,75.0
-9066461348710750663,138.0
-9066461348710750663,91.0
-9066461348710750663,75.0
-9066461348710750663,84.0
-9066461348710750663,101.0
-9066461348710750663,78.0
-9066461348710750663,133.0
-9066461348710750663,84.0
-9066461348710750663,149.0
-9066461348710750663,151.0
-9066461348710750663,81.0
-9066461348710750663,78.0
-9066461348710750663,144.0
-9066461348710750663,97.0
-9066461348710750663,88.0
-9066461348710750663,88.0
-9066461348710750663,153.0
-9066461348710750663,74.0
-9066461348710750663,75.0
-9066461348710750663,80.0
-9066461348710750663,123.0
-9066461348710750663,82.0
-9066461348710750663,77.0
-9066461348710750663,141.0
-9066461348710750663,101.0
-9066461348710750663,90.0
-9066461348710750663,125.0
-9066461348710750663,90.0
-9066461348710750663,84.0
-9066461348710750663,79.0
-9066461348710750663,80.0
-9066461348710750663,57.0
-9066461348710750663,74.0
-9066461348710750663,86.0
-9066461348710750663,80.0
-9066461348710750663,83.0
-9066461348710750663,82.0
-9066461348710750663,76.0
-9066461348710750663,135.0
-9066461348710750663,97.0
-9066461348710750663,87.0
-9066461348710750663,81.0
-9066461348710750663,150.0
-9066461348710750663,73.0
-9066461348710750663,81.0
-9066461348710750663,79.0
-9066461348710750663,96.0
-9066461348710750663,77.0
-9066461348710750663,74.0
-9066461348710750663,96.0
-9066461348710750663,77.0
-9066461348710750663,141.0
-9066461348710750663,79.0
-9066461348710750663,85.0
-9066461348710750663,89.0
-9066461348710750663,99.0
-9066461348710750663,137.0
-9066461348710750663,73.0
-9066461348710750663,143.0
-9066461348710750663,145.0
-9066461348710750663,101.0
-9066461348710750663,97.0
-9066461348710750663,120.0
-9066461348710750663,91.0
-9066461348710750663,97.0
-9066461348710750663,83.0
-9066461348710750663,101.0
-9066461348710750663,96.0
-9066461348710750663,85.0
-9066461348710750663,90.0
-9066461348710750663,61.0
-9066461348710750663,98.0
-9066461348710750663,82.0
2161418207209636934,112.0
2161418207209636934,100.0
2161418207209636934,146.0
2161418207209636934,97.0
2161418207209636934,100.0
2161418207209636934,90.0
2161418207209636934,101.0
2161418207209636934,106.0
2161418207209636934,93.0
2161418207209636934,100.0
2161418207209636934,103.0
2161418207209636934,100.0
2161418207209636934,96.0
2161418207209636934,103.0
2161418207209636934,100.0
2161418207209636934,101.0
2161418207209636934,95.0
2161418207209636934,89.0
2161418207209636934,100.0
2161418207209636934,108.0
2161418207209636934,129.0
2161418207209636934,101.0
2161418207209636934,109.0
2161418207209636934,128.0
2161418207209636934,89.0
2161418207209636934,128.0
2161418207209636934,85.0
2161418207209636934,99.0
2161418207209636934,101.0
2161418207209636934,97.0
2161418207209636934,101.0
2161418207209636934,96.0
2161418207209636934,98.0
2161418207209636934,132.0
2161418207209636934,123.0
2161418207209636934,103.0
2161418207209636934,87.0
2161418207209636934,108.0
2161418207209636934,93.0
2161418207209636934,90.0
2161418207209636934,86.0
2161418207209636934,98.0
2161418207209636934,86.0
2161418207209636934,92.0
2161418207209636934,90.0
2161418207209636934,91.0
2161418207209636934,107.0
2161418207209636934,101.0
2161418207209636934,103.0
2161418207209636934,104.0
2161418207209636934,90.0
2161418207209636934,100.0
2161418207209636934,97.0
2161418207209636934,103.0
2161418207209636934,88.0
2161418207209636934,113.0
2161418207209636934,95.0
2161418207209636934,116.0
2161418207209636934,91.0
2161418207209636934,93.0
2161418207209636934,110.0
2161418207209636934,103.0
2161418207209636934,99.0
2161418207209636934,85.0
2161418207209636934,109.0
2161418207209636934,102.0
2161418207209636934,97.0
2161418207209636934,95.0
2161418207209636934,93.0
2161418207209636934,96.0
2161418207209636934,85.0
2161418207209636934,98.0
2161418207209636934,107.0
2161418207209636934,111.0
2161418207209636934,95.0
2161418207209636934,106.0
2161418207209636934,93.0
2161418207209636934,108.0
2161418207209636934,91.0
2161418207209636934,113.0
2161418207209636934,107.0
2161418207209636934,106.0
2161418207209636934,99.0
2161418207209636934,114.0
2161418207209636934,128.0
2161418207209636934,89.0
2161418207209636934,122.0
2161418207209636934,111.0
2161418207209636934,95.0
2161418207209636934,99.0
2161418207209636934,88.0
2161418207209636934,105.0
2161418207209636934,98.0
2161418207209636934,122.0
2161418207209636934,120.0
2161418207209636934,108.0
2161418207209636934,150.0
2161418207209636934,103.0
2161418207209636934,90.0
2161418207209636934,126.0
2161418207209636934,102.0
2161418207209636934,127.0
2161418207209636934,105.0
2161418207209636934,112.0
2161418207209636934,93.0
2161418207209636934,114.0
2161418207209636934,94.0
2161418207209636934,100.0
2161418207209636934,133.0
2161418207209636934,109.0
2161418207209636934,106.0
2161418207209636934,113.0
2161418207209636934,102.0
2161418207209636934,94.0
2161418207209636934,94.0
2161418207209636934,104.0
2161418207209636934,113.0
2161418207209636934,83.0
2161418207209636934,94.0
2161418207209636934,119.0
2161418207209636934,94.0
2161418207209636934,102.0
2161418207209636934,110.0
2161418207209636934,85.0
2161418207209636934,89.0
2161418207209636934,94.0
2161418207209636934,91.0
2161418207209636934,98.0
2161418207209636934,91.0
2161418207209636934,136.0
2161418207209636934,92.0
2161418207209636934,83.0
2161418207209636934,92.0
2161418207209636934,122.0
2161418207209636934,101.0
2161418207209636934,89.0
2161418207209636934,83.0
2161418207209636934,110.0
2161418207209636934,106.0
2161418207209636934,91.0
2161418207209636934,100.0
2161418207209636934,88.0
2161418207209636934,109.0
2161418207209636934,102.0
2161418207209636934,108.0
2161418207209636934,99.0
2161418207209636934,130.0
2161418207209636934,109.0
2161418207209636934,87.0
2161418207209636934,94.0
2161418207209636934,115.0
2161418207209636934,93.0
2161418207209636934,88.0
2161418207209636934,104.0
8090044958540695372,83.0
8090044958540695372,100.0
8090044958540695372,91.0
8090044958540695372,84.0
8090044958540695372,79.0
8090044958540695372,83.0
8090044958540695372,94.0
8090044958540695372,102.0
8090044958540695372,75.0
8090044958540695372,79.0
8090044958540695372,101.0
8090044958540695372,98.0
8090044958540695372,115.0
8090044958540695372,83.0
8090044958540695372,87.0
8090044958540695372,98.0
8090044958540695372,102.0
8090044958540695372,89.0
8090044958540695372,80.0
8090044958540695372,87.0
8090044958540695372,88.0
8090044958540695372,84.0
8090044958540695372,72.0
8090044958540695372,76.0
8090044958540695372,87.0
8090044958540695372,74.0
8090044958540695372,70.0
8090044958540695372,85.0
8090044958540695372,88.0
8090044958540695372,84.0
8090044958540695372,81.0
8090044958540695372,114.0
8090044958540695372,93.0
8090044958540695372,114.0
8090044958540695372,98.0
8090044958540695372,89.0
8090044958540695372,87.0
8090044958540695372,87.0
8090044958540695372,80.0
8090044958540695372,84.0
8090044958540695372,76.0
8090044958540695372,74.0
8090044958540695372,88.0
8090044958540695372,74.0
8090044958540695372,82.0
8090044958540695372,93.0
8090044958540695372,82.0
8090044958540695372,93.0
8090044958540695372,73.0
8090044958540695372,98.0
8090044958540695372,110.0
8090044958540695372,97.0
8090044958540695372,78.0
8090044958540695372,85.0
8090044958540695372,98.0
8090044958540695372,92.0
8090044958540695372,71.0
8090044958540695372,67.0
8090044958540695372,122.0
8090044958540695372,117.0
8090044958540695372,78.0
8090044958540695372,89.0
8090044958540695372,108.0
8090044958540695372,82.0
8090044958540695372,93.0
8090044958540695372,82.0
8090044958540695372,81.0
8090044958540695372,98.0
8090044958540695372,78.0
8090044958540695372,84.0
8090044958540695372,71.0
8090044958540695372,82.0
8090044958540695372,71.0
8090044958540695372,101.0
8090044958540695372,75.0
8090044958540695372,81.0
8090044958540695372,91.0
8090044958540695372,86.0
8090044958540695372,103.0
8090044958540695372,79.0
8090044958540695372,105.0
8090044958540695372,77.0
8090044958540695372,86.0
8090044958540695372,87.0
8090044958540695372,94.0
8090044958540695372,89.0
8090044958540695372,87.0
8090044958540695372,79.0
8090044958540695372,74.0
8090044958540695372,83.0
8090044958540695372,77.0
8090044958540695372,82.0
8090044958540695372,91.0
8090044958540695372,90.0
8090044958540695372,77.0
8090044958540695372,93.0
8090044958540695372,81.0
8090044958540695372,87.0
8090044958540695372,104.0
8090044958540695372,113.0
8090044958540695372,89.0
8090044958540695372,98.0
8090044958540695372,78.0
8090044958540695372,80.0
8090044958540695372,81.0
8090044958540695372,91.0
8090044958540695372,84.0
8090044958540695372,109.0
8090044958540695372,82.0
8090044958540695372,80.0
8090044958540695372,89.0
8090044958540695372,117.0
8090044958540695372,90.0
8090044958540695372,99.0
8090044958540695372,80.0
8090044958540695372,103.0
8090044958540695372,77.0
8090044958540695372,85.0
8090044958540695372,103.0
8090044958540695372,105.0
8090044958540695372,93.0
8090044958540695372,75.0
8090044958540695372,84.0
8090044958540695372,95.0
8090044958540695372,83.0
8090044958540695372,76.0
8090044958540695372,106.0
8090044958540695372,86.0
8090044958540695372,93.0
8090044958540695372,102.0
8090044958540695372,90.0
8090044958540695372,76.0
8090044958540695372,91.0
8090044958540695372,86.0
8090044958540695372,82.0
8090044958540695372,109.0
8090044958540695372,90.0
8090044958540695372,89.0
8090044958540695372,81.0
8090044958540695372,90.0
8090044958540695372,106.0
8090044958540695372,80.0
8090044958540695372,89.0
8090044958540695372,70.0
8090044958540695372,87.0
8090044958540695372,80.0
8090044958540695372,93.0
8090044958540695372,100.0
8090044958540695372,84.0
8090044958540695372,81.0
8090044958540695372,87.0
8090044958540695372,87.0
8090044958540695372,82.0
8090044958540695372,88.0
8090044958540695372,94.0
8090044958540695372,81.0
8090044958540695372,79.0
8090044958540695372,94.0
8090044958540695372,79.0
8090044958540695372,105.0
8090044958540695372,71.0
8090044958540695372,91.0
8090044958540695372,92.0
8090044958540695372,89.0
8090044958540695372,89.0
8090044958540695372,86.0
8090044958540695372,91.0
8090044958540695372,86.0
8090044958540695372,102.0
8090044958540695372,69.0
8090044958540695372,92.0
8090044958540695372,83.0
8090044958540695372,78.0
8090044958540695372,74.0
8090044958540695372,93.0
8090044958540695372,88.0
8090044958540695372,77.0
8090044958540695372,121.0
8090044958540695372,86.0
8090044958540695372,95.0
8090044958540695372,79.0
8090044958540695372,79.0
8090044958540695372,71.0
8090044958540695372,83.0
8090044958540695372,92.0
8090044958540695372,77.0
8090044958540695372,84.0
8090044958540695372,75.0
8090044958540695372,112.0
8090044958540695372,69.0
8090044958540695372,93.0
8090044958540695372,100.0
5894416985828315484,66.0
5894416985828315484,69.0
5894416985828315484,86.0
5894416985828315484,65.0
5894416985828315484,70.0
5894416985828315484,72.0
5894416985828315484,91.0
5894416985828315484,65.0
5894416985828315484,62.0
5894416985828315484,65.0
5894416985828315484,63.0
5894416985828315484,85.0
5894416985828315484,82.0
5894416985828315484,81.0
5894416985828315484,67.0
5894416985828315484,82.0
5894416985828315484,69.0
5894416985828315484,59.0
5894416985828315484,70.0
5894416985828315484,88.0
5894416985828315484,81.0
5894416985828315484,65.0
5894416985828315484,61.0
5894416985828315484,81.0
5894416985828315484,69.0
5894416985828315484,66.0
5894416985828315484,83.0
5894416985828315484,59.0
5894416985828315484,72.0
5894416985828315484,70.0
5894416985828315484,61.0
5894416985828315484,87.0
5894416985828315484,71.0
5894416985828315484,80.0
5894416985828315484,62.0
5894416985828315484,99.0
5894416985828315484,68.0
5894416985828315484,102.0
5894416985828315484,79.0
5894416985828315484,63.0
5894416985828315484,72.0
5894416985828315484,96.0
5894416985828315484,61.0
5894416985828315484,84.0
5894416985828315484,86.0
5894416985828315484,72.0
5894416985828315484,95.0
5894416985828315484,89.0
5894416985828315484,60.0
5894416985828315484,62.0
5894416985828315484,82.0
5894416985828315484,95.0
5894416985828315484,67.0
5894416985828315484,66.0
5894416985828315484,73.0
5894416985828315484,68.0
5894416985828315484,59.0
5894416985828315484,71.0
5894416985828315484,64.0
5894416985828315484,66.0
5894416985828315484,83.0
5894416985828315484,66.0
5894416985828315484,77.0
5894416985828315484,64.0
5894416985828315484,67.0
5894416985828315484,68.0
5894416985828315484,86.0
5894416985828315484,68.0
5894416985828315484,83.0
5894416985828315484,62.0
5894416985828315484,90.0
5894416985828315484,65.0
5894416985828315484,74.0
5894416985828315484,103.0
5894416985828315484,100.0
5894416985828315484,64.0
5894416985828315484,75.0
5894416985828315484,61.0
5894416985828315484,91.0
5894416985828315484,62.0
5894416985828315484,78.0
5894416985828315484,62.0
5894416985828315484,73.0
5894416985828315484,67.0
5894416985828315484,61.0
5894416985828315484,65.0
5894416985828315484,94.0
5894416985828315484,80.0
5894416985828315484,61.0
5894416985828315484,61.0
5894416985828315484,85.0
5894416985828315484,60.0
5894416985828315484,75.0
5894416985828315484,111.0
1194579079287927665,138.0
1194579079287927665,84.0
1194579079287927665,101.0
1194579079287927665,109.0
1194579079287927665,142.0
1194579079287927665,113.0
1194579079287927665,128.0
1194579079287927665,135.0
1194579079287927665,99.0
1194579079287927665,89.0
1194579079287927665,128.0
1194579079287927665,134.0
1194579079287927665,125.0
1194579079287927665,114.0
1194579079287927665,104.0
1194579079287927665,105.0
1194579079287927665,121.0
1194579079287927665,99.0
1194579079287927665,111.0
1194579079287927665,112.0
1194579079287927665,103.0
1194579079287927665,126.0
1194579079287927665,125.0
1194579079287927665,129.0
1194579079287927665,83.0
1194579079287927665,135.0
1194579079287927665,84.0
1194579079287927665,88.0
1194579079287927665,103.0
1194579079287927665,108.0
1194579079287927665,121.0
1194579079287927665,109.0
1194579079287927665,97.0
1194579079287927665,116.0
1194579079287927665,117.0
1194579079287927665,141.0
1194579079287927665,106.0
1194579079287927665,104.0
1194579079287927665,98.0
1194579079287927665,94.0
1194579079287927665,102.0
1194579079287927665,103.0
1194579079287927665,129.0
1194579079287927665,142.0
1194579079287927665,77.0
1194579079287927665,91.0
1194579079287927665,115.0
1194579079287927665,100.0
1194579079287927665,126.0
1194579079287927665,133.0
1194579079287927665,100.0
1194579079287927665,108.0
1194579079287927665,101.0
1194579079287927665,124.0
1194579079287927665,116.0
1194579079287927665,100.0
1194579079287927665,124.0
1194579079287927665,99.0
1194579079287927665,105.0
1194579079287927665,101.0
1194579079287927665,131.0
1194579079287927665,141.0
1194579079287927665,111.0
1194579079287927665,117.0
1194579079287927665,80.0
1194579079287927665,104.0
1194579079287927665,105.0
1194579079287927665,134.0
1194579079287927665,131.0
1194579079287927665,88.0
1194579079287927665,107.0
1194579079287927665,108.0
1194579079287927665,131.0
1194579079287927665,106.0
1194579079287927665,96.0
1194579079287927665,102.0
1194579079287927665,109.0
1194579079287927665,125.0
1194579079287927665,142.0
1194579079287927665,93.0
1194579079287927665,97.0
1194579079287927665,98.0
1194579079287927665,143.0
1194579079287927665,123.0
1194579079287927665,116.0
1194579079287927665,117.0
1194579079287927665,94.0
1194579079287927665,110.0
1194579079287927665,127.0
1194579079287927665,75.0
1194579079287927665,102.0
1194579079287927665,112.0
1194579079287927665,126.0
1194579079287927665,128.0
1194579079287927665,112.0
1194579079287927665,100.0
1194579079287927665,124.0
1194579079287927665,109.0
1194579079287927665,112.0
1194579079287927665,110.0
1194579079287927665,107.0
1194579079287927665,131.0
1194579079287927665,129.0
1194579079287927665,90.0
1194579079287927665,133.0
1194579079287927665,102.0
1194579079287927665,103.0
1194579079287927665,107.0
1194579079287927665,125.0
1194579079287927665,76.0
1194579079287927665,84.0
1194579079287927665,99.0
1194579079287927665,136.0
1194579079287927665,126.0
1194579079287927665,99.0
1194579079287927665,127.0
1194579079287927665,109.0
1194579079287927665,88.0
1194579079287927665,87.0
1194579079287927665,101.0
1194579079287927665,98.0
1194579079287927665,102.0
1194579079287927665,106.0
1194579079287927665,103.0
1194579079287927665,71.0
1194579079287927665,94.0
1194579079287927665,138.0
1194579079287927665,106.0
1194579079287927665,104.0
1194579079287927665,111.0
1194579079287927665,101.0
1194579079287927665,96.0
1194579079287927665,113.0
1194579079287927665,121.0
1194579079287927665,87.0
1194579079287927665,108.0
1194579079287927665,126.0
1194579079287927665,105.0
1194579079287927665,100.0
1194579079287927665,101.0
1194579079287927665,85.0
1194579079287927665,118.0
1194579079287927665,123.0
1194579079287927665,106.0
1194579079287927665,119.0
1194579079287927665,94.0
1194579079287927665,97.0
1194579079287927665,130.0
1194579079287927665,98.0
1194579079287927665,100.0
1194579079287927665,102.0
1194579079287927665,104.0
1194579079287927665,80.0
1194579079287927665,110.0
1194579079287927665,98.0
1194579079287927665,110.0
1194579079287927665,104.0
1194579079287927665,103.0
1194579079287927665,128.0
1194579079287927665,130.0
1194579079287927665,105.0
1194579079287927665,128.0
1194579079287927665,78.0
1194579079287927665,148.0
1194579079287927665,94.0
1194579079287927665,106.0
1194579079287927665,97.0
1194579079287927665,103.0
1194579079287927665,134.0
1194579079287927665,105.0
1194579079287927665,109.0
1194579079287927665,141.0
1194579079287927665,132.0
1194579079287927665,85.0
1194579079287927665,94.0
1194579079287927665,109.0
1194579079287927665,133.0
1194579079287927665,132.0
1194579079287927665,102.0
1194579079287927665,135.0
1194579079287927665,91.0
1194579079287927665,127.0
1194579079287927665,104.0
1194579079287927665,114.0
1194579079287927665,107.0
1194579079287927665,100.0
1194579079287927665,101.0
1194579079287927665,142.0
1194579079287927665,126.0
1194579079287927665,120.0
1194579079287927665,101.0
1194579079287927665,99.0
1194579079287927665,105.0
1194579079287927665,80.0
1194579079287927665,95.0
1194579079287927665,89.0
1194579079287927665,99.0
1194579079287927665,126.0
1194579079287927665,123.0
1194579079287927665,103.0
1194579079287927665,105.0
1194579079287927665,124.0
1194579079287927665,105.0
1194579079287927665,132.0
1194579079287927665,112.0
1194579079287927665,129.0
1194579079287927665,100.0
1194579079287927665,99.0
1194579079287927665,107.0
1194579079287927665,98.0
1194579079287927665,115.0
1194579079287927665,107.0
1194579079287927665,101.0
1194579079287927665,88.0
1194579079287927665,108.0
1194579079287927665,78.0
1194579079287927665,86.0
1194579079287927665,103.0
1194579079287927665,129.0
1194579079287927665,118.0
1194579079287927665,102.0
1194579079287927665,125.0
1194579079287927665,106.0
1194579079287927665,108.0
1194579079287927665,124.0
1194579079287927665,131.0
1194579079287927665,82.0
1194579079287927665,102.0
1194579079287927665,129.0
1194579079287927665,88.0
-4353160957725823366,81.0
-4353160957725823366,80.0
-4353160957725823366,85.0
-4353160957725823366,90.0
-4353160957725823366,77.0
-4353160957725823366,81.0
-4353160957725823366,83.0
-4353160957725823366,73.0
-4353160957725823366,79.0
-4353160957725823366,75.0
-4353160957725823366,76.0
-4353160957725823366,91.0
-4353160957725823366,72.0
-4353160957725823366,83.0
-4353160957725823366,84.0
-4353160957725823366,94.0
-4353160957725823366,123.0
-4353160957725823366,83.0
-4353160957725823366,99.0
-4353160957725823366,74.0
-4353160957725823366,97.0
-4353160957725823366,88.0
-4353160957725823366,82.0
-4353160957725823366,77.0
-4353160957725823366,76.0
-4353160957725823366,75.0
-4353160957725823366,86.0
-4353160957725823366,73.0
-4353160957725823366,94.0
-4353160957725823366,84.0
-4353160957725823366,89.0
-4353160957725823366,91.0
-4353160957725823366,94.0
-4353160957725823366,78.0
-4353160957725823366,84.0
-4353160957725823366,86.0
-4353160957725823366,116.0
-4353160957725823366,82.0
-4353160957725823366,88.0
-4353160957725823366,76.0
-4353160957725823366,82.0
-4353160957725823366,116.0
-4353160957725823366,90.0
-4353160957725823366,70.0
-4353160957725823366,71.0
-4353160957725823366,77.0
-4353160957725823366,84.0
-4353160957725823366,76.0
-4353160957725823366,117.0
-4353160957725823366,65.0
-4353160957725823366,64.0
-4353160957725823366,82.0
-4353160957725823366,86.0
-4353160957725823366,80.0
-4353160957725823366,74.0
-4353160957725823366,80.0
-4353160957725823366,93.0
-4353160957725823366,89.0
-4353160957725823366,92.0
-4353160957725823366,85.0
-4353160957725823366,71.0
-4353160957725823366,85.0
-4353160957725823366,74.0
-4353160957725823366,75.0
-4353160957725823366,88.0
-4353160957725823366,88.0
-4353160957725823366,89.0
-4353160957725823366,82.0
-4353160957725823366,77.0
-4353160957725823366,80.0
-4353160957725823366,70.0
-4353160957725823366,86.0
-4353160957725823366,75.0
-4353160957725823366,128.0
-4353160957725823366,168.0
-4353160957725823366,88.0
-4353160957725823366,73.0
-4353160957725823366,97.0
-4353160957725823366,80.0
-4353160957725823366,76.0
-4353160957725823366,81.0
-4353160957725823366,77.0
-4353160957725823366,89.0
-4353160957725823366,66.0
-4353160957725823366,92.0
-4353160957725823366,83.0
-4353160957725823366,83.0
-4353160957725823366,100.0
-4353160957725823366,83.0
-4353160957725823366,72.0
-4353160957725823366,61.0
-4353160957725823366,75.0
-4353160957725823366,91.0
-4353160957725823366,80.0
-4353160957725823366,86.0
-4353160957725823366,81.0
-4353160957725823366,85.0
-4353160957725823366,70.0
-4353160957725823366,77.0
-4353160957725823366,91.0
-4353160957725823366,77.0
-4353160957725823366,77.0
-4353160957725823366,71.0
-4353160957725823366,75.0
-4353160957725823366,66.0
-4353160957725823366,74.0
-4353160957725823366,89.0
-4353160957725823366,83.0
-4353160957725823366,90.0
-4353160957725823366,86.0
-4353160957725823366,116.0
-4353160957725823366,80.0
-4353160957725823366,65.0
-4353160957725823366,120.0
-4353160957725823366,73.0
-4353160957725823366,82.0
-4353160957725823366,73.0
-4353160957725823366,91.0
-4353160957725823366,77.0
-4353160957725823366,72.0
-4353160957725823366,63.0
-4353160957725823366,113.0
-4353160957725823366,70.0
-4353160957725823366,86.0
-4353160957725823366,72.0
-4353160957725823366,78.0
-4353160957725823366,75.0
-4353160957725823366,106.0
-4353160957725823366,84.0
-4353160957725823366,87.0
-4353160957725823366,91.0
-4353160957725823366,88.0
-4353160957725823366,84.0
-4353160957725823366,84.0
-4353160957725823366,83.0
-4353160957725823366,115.0
-4353160957725823366,74.0
-4353160957725823366,79.0
-4353160957725823366,73.0
-4353160957725823366,92.0
-4353160957725823366,77.0
-4353160957725823366,85.0
-4353160957725823366,87.0
-4353160957725823366,83.0
-4353160957725823366,82.0
-4353160957725823366,86.0
-4353160957725823366,99.0
-4353160957725823366,85.0
-4353160957725823366,82.0
-4353160957725823366,85.0
-4353160957725823366,87.0
-4353160957725823366,83.0
-4353160957725823366,77.0
-4353160957725823366,100.0
-4353160957725823366,93.0
-4353160957725823366,77.0
-4353160957725823366,81.0
-4353160957725823366,68.0
-4353160957725823366,82.0
-4353160957725823366,78.0
-4353160957725823366,69.0
-4353160957725823366,92.0
-4353160957725823366,81.0
-4353160957725823366,81.0
-4353160957725823366,79.0
-4353160957725823366,68.0
-4353160957725823366,82.0
-4353160957725823366,88.0
-4353160957725823366,66.0
-4353160957725823366,100.0
-4353160957725823366,83.0
-4353160957725823366,87.0
-4353160957725823366,99.0
-4353160957725823366,71.0
-4353160957725823366,89.0
-4353160957725823366,67.0
-4353160957725823366,91.0
-4353160957725823366,92.0
-4353160957725823366,82.0
-4353160957725823366,80.0
-4353160957725823366,76.0
-4353160957725823366,70.0
-4353160957725823366,62.0
-4353160957725823366,70.0
-4353160957725823366,80.0
-4353160957725823366,76.0
-4353160957725823366,73.0
-4353160957725823366,76.0
-4353160957725823366,76.0
-4353160957725823366,75.0
-4353160957725823366,91.0
-4353160957725823366,85.0
-4353160957725823366,69.0
-4353160957725823366,73.0
-4353160957725823366,68.0
-4353160957725823366,69.0
-4353160957725823366,88.0
-4353160957725823366,111.0
-4353160957725823366,97.0
-4353160957725823366,68.0
-4353160957725823366,71.0
-4353160957725823366,90.0
-4353160957725823366,83.0
-4353160957725823366,93.0
-4353160957725823366,75.0
-4353160957725823366,92.0
-4353160957725823366,82.0
-4353160957725823366,89.0
-4353160957725823366,74.0
-4353160957725823366,80.0
-4353160957725823366,82.0
-4353160957725823366,89.0
-4353160957725823366,68.0
-4353160957725823366,90.0
-4353160957725823366,81.0
-4353160957725823366,67.0
-4353160957725823366,84.0
-4353160957725823366,78.0
-4353160957725823366,74.0
-4353160957725823366,114.0
-4353160957725823366,76.0
-4353160957725823366,74.0
-4353160957725823366,88.0
-4353160957725823366,80.0
-4353160957725823366,82.0
-4353160957725823366,71.0
-4353160957725823366,109.0
-4353160957725823366,98.0
-4353160957725823366,82.0
-4353160957725823366,88.0
-4353160957725823366,73.0
-4353160957725823366,77.0
-4353160957725823366,105.0
-4353160957725823366,99.0
-4353160957725823366,115.0
-4353160957725823366,63.0
-4353160957725823366,92.0
-4353160957725823366,88.0
-4353160957725823366,71.0
-4353160957725823366,102.0
-4353160957725823366,66.0
-4353160957725823366,79.0
-4353160957725823366,85.0
-4353160957725823366,64.0
-4353160957725823366,89.0
-4353160957725823366,93.0
-4353160957725823366,74.0
-4353160957725823366,86.0
-4353160957725823366,81.0
-4353160957725823366,66.0
-4353160957725823366,81.0
-4353160957725823366,85.0
-4353160957725823366,76.0
-4353160957725823366,96.0
-4353160957725823366,85.0
-4353160957725823366,76.0
-4353160957725823366,86.0
-4353160957725823366,82.0
-4353160957725823366,72.0
-4353160957725823366,77.0
-4353160957725823366,84.0
-4353160957725823366,82.0
-4353160957725823366,97.0
-4353160957725823366,88.0
-4353160957725823366,80.0
-4353160957725823366,94.0
-4353160957725823366,75.0
-4353160957725823366,82.0
-4353160957725823366,90.0
-4353160957725823366,73.0
-4353160957725823366,78.0
-4353160957725823366,85.0
-4353160957725823366,70.0
-4353160957725823366,89.0
-4353160957725823366,87.0
-4353160957725823366,62.0
-4353160957725823366,97.0
-4353160957725823366,93.0
-4353160957725823366,78.0
-4353160957725823366,105.0
-4353160957725823366,84.0
-4353160957725823366,87.0
-4353160957725823366,84.0
-4353160957725823366,125.0
-4353160957725823366,92.0
-4353160957725823366,105.0
-4353160957725823366,73.0
-4353160957725823366,78.0
-4353160957725823366,79.0
-4353160957725823366,77.0
-4353160957725823366,81.0
-4353160957725823366,103.0
-4353160957725823366,50.0
-4353160957725823366,86.0
-4353160957725823366,78.0
-4353160957725823366,89.0
-4353160957725823366,71.0
-4353160957725823366,83.0
-4353160957725823366,74.0
-4353160957725823366,78.0
-4353160957725823366,46.0
-4353160957725823366,74.0
-4353160957725823366,78.0
-4353160957725823366,74.0
-4353160957725823366,67.0
-4353160957725823366,104.0
-4353160957725823366,77.0
-4353160957725823366,94.0
-4353160957725823366,81.0
-4353160957725823366,71.0
-4353160957725823366,86.0
-4353160957725823366,84.0
-4353160957725823366,84.0
-4353160957725823366,70.0
-4353160957725823366,68.0
-4353160957725823366,114.0
-4353160957725823366,72.0
-4353160957725823366,84.0
-4353160957725823366,76.0
-4353160957725823366,86.0
-4353160957725823366,79.0
-4353160957725823366,90.0
-4353160957725823366,78.0
-4353160957725823366,82.0
-4353160957725823366,81.0
-4353160957725823366,70.0
-4353160957725823366,103.0
-4353160957725823366,106.0
-4353160957725823366,122.0
-4353160957725823366,82.0
-4353160957725823366,108.0
-4353160957725823366,80.0
-4353160957725823366,83.0
-4353160957725823366,85.0
-4353160957725823366,76.0
-4353160957725823366,73.0
-4353160957725823366,95.0
-4353160957725823366,79.0
-4353160957725823366,80.0
-4353160957725823366,83.0
-4353160957725823366,80.0
-4353160957725823366,67.0
-4353160957725823366,86.0
-4353160957725823366,83.0
-4353160957725823366,90.0
-4353160957725823366,91.0
-4353160957725823366,119.0
-4353160957725823366,91.0
-4353160957725823366,72.0
-4353160957725823366,70.0
-4353160957725823366,74.0
-4353160957725823366,79.0
-4353160957725823366,90.0
-4353160957725823366,101.0
-4353160957725823366,82.0
-4353160957725823366,73.0
-4353160957725823366,78.0
-4353160957725823366,77.0
-4353160957725823366,77.0
-4353160957725823366,92.0
-4353160957725823366,73.0
-4353160957725823366,81.0
-4353160957725823366,61.0
-4353160957725823366,90.0
-4353160957725823366,68.0
-4353160957725823366,80.0
-4353160957725823366,140.0
-4353160957725823366,72.0
-4353160957725823366,69.0
-4353160957725823366,82.0
-4353160957725823366,85.0
-4353160957725823366,87.0
-4353160957725823366,88.0
-4353160957725823366,139.0
-4353160957725823366,75.0
-4353160957725823366,89.0
-4353160957725823366,64.0
-4353160957725823366,108.0
-4353160957725823366,84.0
-4353160957725823366,77.0
-4353160957725823366,136.0
-4353160957725823366,123.0
-4353160957725823366,85.0
-4353160957725823366,74.0
-4353160957725823366,68.0
-4353160957725823366,107.0
-4353160957725823366,82.0
-4353160957725823366,125.0
-4353160957725823366,74.0
-4353160957725823366,69.0
-4353160957725823366,65.0
-4353160957725823366,80.0
-4353160957725823366,90.0
-4353160957725823366,119.0
-4353160957725823366,88.0
-4353160957725823366,83.0
-4353160957725823366,79.0
-4353160957725823366,85.0
-4353160957725823366,82.0
-4353160957725823366,144.0
-4353160957725823366,77.0
-4353160957725823366,86.0
-4353160957725823366,99.0
-4353160957725823366,76.0
-4353160957725823366,74.0
-4353160957725823366,77.0
-4353160957725823366,78.0
-4353160957725823366,95.0
-4353160957725823366,76.0
-4353160957725823366,76.0
-4353160957725823366,79.0
-4353160957725823366,72.0
-4353160957725823366,81.0
-4353160957725823366,86.0
-4353160957725823366,115.0
-4353160957725823366,94.0
-4353160957725823366,82.0
-4353160957725823366,86.0
-4353160957725823366,79.0
-4353160957725823366,68.0
-4353160957725823366,87.0
-4353160957725823366,78.0
-4353160957725823366,101.0
-4353160957725823366,76.0
-4353160957725823366,81.0
-4353160957725823366,87.0
-4353160957725823366,76.0
-4353160957725823366,88.0
-4353160957725823366,83.0
-4353160957725823366,75.0
-4353160957725823366,90.0
-4353160957725823366,74.0
-4353160957725823366,79.0
-4353160957725823366,86.0
-4353160957725823366,74.0
-4353160957725823366,93.0
-4353160957725823366,78.0
-4353160957725823366,69.0
-4353160957725823366,67.0
-4353160957725823366,75.0
-4353160957725823366,75.0
-4353160957725823366,79.0
-4353160957725823366,74.0
-4353160957725823366,76.0
-4353160957725823366,77.0
-4353160957725823366,121.0
-4353160957725823366,81.0
-4353160957725823366,83.0
-4353160957725823366,118.0
-4353160957725823366,88.0
-4353160957725823366,82.0
-4353160957725823366,67.0
-4353160957725823366,84.0
-4353160957725823366,81.0
-4353160957725823366,81.0
-4353160957725823366,79.0
-4353160957725823366,83.0
-4353160957725823366,88.0
-4353160957725823366,67.0
-4353160957725823366,87.0
-4353160957725823366,72.0
-4353160957725823366,99.0
-4353160957725823366,86.0
-4353160957725823366,97.0
-4353160957725823366,121.0
-4353160957725823366,80.0
-4353160957725823366,67.0
-4353160957725823366,72.0
-4353160957725823366,77.0
-4353160957725823366,90.0
-4353160957725823366,73.0
-4353160957725823366,74.0
-4353160957725823366,74.0
-4353160957725823366,65.0
-4353160957725823366,77.0
-4353160957725823366,84.0
-4353160957725823366,74.0
-4353160957725823366,115.0
-4353160957725823366,86.0
-4353160957725823366,88.0
-4353160957725823366,82.0
-4353160957725823366,83.0
-4353160957725823366,78.0
-4353160957725823366,89.0
-4353160957725823366,77.0
-4353160957725823366,84.0
-4353160957725823366,85.0
-4353160957725823366,90.0
-4353160957725823366,82.0
-4353160957725823366,79.0
-4353160957725823366,81.0
-4353160957725823366,82.0
-4353160957725823366,76.0
-4353160957725823366,86.0
-4353160957725823366,85.0
-4353160957725823366,83.0
-4353160957725823366,67.0
-4353160957725823366,70.0
-4353160957725823366,83.0
-4353160957725823366,89.0
-4353160957725823366,86.0
-4353160957725823366,84.0
-4353160957725823366,83.0
-4353160957725823366,64.0
-4353160957725823366,78.0
-4353160957725823366,80.0
-4353160957725823366,86.0
-4353160957725823366,83.0
-4353160957725823366,85.0
-4353160957725823366,77.0
-4353160957725823366,104.0
-4353160957725823366,95.0
-4353160957725823366,64.0
-4353160957725823366,73.0
-4353160957725823366,78.0
-4353160957725823366,62.0
-4353160957725823366,88.0
-4353160957725823366,71.0
-4353160957725823366,85.0
-4353160957725823366,77.0
-4353160957725823366,81.0
579254014084392336,130.0
579254014084392336,91.0
579254014084392336,86.0
579254014084392336,90.0
579254014084392336,103.0
579254014084392336,100.0
579254014084392336,60.0
579254014084392336,83.0
579254014084392336,93.0
579254014084392336,121.0
579254014084392336,97.0
579254014084392336,95.0
579254014084392336,116.0
579254014084392336,81.0
579254014084392336,117.0
579254014084392336,122.0
579254014084392336,126.0
579254014084392336,127.0
579254014084392336,116.0
579254014084392336,98.0
579254014084392336,92.0
579254014084392336,80.0
579254014084392336,106.0
579254014084392336,110.0
579254014084392336,40.0
579254014084392336,90.0
579254014084392336,132.0
579254014084392336,118.0
579254014084392336,93.0
579254014084392336,86.0
579254014084392336,84.0
579254014084392336,94.0
579254014084392336,113.0
579254014084392336,119.0
579254014084392336,73.0
579254014084392336,94.0
579254014084392336,84.0
579254014084392336,122.0
579254014084392336,81.0
579254014084392336,115.0
579254014084392336,132.0
579254014084392336,79.0
579254014084392336,73.0
579254014084392336,89.0
579254014084392336,114.0
579254014084392336,143.0
579254014084392336,84.0
579254014084392336,104.0
579254014084392336,78.0
579254014084392336,81.0
579254014084392336,122.0
579254014084392336,87.0
579254014084392336,80.0
579254014084392336,140.0
579254014084392336,95.0
579254014084392336,94.0
579254014084392336,81.0
579254014084392336,90.0
579254014084392336,96.0
579254014084392336,132.0
579254014084392336,101.0
579254014084392336,87.0
579254014084392336,91.0
579254014084392336,87.0
579254014084392336,89.0
579254014084392336,124.0
579254014084392336,134.0
579254014084392336,100.0
579254014084392336,40.0
579254014084392336,92.0
579254014084392336,86.0
579254014084392336,80.0
579254014084392336,94.0
579254014084392336,86.0
579254014084392336,81.0
579254014084392336,111.0
579254014084392336,82.0
579254014084392336,102.0
579254014084392336,83.0
579254014084392336,95.0
579254014084392336,82.0
579254014084392336,116.0
579254014084392336,94.0
579254014084392336,120.0
579254014084392336,89.0
579254014084392336,104.0
579254014084392336,127.0
579254014084392336,99.0
579254014084392336,96.0
579254014084392336,95.0
579254014084392336,115.0
579254014084392336,104.0
579254014084392336,92.0
579254014084392336,123.0
579254014084392336,85.0
579254014084392336,93.0
579254014084392336,91.0
579254014084392336,121.0
579254014084392336,125.0
579254014084392336,131.0
579254014084392336,82.0
579254014084392336,123.0
579254014084392336,92.0
579254014084392336,109.0
579254014084392336,64.0
579254014084392336,100.0
579254014084392336,94.0
579254014084392336,90.0
579254014084392336,121.0
579254014084392336,98.0
579254014084392336,76.0
579254014084392336,88.0
579254014084392336,102.0
579254014084392336,113.0
579254014084392336,115.0
579254014084392336,95.0
579254014084392336,113.0
579254014084392336,107.0
579254014084392336,82.0
579254014084392336,89.0
579254014084392336,85.0
579254014084392336,95.0
579254014084392336,99.0
579254014084392336,98.0
579254014084392336,119.0
579254014084392336,89.0
579254014084392336,89.0
579254014084392336,115.0
579254014084392336,93.0
579254014084392336,81.0
579254014084392336,93.0
579254014084392336,110.0
579254014084392336,105.0
579254014084392336,75.0
579254014084392336,92.0
579254014084392336,152.0
579254014084392336,118.0
579254014084392336,120.0
579254014084392336,105.0
579254014084392336,84.0
579254014084392336,101.0
579254014084392336,94.0
579254014084392336,123.0
579254014084392336,120.0
579254014084392336,80.0
579254014084392336,100.0
579254014084392336,115.0
579254014084392336,90.0
579254014084392336,88.0
579254014084392336,124.0
579254014084392336,96.0
579254014084392336,81.0
579254014084392336,90.0
579254014084392336,92.0
579254014084392336,79.0
579254014084392336,107.0
579254014084392336,96.0
579254014084392336,113.0
579254014084392336,109.0
579254014084392336,105.0
579254014084392336,81.0
579254014084392336,158.0
579254014084392336,91.0
579254014084392336,151.0
579254014084392336,90.0
579254014084392336,78.0
579254014084392336,80.0
579254014084392336,137.0
579254014084392336,104.0
579254014084392336,87.0
579254014084392336,90.0
579254014084392336,96.0
579254014084392336,101.0
579254014084392336,84.0
579254014084392336,126.0
579254014084392336,74.0
579254014084392336,105.0
579254014084392336,92.0
579254014084392336,123.0
579254014084392336,82.0
579254014084392336,124.0
579254014084392336,76.0
579254014084392336,111.0
579254014084392336,88.0
579254014084392336,80.0
579254014084392336,76.0
579254014084392336,122.0
579254014084392336,73.0
579254014084392336,110.0
579254014084392336,126.0
579254014084392336,124.0
579254014084392336,126.0
579254014084392336,109.0
579254014084392336,77.0
579254014084392336,130.0
579254014084392336,101.0
579254014084392336,85.0
579254014084392336,82.0
579254014084392336,82.0
579254014084392336,105.0
579254014084392336,74.0
579254014084392336,130.0
579254014084392336,107.0
579254014084392336,94.0
579254014084392336,120.0
579254014084392336,81.0
579254014084392336,152.0
579254014084392336,102.0
579254014084392336,77.0
579254014084392336,88.0
579254014084392336,105.0
579254014084392336,94.0
579254014084392336,102.0
579254014084392336,72.0
579254014084392336,113.0
579254014084392336,158.0
579254014084392336,84.0
579254014084392336,102.0
579254014084392336,97.0
579254014084392336,98.0
579254014084392336,89.0
579254014084392336,85.0
579254014084392336,85.0
579254014084392336,86.0
579254014084392336,88.0
579254014084392336,126.0
579254014084392336,91.0
579254014084392336,97.0
579254014084392336,88.0
579254014084392336,123.0
579254014084392336,117.0
579254014084392336,85.0
579254014084392336,76.0
579254014084392336,95.0
579254014084392336,94.0
579254014084392336,98.0
579254014084392336,119.0
579254014084392336,108.0
579254014084392336,93.0
579254014084392336,105.0
579254014084392336,90.0
579254014084392336,79.0
579254014084392336,87.0
579254014084392336,88.0
579254014084392336,46.0
579254014084392336,93.0
579254014084392336,84.0
579254014084392336,93.0
579254014084392336,113.0
579254014084392336,74.0
579254014084392336,125.0
579254014084392336,102.0
579254014084392336,87.0
4352191084057402257,80.0
4352191084057402257,81.0
4352191084057402257,86.0
4352191084057402257,90.0
4352191084057402257,98.0
4352191084057402257,93.0
4352191084057402257,85.0
4352191084057402257,88.0
4352191084057402257,88.0
4352191084057402257,89.0
4352191084057402257,119.0
4352191084057402257,82.0
4352191084057402257,73.0
4352191084057402257,84.0
4352191084057402257,82.0
4352191084057402257,118.0
4352191084057402257,99.0
4352191084057402257,82.0
4352191084057402257,85.0
4352191084057402257,109.0
4352191084057402257,93.0
4352191084057402257,87.0
4352191084057402257,65.0
4352191084057402257,103.0
4352191084057402257,65.0
4352191084057402257,72.0
4352191084057402257,120.0
4352191084057402257,85.0
4352191084057402257,80.0
4352191084057402257,75.0
4352191084057402257,119.0
4352191084057402257,110.0
4352191084057402257,104.0
4352191084057402257,96.0
4352191084057402257,91.0
4352191084057402257,62.0
4352191084057402257,79.0
4352191084057402257,80.0
4352191084057402257,85.0
4352191084057402257,73.0
4352191084057402257,69.0
4352191084057402257,82.0
4352191084057402257,88.0
4352191084057402257,74.0
4352191084057402257,87.0
4352191084057402257,88.0
4352191084057402257,80.0
4352191084057402257,86.0
4352191084057402257,84.0
4352191084057402257,63.0
4352191084057402257,88.0
4352191084057402257,74.0
4352191084057402257,141.0
4352191084057402257,77.0
4352191084057402257,82.0
4352191084057402257,82.0
4352191084057402257,86.0
4352191084057402257,82.0
4352191084057402257,64.0
4352191084057402257,81.0
4352191084057402257,124.0
4352191084057402257,85.0
4352191084057402257,110.0
4352191084057402257,84.0
4352191084057402257,73.0
4352191084057402257,83.0
4352191084057402257,86.0
4352191084057402257,73.0
4352191084057402257,63.0
4352191084057402257,79.0
4352191084057402257,76.0
4352191084057402257,83.0
4352191084057402257,80.0
4352191084057402257,116.0
4352191084057402257,140.0
4352191084057402257,72.0
4352191084057402257,80.0
4352191084057402257,122.0
4352191084057402257,71.0
4352191084057402257,71.0
4352191084057402257,114.0
4352191084057402257,115.0
4352191084057402257,86.0
4352191084057402257,84.0
4352191084057402257,76.0
4352191084057402257,96.0
4352191084057402257,85.0
4352191084057402257,92.0
4352191084057402257,74.0
4352191084057402257,75.0
4352191084057402257,127.0
4352191084057402257,82.0
4352191084057402257,73.0
4352191084057402257,69.0
4352191084057402257,63.0
4352191084057402257,83.0
4352191084057402257,91.0
4352191084057402257,66.0
4352191084057402257,86.0
4352191084057402257,74.0
4352191084057402257,78.0
4352191084057402257,78.0
4352191084057402257,67.0
4352191084057402257,68.0
4352191084057402257,81.0
4352191084057402257,84.0
4352191084057402257,143.0
4352191084057402257,86.0
4352191084057402257,90.0
4352191084057402257,63.0
4352191084057402257,76.0
4352191084057402257,66.0
4352191084057402257,82.0
4352191084057402257,102.0
4352191084057402257,113.0
4352191084057402257,71.0
4352191084057402257,82.0
4352191084057402257,76.0
4352191084057402257,83.0
4352191084057402257,132.0
4352191084057402257,83.0
4352191084057402257,135.0
4352191084057402257,79.0
4352191084057402257,78.0
4352191084057402257,78.0
4352191084057402257,82.0
4352191084057402257,92.0
4352191084057402257,76.0
4352191084057402257,87.0
4352191084057402257,92.0
4352191084057402257,119.0
4352191084057402257,107.0
4352191084057402257,129.0
4352191084057402257,85.0
4352191084057402257,78.0
4352191084057402257,118.0
4352191084057402257,80.0
4352191084057402257,91.0
4352191084057402257,81.0
4352191084057402257,77.0
4352191084057402257,86.0
4352191084057402257,63.0
4352191084057402257,80.0
4352191084057402257,74.0
4352191084057402257,85.0
4352191084057402257,105.0
4352191084057402257,98.0
4352191084057402257,71.0
4352191084057402257,129.0
4352191084057402257,78.0
4352191084057402257,74.0
4352191084057402257,112.0
4352191084057402257,133.0
4352191084057402257,92.0
4352191084057402257,99.0
4352191084057402257,93.0
4352191084057402257,83.0
4352191084057402257,79.0
4352191084057402257,64.0
4352191084057402257,93.0
4352191084057402257,77.0
4352191084057402257,87.0
4352191084057402257,72.0
4352191084057402257,86.0
4352191084057402257,74.0
4352191084057402257,82.0
4352191084057402257,69.0
4352191084057402257,79.0
4352191084057402257,92.0
4352191084057402257,112.0
4352191084057402257,81.0
4352191084057402257,94.0
4352191084057402257,160.0
4352191084057402257,116.0
4352191084057402257,82.0
4352191084057402257,91.0
4352191084057402257,80.0
4352191084057402257,104.0
4352191084057402257,94.0
4352191084057402257,99.0
4352191084057402257,97.0
4352191084057402257,78.0
4352191084057402257,89.0
4352191084057402257,76.0
4352191084057402257,109.0
4352191084057402257,75.0
4352191084057402257,103.0
4352191084057402257,90.0
4352191084057402257,73.0
4352191084057402257,80.0
4352191084057402257,82.0
4352191084057402257,87.0
4352191084057402257,100.0
4352191084057402257,91.0
4352191084057402257,74.0
4352191084057402257,87.0
4352191084057402257,103.0
4352191084057402257,126.0
4352191084057402257,85.0
4352191084057402257,109.0
4352191084057402257,75.0
4352191084057402257,69.0
4352191084057402257,76.0
4352191084057402257,74.0
4352191084057402257,61.0
4352191084057402257,88.0
4352191084057402257,81.0
4352191084057402257,91.0
4352191084057402257,71.0
4352191084057402257,83.0
4352191084057402257,79.0
4352191084057402257,85.0
4352191084057402257,85.0
4352191084057402257,117.0
4352191084057402257,83.0
4352191084057402257,80.0
4352191084057402257,86.0
4352191084057402257,143.0
4352191084057402257,68.0
4352191084057402257,90.0
4352191084057402257,111.0
4352191084057402257,76.0
4352191084057402257,81.0
4352191084057402257,79.0
4352191084057402257,68.0
4352191084057402257,75.0
4352191084057402257,70.0
4352191084057402257,86.0
4352191084057402257,80.0
4352191084057402257,85.0
4352191084057402257,66.0
4352191084057402257,87.0
4352191084057402257,79.0
4352191084057402257,114.0
4352191084057402257,103.0
4352191084057402257,82.0
4352191084057402257,80.0
4352191084057402257,143.0
4352191084057402257,81.0
4352191084057402257,114.0
4352191084057402257,73.0
4352191084057402257,74.0
4352191084057402257,74.0
4352191084057402257,83.0
4352191084057402257,80.0
4352191084057402257,83.0
4352191084057402257,86.0
4352191084057402257,83.0
4352191084057402257,87.0
4352191084057402257,89.0
4352191084057402257,94.0
4352191084057402257,87.0
4352191084057402257,122.0
4352191084057402257,76.0
4352191084057402257,120.0
4352191084057402257,81.0
4352191084057402257,63.0
4352191084057402257,84.0
4352191084057402257,72.0
4352191084057402257,93.0
4352191084057402257,105.0
4352191084057402257,99.0
4352191084057402257,75.0
4352191084057402257,76.0
4352191084057402257,102.0
4352191084057402257,84.0
4352191084057402257,101.0
4352191084057402257,75.0
4352191084057402257,101.0
4352191084057402257,84.0
4352191084057402257,83.0
4352191084057402257,75.0
4352191084057402257,109.0
4352191084057402257,82.0
4352191084057402257,90.0
4352191084057402257,100.0
4352191084057402257,86.0
4352191084057402257,84.0
4352191084057402257,110.0
4352191084057402257,101.0
4352191084057402257,155.0
4352191084057402257,79.0
4352191084057402257,134.0
4352191084057402257,83.0
4352191084057402257,71.0
4352191084057402257,75.0
4352191084057402257,76.0
4352191084057402257,140.0
4352191084057402257,131.0
4352191084057402257,109.0
4352191084057402257,87.0
4352191084057402257,89.0
4352191084057402257,81.0
4352191084057402257,121.0
4352191084057402257,84.0
4352191084057402257,85.0
4352191084057402257,79.0
4352191084057402257,108.0
4352191084057402257,88.0
4352191084057402257,82.0
4352191084057402257,71.0
4352191084057402257,70.0
4352191084057402257,90.0
4352191084057402257,97.0
4352191084057402257,87.0
4352191084057402257,72.0
4352191084057402257,93.0
4352191084057402257,82.0
4352191084057402257,100.0
4352191084057402257,81.0
4352191084057402257,86.0
4352191084057402257,83.0
4352191084057402257,71.0
4352191084057402257,106.0
4352191084057402257,85.0
4352191084057402257,79.0
4352191084057402257,85.0
4352191084057402257,80.0
4352191084057402257,89.0
4352191084057402257,72.0
4352191084057402257,75.0
4352191084057402257,103.0
4352191084057402257,128.0
4352191084057402257,87.0
4352191084057402257,93.0
4352191084057402257,73.0
4352191084057402257,101.0
4352191084057402257,95.0
4352191084057402257,79.0
4352191084057402257,89.0
4352191084057402257,80.0
4352191084057402257,77.0
4352191084057402257,80.0
4352191084057402257,67.0
4352191084057402257,102.0
4352191084057402257,83.0
4352191084057402257,67.0
4352191084057402257,72.0
4352191084057402257,60.0
4352191084057402257,73.0
4352191084057402257,133.0
4352191084057402257,71.0
4352191084057402257,93.0
4352191084057402257,77.0
4352191084057402257,135.0
4352191084057402257,133.0
4352191084057402257,82.0
4352191084057402257,80.0
4352191084057402257,83.0
4352191084057402257,61.0
4352191084057402257,79.0
4352191084057402257,82.0
4352191084057402257,91.0
4352191084057402257,71.0
4352191084057402257,152.0
4352191084057402257,81.0
4352191084057402257,65.0
4352191084057402257,98.0
4352191084057402257,74.0
4352191084057402257,74.0
4352191084057402257,80.0
4352191084057402257,92.0
4352191084057402257,85.0
4352191084057402257,80.0
4352191084057402257,100.0
4352191084057402257,63.0
4352191084057402257,89.0
4352191084057402257,91.0
4352191084057402257,116.0
4352191084057402257,84.0
4352191084057402257,80.0
4352191084057402257,84.0
4352191084057402257,93.0
4352191084057402257,91.0
4352191084057402257,82.0
4352191084057402257,87.0
4352191084057402257,73.0
4352191084057402257,87.0
4352191084057402257,116.0
4352191084057402257,119.0
4352191084057402257,107.0
4352191084057402257,70.0
4352191084057402257,128.0
4352191084057402257,75.0
4352191084057402257,94.0
4352191084057402257,94.0
4352191084057402257,77.0
4352191084057402257,81.0
4352191084057402257,76.0
4352191084057402257,74.0
4352191084057402257,69.0
4352191084057402257,116.0
4352191084057402257,72.0
4352191084057402257,93.0
4352191084057402257,85.0
4352191084057402257,117.0
4352191084057402257,87.0
4352191084057402257,91.0
4352191084057402257,84.0
4352191084057402257,76.0
4352191084057402257,80.0
4352191084057402257,78.0
4352191084057402257,87.0
4352191084057402257,102.0
4352191084057402257,86.0
4352191084057402257,86.0
4352191084057402257,107.0
4352191084057402257,81.0
4352191084057402257,79.0
4352191084057402257,87.0
4352191084057402257,75.0
4352191084057402257,81.0
4352191084057402257,66.0
4352191084057402257,153.0
4352191084057402257,85.0
4352191084057402257,75.0
4352191084057402257,81.0
4352191084057402257,119.0
4352191084057402257,70.0
4352191084057402257,80.0
4352191084057402257,116.0
4352191084057402257,103.0
4352191084057402257,77.0
4352191084057402257,81.0
4352191084057402257,62.0
4352191084057402257,92.0
4352191084057402257,85.0
4352191084057402257,136.0
4352191084057402257,67.0
4352191084057402257,113.0
4352191084057402257,90.0
4352191084057402257,74.0
4352191084057402257,121.0
4352191084057402257,85.0
4352191084057402257,86.0
4352191084057402257,87.0
4352191084057402257,92.0
4352191084057402257,91.0
4352191084057402257,96.0
4352191084057402257,104.0
4352191084057402257,132.0
4352191084057402257,69.0
4352191084057402257,116.0
4352191084057402257,96.0
4352191084057402257,83.0
4352191084057402257,98.0
4352191084057402257,87.0
4352191084057402257,67.0
4352191084057402257,74.0
4352191084057402257,71.0
4352191084057402257,137.0
4352191084057402257,67.0
4352191084057402257,82.0
4352191084057402257,75.0
4352191084057402257,84.0
4352191084057402257,89.0
4352191084057402257,89.0
4352191084057402257,81.0
4352191084057402257,77.0
4352191084057402257,80.0
4352191084057402257,82.0
4352191084057402257,90.0
4352191084057402257,72.0
4352191084057402257,81.0
4352191084057402257,94.0
4352191084057402257,114.0
4352191084057402257,88.0
4352191084057402257,98.0
4352191084057402257,85.0
4352191084057402257,59.0
4352191084057402257,94.0
4352191084057402257,98.0
4352191084057402257,86.0
4352191084057402257,84.0
4352191084057402257,118.0
4352191084057402257,81.0
4352191084057402257,76.0
4352191084057402257,79.0
4352191084057402257,101.0
4352191084057402257,84.0
4352191084057402257,83.0
4352191084057402257,102.0
4352191084057402257,84.0
4352191084057402257,76.0
4352191084057402257,65.0
4352191084057402257,78.0
4352191084057402257,74.0
4352191084057402257,133.0
4352191084057402257,92.0
4352191084057402257,72.0
4352191084057402257,122.0
4352191084057402257,73.0
4352191084057402257,114.0
4352191084057402257,92.0
4352191084057402257,79.0
4352191084057402257,112.0
4352191084057402257,74.0
4352191084057402257,132.0
4352191084057402257,83.0
4352191084057402257,135.0
4352191084057402257,97.0
4352191084057402257,68.0
4352191084057402257,121.0
4352191084057402257,66.0
4352191084057402257,62.0
4352191084057402257,74.0
4352191084057402257,90.0
4352191084057402257,84.0
4352191084057402257,130.0
4352191084057402257,86.0
4352191084057402257,73.0
4352191084057402257,73.0
4352191084057402257,80.0
4352191084057402257,109.0
4352191084057402257,105.0
4352191084057402257,89.0
4352191084057402257,86.0
4352191084057402257,140.0
4352191084057402257,103.0
4352191084057402257,153.0
4352191084057402257,132.0
4352191084057402257,100.0
4352191084057402257,85.0
4352191084057402257,70.0
4352191084057402257,97.0
4352191084057402257,78.0
-3908355835367628651,97.0
-3908355835367628651,89.0
-3908355835367628651,127.0
-3908355835367628651,116.0
-3908355835367628651,110.0
-3908355835367628651,122.0
-3908355835367628651,117.0
-3908355835367628651,107.0
-3908355835367628651,83.0
-3908355835367628651,80.0
-3908355835367628651,87.0
-3908355835367628651,91.0
-3908355835367628651,98.0
-3908355835367628651,125.0
-3908355835367628651,118.0
-3908355835367628651,105.0
-3908355835367628651,106.0
-3908355835367628651,113.0
-3908355835367628651,125.0
-3908355835367628651,103.0
-3908355835367628651,114.0
-3908355835367628651,95.0
-3908355835367628651,102.0
-3908355835367628651,126.0
-3908355835367628651,118.0
-3908355835367628651,77.0
-3908355835367628651,111.0
-3908355835367628651,101.0
-3908355835367628651,88.0
-3908355835367628651,141.0
-3908355835367628651,113.0
-3908355835367628651,116.0
-3908355835367628651,101.0
-3908355835367628651,102.0
-3908355835367628651,119.0
-3908355835367628651,112.0
-3908355835367628651,114.0
-3908355835367628651,123.0
-3908355835367628651,96.0
-3908355835367628651,124.0
-3908355835367628651,115.0
-3908355835367628651,99.0
-3908355835367628651,114.0
-3908355835367628651,85.0
-3908355835367628651,104.0
-3908355835367628651,105.0
-3908355835367628651,117.0
-3908355835367628651,106.0
-3908355835367628651,117.0
-3908355835367628651,120.0
-3908355835367628651,117.0
-3908355835367628651,100.0
-3908355835367628651,105.0
-3908355835367628651,114.0
-3908355835367628651,101.0
-3908355835367628651,98.0
-3908355835367628651,115.0
-3908355835367628651,90.0
-3908355835367628651,138.0
-3908355835367628651,93.0
-3908355835367628651,91.0
-3908355835367628651,103.0
-3908355835367628651,142.0
-3908355835367628651,101.0
-3908355835367628651,149.0
-3908355835367628651,108.0
-3908355835367628651,116.0
-3908355835367628651,131.0
-3908355835367628651,137.0
-3908355835367628651,117.0
-3908355835367628651,112.0
-3908355835367628651,120.0
-3908355835367628651,98.0
-3908355835367628651,114.0
-3908355835367628651,105.0
-3908355835367628651,118.0
-3908355835367628651,122.0
-3908355835367628651,107.0
-3908355835367628651,106.0
-3908355835367628651,106.0
-3908355835367628651,114.0
-3908355835367628651,110.0
-3908355835367628651,88.0
-3908355835367628651,84.0
-3908355835367628651,83.0
-3908355835367628651,102.0
-3908355835367628651,83.0
-3908355835367628651,111.0
-3908355835367628651,109.0
-3908355835367628651,113.0
-3908355835367628651,118.0
-3908355835367628651,106.0
-3908355835367628651,131.0
-3908355835367628651,123.0
-3908355835367628651,114.0
-3908355835367628651,115.0
-3908355835367628651,132.0
-3908355835367628651,99.0
-3908355835367628651,109.0
-3908355835367628651,134.0
-3908355835367628651,96.0
-3908355835367628651,89.0
-3908355835367628651,109.0
-3908355835367628651,109.0
-3908355835367628651,121.0
-3908355835367628651,100.0
-3908355835367628651,109.0
-3908355835367628651,105.0
-3908355835367628651,110.0
-3908355835367628651,112.0
-3908355835367628651,112.0
-3908355835367628651,97.0
-3908355835367628651,83.0
-3908355835367628651,82.0
-3908355835367628651,91.0
-3908355835367628651,130.0
-3908355835367628651,104.0
-3908355835367628651,102.0
-3908355835367628651,93.0
-3908355835367628651,136.0
-3908355835367628651,101.0
-3908355835367628651,108.0
-3908355835367628651,125.0
-3908355835367628651,115.0
-3908355835367628651,100.0
-3908355835367628651,111.0
-3908355835367628651,78.0
-3908355835367628651,83.0
-3908355835367628651,115.0
-3908355835367628651,132.0
-3908355835367628651,109.0
-3908355835367628651,82.0
-3908355835367628651,120.0
-3908355835367628651,100.0
-3908355835367628651,129.0
-3908355835367628651,102.0
-3908355835367628651,101.0
-3908355835367628651,109.0
-3908355835367628651,94.0
-3908355835367628651,88.0
-3908355835367628651,96.0
-3908355835367628651,93.0
-3908355835367628651,103.0
-3908355835367628651,117.0
-3908355835367628651,119.0
-3908355835367628651,118.0
-3908355835367628651,117.0
-3908355835367628651,103.0
-3908355835367628651,117.0
-3908355835367628651,110.0
-3908355835367628651,115.0
-3908355835367628651,120.0
-3908355835367628651,85.0
-3908355835367628651,103.0
-3908355835367628651,87.0
-3908355835367628651,86.0
-3908355835367628651,99.0
-3908355835367628651,109.0
-3908355835367628651,117.0
-3908355835367628651,122.0
-3908355835367628651,100.0
-3908355835367628651,135.0
-3908355835367628651,86.0
-3908355835367628651,85.0
-3908355835367628651,91.0
-3908355835367628651,111.0
-3908355835367628651,121.0
-3908355835367628651,131.0
-3908355835367628651,118.0
-3908355835367628651,123.0
-3908355835367628651,107.0
-3908355835367628651,117.0
-3908355835367628651,125.0
-3908355835367628651,125.0
-3908355835367628651,120.0
-3908355835367628651,130.0
-3908355835367628651,79.0
-3908355835367628651,110.0
-3908355835367628651,112.0
-3908355835367628651,120.0
-3908355835367628651,92.0
-3908355835367628651,113.0
-3908355835367628651,101.0
-3908355835367628651,112.0
-3908355835367628651,105.0
-3908355835367628651,115.0
-3908355835367628651,99.0
-3908355835367628651,100.0
-3908355835367628651,119.0
-3908355835367628651,95.0
-3908355835367628651,106.0
-3908355835367628651,118.0
-3908355835367628651,122.0
-3908355835367628651,104.0
-3908355835367628651,100.0
-3908355835367628651,120.0
-3908355835367628651,117.0
-3908355835367628651,115.0
-3908355835367628651,107.0
-3908355835367628651,107.0
-3908355835367628651,118.0
-3908355835367628651,124.0
-3908355835367628651,104.0
-3908355835367628651,84.0
-3908355835367628651,85.0
-3908355835367628651,123.0
-3908355835367628651,76.0
-3908355835367628651,119.0
-3908355835367628651,120.0
-3908355835367628651,100.0
-3908355835367628651,98.0
-3908355835367628651,92.0
-3908355835367628651,156.0
-3908355835367628651,86.0
-3908355835367628651,100.0
-3908355835367628651,135.0
-3908355835367628651,130.0
-3908355835367628651,123.0
-3908355835367628651,111.0
-3908355835367628651,108.0
-3908355835367628651,125.0
-3908355835367628651,122.0
-3908355835367628651,85.0
-3908355835367628651,141.0
-3908355835367628651,89.0
-3908355835367628651,116.0
-3908355835367628651,124.0
-3908355835367628651,108.0
-3908355835367628651,119.0
-3908355835367628651,96.0
-3908355835367628651,91.0
-3908355835367628651,93.0
-3908355835367628651,95.0
-3908355835367628651,103.0
-3908355835367628651,97.0
-3908355835367628651,85.0
-3908355835367628651,132.0
-3908355835367628651,122.0
-3908355835367628651,119.0
-3908355835367628651,115.0
-3908355835367628651,109.0
-3908355835367628651,97.0
-3908355835367628651,123.0
-3908355835367628651,118.0
-3908355835367628651,102.0
-3908355835367628651,80.0
-3908355835367628651,86.0
-3908355835367628651,120.0
-3908355835367628651,126.0
-3908355835367628651,111.0
-3908355835367628651,112.0
-3908355835367628651,108.0
-3908355835367628651,138.0
-3908355835367628651,128.0
-3908355835367628651,112.0
-3908355835367628651,113.0
-3908355835367628651,129.0
-3908355835367628651,106.0
-3908355835367628651,105.0
-3908355835367628651,97.0
-3908355835367628651,108.0
-3908355835367628651,137.0
-3908355835367628651,93.0
-3908355835367628651,107.0
-3908355835367628651,94.0
-3908355835367628651,130.0
-3908355835367628651,116.0
-3908355835367628651,109.0
-3908355835367628651,96.0
-3908355835367628651,118.0
-3908355835367628651,110.0
-3908355835367628651,86.0
-3908355835367628651,97.0
-3908355835367628651,90.0
-3908355835367628651,104.0
-3908355835367628651,86.0
-3908355835367628651,108.0
-3908355835367628651,110.0
-3908355835367628651,115.0
-3908355835367628651,96.0
-3908355835367628651,107.0
-3908355835367628651,114.0
-3908355835367628651,112.0
-3908355835367628651,99.0
-3908355835367628651,115.0
-3908355835367628651,140.0
-3908355835367628651,121.0
-3908355835367628651,85.0
-3908355835367628651,127.0
-3908355835367628651,109.0
-3908355835367628651,108.0
-3908355835367628651,104.0
-3908355835367628651,114.0
-3908355835367628651,99.0
-3908355835367628651,124.0
-3908355835367628651,148.0
-3908355835367628651,83.0
-3908355835367628651,128.0
-3908355835367628651,125.0
-3908355835367628651,100.0
-3908355835367628651,107.0
-3908355835367628651,123.0
-3908355835367628651,102.0
-3908355835367628651,136.0
-3908355835367628651,104.0
-3908355835367628651,120.0
-3908355835367628651,106.0
-3908355835367628651,88.0
-3908355835367628651,110.0
-3908355835367628651,120.0
-3908355835367628651,94.0
-3908355835367628651,104.0
-3908355835367628651,87.0
-3908355835367628651,96.0
-3908355835367628651,113.0
-3908355835367628651,140.0
-3908355835367628651,101.0
-3908355835367628651,93.0
-3908355835367628651,113.0
-3908355835367628651,118.0
-3908355835367628651,98.0
-3908355835367628651,133.0
-3908355835367628651,111.0
-3908355835367628651,98.0
-3908355835367628651,89.0
-3908355835367628651,98.0
-3908355835367628651,112.0
-3908355835367628651,96.0
-3908355835367628651,105.0
-3908355835367628651,86.0
-3908355835367628651,155.0
-3908355835367628651,87.0
-3908355835367628651,109.0
-3908355835367628651,117.0
-3908355835367628651,85.0
-3908355835367628651,113.0
-3908355835367628651,93.0
-3908355835367628651,121.0
-3908355835367628651,109.0
-3908355835367628651,119.0
-3908355835367628651,100.0
-3908355835367628651,122.0
-3908355835367628651,90.0
-3908355835367628651,99.0
-3908355835367628651,100.0
-3908355835367628651,94.0
-3908355835367628651,104.0
-3908355835367628651,90.0
-3908355835367628651,108.0
-3908355835367628651,122.0
-3908355835367628651,101.0
-3908355835367628651,131.0
-3908355835367628651,116.0
-3908355835367628651,88.0
-3908355835367628651,90.0
-3908355835367628651,93.0
-3908355835367628651,100.0
-3908355835367628651,105.0
-3908355835367628651,91.0
-3908355835367628651,84.0
-3908355835367628651,126.0
-3908355835367628651,108.0
-3908355835367628651,104.0
-3908355835367628651,114.0
-3908355835367628651,107.0
-3908355835367628651,110.0
-3908355835367628651,127.0
-3908355835367628651,103.0
-3908355835367628651,134.0
-3908355835367628651,127.0
-3908355835367628651,112.0
-3908355835367628651,97.0
-3908355835367628651,118.0
-3908355835367628651,97.0
-3908355835367628651,129.0
-3908355835367628651,114.0
-3908355835367628651,100.0
-3908355835367628651,144.0
-3908355835367628651,138.0
-3908355835367628651,115.0
-3908355835367628651,87.0
-3908355835367628651,88.0
-3908355835367628651,111.0
-3908355835367628651,103.0
-3908355835367628651,115.0
-3908355835367628651,130.0
-3908355835367628651,115.0
-3908355835367628651,126.0
-3908355835367628651,104.0
-3908355835367628651,91.0
-3908355835367628651,82.0
-3908355835367628651,97.0
-3908355835367628651,96.0
-3908355835367628651,95.0
-3908355835367628651,104.0
-3908355835367628651,86.0
-3908355835367628651,83.0
-3908355835367628651,130.0
-3908355835367628651,115.0
-3908355835367628651,119.0
-3908355835367628651,108.0
-3908355835367628651,98.0
-3908355835367628651,128.0
-3908355835367628651,110.0
-3908355835367628651,99.0
-3908355835367628651,103.0
-3908355835367628651,117.0
-3908355835367628651,115.0
-3908355835367628651,110.0
-3908355835367628651,88.0
-3908355835367628651,93.0
-3908355835367628651,87.0
-3908355835367628651,119.0
-3908355835367628651,89.0
-3908355835367628651,134.0
-3908355835367628651,128.0
-3908355835367628651,128.0
-3908355835367628651,113.0
-3908355835367628651,93.0
-3908355835367628651,82.0
-3908355835367628651,128.0
-3908355835367628651,95.0
-3908355835367628651,131.0
-3908355835367628651,84.0
-3908355835367628651,94.0
-3908355835367628651,102.0
-3908355835367628651,113.0
-3908355835367628651,80.0
-3908355835367628651,84.0
-3908355835367628651,103.0
-3908355835367628651,91.0
-3908355835367628651,105.0
-3908355835367628651,93.0
-3908355835367628651,124.0
-3908355835367628651,108.0
-3908355835367628651,92.0
-3908355835367628651,102.0
-3908355835367628651,85.0
-3908355835367628651,104.0
-3908355835367628651,103.0
-3908355835367628651,113.0
-3908355835367628651,100.0
-3908355835367628651,113.0
-3908355835367628651,105.0
-3908355835367628651,119.0
-3908355835367628651,104.0
-3908355835367628651,90.0
-3908355835367628651,131.0
-3908355835367628651,92.0
-3908355835367628651,80.0
-3908355835367628651,113.0
-3908355835367628651,92.0
-3908355835367628651,106.0
-3908355835367628651,102.0
-3908355835367628651,102.0
-3908355835367628651,106.0
-3908355835367628651,107.0
-3908355835367628651,102.0
-3908355835367628651,96.0
-3908355835367628651,109.0
-3908355835367628651,140.0
-3908355835367628651,113.0
-3908355835367628651,124.0
-3908355835367628651,94.0
-3908355835367628651,92.0
-3908355835367628651,89.0
-3908355835367628651,83.0
-3908355835367628651,116.0
-3908355835367628651,100.0
-3908355835367628651,106.0
-3908355835367628651,116.0
-3908355835367628651,90.0
-3908355835367628651,99.0
-3908355835367628651,105.0
-3908355835367628651,110.0
-3908355835367628651,116.0
-3908355835367628651,110.0
-3908355835367628651,112.0
-3908355835367628651,104.0
-3908355835367628651,122.0
-3908355835367628651,100.0
-3908355835367628651,109.0
-3908355835367628651,139.0
-3908355835367628651,115.0
-3908355835367628651,99.0
-3908355835367628651,110.0
-3908355835367628651,85.0
-3908355835367628651,118.0
-3908355835367628651,141.0
-3908355835367628651,100.0
-3908355835367628651,90.0
-3908355835367628651,94.0
-3908355835367628651,113.0
-3908355835367628651,108.0
-3908355835367628651,121.0
-3908355835367628651,137.0
-3908355835367628651,111.0
-3908355835367628651,108.0
-3908355835367628651,120.0
-3908355835367628651,92.0
-3908355835367628651,100.0
-3908355835367628651,101.0
-3908355835367628651,86.0
-3908355835367628651,129.0
-3908355835367628651,96.0
-3908355835367628651,99.0
-3908355835367628651,81.0
-3908355835367628651,96.0
-3908355835367628651,91.0
-3908355835367628651,121.0
-3908355835367628651,85.0
-3908355835367628651,118.0
-3908355835367628651,107.0
-3908355835367628651,100.0
-3908355835367628651,95.0
-3908355835367628651,85.0
-3908355835367628651,95.0
-3908355835367628651,92.0
-3908355835367628651,114.0
-3908355835367628651,102.0
-3908355835367628651,101.0
-3908355835367628651,102.0
-3908355835367628651,99.0
-3908355835367628651,105.0
-3908355835367628651,116.0
-3908355835367628651,144.0
-3908355835367628651,121.0
-3908355835367628651,135.0
-3908355835367628651,128.0
-3908355835367628651,101.0
-3908355835367628651,110.0
-3908355835367628651,111.0
-3908355835367628651,97.0
-3908355835367628651,126.0
-3908355835367628651,110.0
-3908355835367628651,81.0
-3908355835367628651,91.0
-3908355835367628651,103.0
-3908355835367628651,109.0
-3908355835367628651,95.0
-3908355835367628651,99.0
-3908355835367628651,84.0
-3908355835367628651,80.0
-3908355835367628651,114.0
-3908355835367628651,109.0
-3908355835367628651,122.0
-3908355835367628651,126.0
-3908355835367628651,120.0
-3908355835367628651,118.0
-3908355835367628651,101.0
-3908355835367628651,90.0
-3908355835367628651,98.0
-3908355835367628651,91.0
-3908355835367628651,136.0
-3908355835367628651,95.0
-3908355835367628651,135.0
-3908355835367628651,94.0
-3908355835367628651,97.0
-3908355835367628651,88.0
-3908355835367628651,87.0
-3908355835367628651,125.0
-3908355835367628651,106.0
-3908355835367628651,92.0
-3908355835367628651,87.0
-3908355835367628651,110.0
-3908355835367628651,100.0
-3908355835367628651,88.0
-3908355835367628651,104.0
-3908355835367628651,100.0
-3908355835367628651,128.0
-3908355835367628651,136.0
-3908355835367628651,126.0
-3908355835367628651,116.0
-3908355835367628651,81.0
-3908355835367628651,93.0
-3908355835367628651,111.0
-3908355835367628651,113.0
-3908355835367628651,94.0
-3908355835367628651,119.0
-3908355835367628651,109.0
-3908355835367628651,123.0
-3908355835367628651,119.0
-3908355835367628651,84.0
-3908355835367628651,116.0
-3908355835367628651,117.0
-3908355835367628651,132.0
-3908355835367628651,85.0
-3908355835367628651,112.0
-3908355835367628651,89.0
-3908355835367628651,122.0
-3908355835367628651,112.0
-3908355835367628651,90.0
-3908355835367628651,99.0
-3908355835367628651,86.0
-3908355835367628651,94.0
-3908355835367628651,111.0
-3908355835367628651,98.0
-3908355835367628651,128.0
-3908355835367628651,117.0
-3908355835367628651,108.0
-3908355835367628651,106.0
-3908355835367628651,103.0
-3908355835367628651,130.0
-3908355835367628651,144.0
-3908355835367628651,97.0
-3908355835367628651,93.0
-3908355835367628651,107.0
-3908355835367628651,104.0
-3908355835367628651,109.0
-3908355835367628651,110.0
-3908355835367628651,84.0
-3908355835367628651,101.0
-3908355835367628651,128.0
-3908355835367628651,129.0
-3908355835367628651,108.0
-3908355835367628651,123.0
-3908355835367628651,100.0
-3908355835367628651,126.0
-3908355835367628651,126.0
-3908355835367628651,104.0
-3908355835367628651,102.0
-3908355835367628651,120.0
-3908355835367628651,95.0
-3908355835367628651,137.0
-3908355835367628651,95.0
-3908355835367628651,91.0
-3908355835367628651,84.0
-3908355835367628651,97.0
-3908355835367628651,123.0
-3908355835367628651,90.0
-3908355835367628651,123.0
-3908355835367628651,103.0
-3908355835367628651,106.0
-3908355835367628651,104.0
-3908355835367628651,117.0
-3908355835367628651,109.0
-3908355835367628651,121.0
-3908355835367628651,160.0
-3908355835367628651,127.0
-3908355835367628651,87.0
-3908355835367628651,79.0
-3908355835367628651,110.0
-3908355835367628651,111.0
-3908355835367628651,95.0
-3908355835367628651,120.0
-3908355835367628651,87.0
-3908355835367628651,134.0
-3908355835367628651,107.0
-3908355835367628651,96.0
-3908355835367628651,118.0
-3908355835367628651,120.0
-3908355835367628651,106.0
-3908355835367628651,110.0
-3908355835367628651,88.0
-3908355835367628651,112.0
-3908355835367628651,108.0
-3908355835367628651,117.0
-3908355835367628651,102.0
-3908355835367628651,90.0
-3908355835367628651,137.0
-3908355835367628651,85.0
-3908355835367628651,90.0
-3908355835367628651,99.0
-3908355835367628651,90.0
-3908355835367628651,119.0
-3908355835367628651,117.0
-3908355835367628651,99.0
-3908355835367628651,103.0
-3908355835367628651,127.0
-3908355835367628651,115.0
-3908355835367628651,108.0
-3908355835367628651,112.0
-3908355835367628651,118.0
-3908355835367628651,101.0
-3908355835367628651,121.0
-3908355835367628651,111.0
-3908355835367628651,91.0
-3908355835367628651,123.0
-3908355835367628651,99.0
-3908355835367628651,92.0
-3908355835367628651,104.0
-3908355835367628651,115.0
-3908355835367628651,87.0
-3908355835367628651,121.0
-3908355835367628651,106.0
-3908355835367628651,86.0
-3908355835367628651,83.0
-3908355835367628651,127.0
-3908355835367628651,122.0
-3908355835367628651,149.0
-3908355835367628651,121.0
-3908355835367628651,108.0
-3908355835367628651,102.0
-3908355835367628651,101.0
-3908355835367628651,106.0
-3908355835367628651,81.0
-3908355835367628651,123.0
-3908355835367628651,89.0
-3908355835367628651,105.0
-3908355835367628651,84.0
-3908355835367628651,100.0
-3908355835367628651,121.0
-3908355835367628651,92.0
-3908355835367628651,80.0
-3908355835367628651,91.0
-3908355835367628651,94.0
-3908355835367628651,82.0
-3908355835367628651,111.0
-3908355835367628651,104.0
-3908355835367628651,111.0
-3908355835367628651,126.0
-3908355835367628651,103.0
-3908355835367628651,109.0
-3908355835367628651,95.0
-3908355835367628651,129.0
-3908355835367628651,108.0
-3908355835367628651,99.0
-3908355835367628651,122.0
-3908355835367628651,136.0
-3908355835367628651,101.0
-3908355835367628651,95.0
-3908355835367628651,86.0
-3908355835367628651,112.0
-3908355835367628651,92.0
-3908355835367628651,104.0
-3908355835367628651,114.0
-3908355835367628651,101.0
-3908355835367628651,105.0
-3908355835367628651,108.0
-3908355835367628651,102.0
-3908355835367628651,99.0
-3908355835367628651,121.0
-3908355835367628651,98.0
-3908355835367628651,114.0
-3908355835367628651,147.0
-3908355835367628651,117.0
-3908355835367628651,87.0
-3908355835367628651,115.0
-3908355835367628651,94.0
-3908355835367628651,131.0
-3908355835367628651,103.0
-3908355835367628651,123.0
-3908355835367628651,96.0
-3908355835367628651,106.0
-3908355835367628651,121.0
-3908355835367628651,101.0
-3908355835367628651,125.0
-3908355835367628651,115.0
-3908355835367628651,109.0
-3908355835367628651,132.0
-3908355835367628651,120.0
-3908355835367628651,107.0
-3908355835367628651,83.0
-3908355835367628651,85.0
-3908355835367628651,125.0
-3908355835367628651,99.0
-3908355835367628651,131.0
-3908355835367628651,116.0
-3908355835367628651,133.0
-3908355835367628651,95.0
-3908355835367628651,100.0
-3908355835367628651,117.0
-3908355835367628651,89.0
-3908355835367628651,84.0
-3908355835367628651,111.0
-3908355835367628651,84.0
-3908355835367628651,83.0
-3908355835367628651,129.0
-3908355835367628651,104.0
-3908355835367628651,96.0
-3908355835367628651,96.0
-3908355835367628651,131.0
-3908355835367628651,118.0
-3908355835367628651,110.0
-3908355835367628651,109.0
-3908355835367628651,106.0
-3908355835367628651,109.0
-3908355835367628651,121.0
-3908355835367628651,116.0
-3908355835367628651,112.0
-3908355835367628651,112.0
-3908355835367628651,90.0
-3908355835367628651,100.0
-3908355835367628651,115.0
-3908355835367628651,91.0
-3908355835367628651,101.0
-3908355835367628651,107.0
-3908355835367628651,120.0
-3908355835367628651,126.0
-3908355835367628651,107.0
-3908355835367628651,113.0
-3908355835367628651,123.0
-3908355835367628651,96.0
-3908355835367628651,117.0
-3908355835367628651,127.0
-3908355835367628651,113.0
-3908355835367628651,107.0
-3908355835367628651,108.0
-3908355835367628651,113.0
-3908355835367628651,121.0
-3908355835367628651,86.0
-3908355835367628651,111.0
-3908355835367628651,132.0
-3908355835367628651,89.0
-3908355835367628651,114.0
-3908355835367628651,126.0
-3908355835367628651,130.0
-3908355835367628651,102.0
-3908355835367628651,109.0
-3908355835367628651,116.0
-3908355835367628651,118.0
-3908355835367628651,137.0
-3908355835367628651,130.0
-3908355835367628651,83.0
-3908355835367628651,98.0
-3908355835367628651,86.0
-3908355835367628651,83.0
-3908355835367628651,131.0
-3908355835367628651,135.0
-3908355835367628651,104.0
-3908355835367628651,122.0
-3908355835367628651,110.0
-3908355835367628651,113.0
-3908355835367628651,135.0
-3908355835367628651,128.0
-3908355835367628651,100.0
-3908355835367628651,109.0
-3908355835367628651,121.0
-3908355835367628651,95.0
-3908355835367628651,104.0
-3908355835367628651,111.0
-3908355835367628651,83.0
-3908355835367628651,91.0
-3908355835367628651,87.0
-3908355835367628651,106.0
-3908355835367628651,91.0
-3908355835367628651,98.0
-3908355835367628651,90.0
-3908355835367628651,80.0
-3908355835367628651,110.0
-3908355835367628651,99.0
7155255168997124770,70.0
7155255168997124770,71.0
7155255168997124770,99.0
7155255168997124770,99.0
7155255168997124770,68.0
7155255168997124770,128.0
7155255168997124770,68.0
7155255168997124770,118.0
7155255168997124770,83.0
7155255168997124770,66.0
7155255168997124770,95.0
7155255168997124770,73.0
7155255168997124770,90.0
7155255168997124770,53.0
7155255168997124770,55.0
7155255168997124770,53.0
7155255168997124770,84.0
7155255168997124770,63.0
7155255168997124770,82.0
7155255168997124770,70.0
7155255168997124770,70.0
7155255168997124770,118.0
7155255168997124770,106.0
7155255168997124770,122.0
7155255168997124770,118.0
7155255168997124770,89.0
7155255168997124770,100.0
7155255168997124770,70.0
7155255168997124770,73.0
7155255168997124770,72.0
7155255168997124770,104.0
7155255168997124770,86.0
7155255168997124770,115.0
7155255168997124770,88.0
7155255168997124770,101.0
7155255168997124770,101.0
7155255168997124770,136.0
7155255168997124770,71.0
7155255168997124770,70.0
7155255168997124770,67.0
7155255168997124770,70.0
7155255168997124770,71.0
7155255168997124770,103.0
7155255168997124770,60.0
7155255168997124770,113.0
7155255168997124770,128.0
7155255168997124770,76.0
7155255168997124770,70.0
7155255168997124770,69.0
7155255168997124770,61.0
7155255168997124770,120.0
7155255168997124770,70.0
7155255168997124770,67.0
7155255168997124770,117.0
7155255168997124770,56.0
7155255168997124770,99.0
7155255168997124770,129.0
7155255168997124770,70.0
7155255168997124770,73.0
7155255168997124770,71.0
7155255168997124770,134.0
7155255168997124770,86.0
7155255168997124770,70.0
7155255168997124770,70.0
7155255168997124770,54.0
7155255168997124770,88.0
7155255168997124770,105.0
7155255168997124770,70.0
7155255168997124770,114.0
7155255168997124770,53.0
7155255168997124770,70.0
7155255168997124770,100.0
7155255168997124770,105.0
7155255168997124770,74.0
7155255168997124770,75.0
7155255168997124770,71.0
7155255168997124770,122.0
7155255168997124770,66.0
7155255168997124770,54.0
7155255168997124770,89.0
7155255168997124770,103.0
7155255168997124770,64.0
7155255168997124770,70.0
7155255168997124770,53.0
7155255168997124770,94.0
7155255168997124770,110.0
7155255168997124770,91.0
7155255168997124770,141.0
7155255168997124770,71.0
7155255168997124770,110.0
7155255168997124770,109.0
7155255168997124770,52.0
7155255168997124770,72.0
7155255168997124770,109.0
7155255168997124770,96.0
7155255168997124770,112.0
7155255168997124770,93.0
7155255168997124770,97.0
7155255168997124770,70.0
7155255168997124770,89.0
7155255168997124770,91.0
7155255168997124770,113.0
7155255168997124770,114.0
7155255168997124770,113.0
7155255168997124770,70.0
7155255168997124770,70.0
7155255168997124770,130.0
7155255168997124770,100.0
7155255168997124770,50.0
7155255168997124770,77.0
7155255168997124770,113.0
7155255168997124770,108.0
7155255168997124770,62.0
7155255168997124770,55.0
7155255168997124770,63.0
7155255168997124770,95.0
7155255168997124770,79.0
7155255168997124770,105.0
7155255168997124770,70.0
7155255168997124770,51.0
7155255168997124770,95.0
7155255168997124770,110.0
7155255168997124770,120.0
7155255168997124770,103.0
7155255168997124770,100.0
7155255168997124770,70.0
7155255168997124770,75.0
7155255168997124770,70.0
7155255168997124770,94.0
7155255168997124770,58.0
7155255168997124770,95.0
7155255168997124770,70.0
7155255168997124770,119.0
7155255168997124770,72.0
7155255168997124770,90.0
7155255168997124770,50.0
7155255168997124770,135.0
7155255168997124770,71.0
7155255168997124770,105.0
7155255168997124770,104.0
7155255168997124770,124.0
7155255168997124770,73.0
7155255168997124770,115.0
7155255168997124770,120.0
7155255168997124770,71.0
7155255168997124770,74.0
7155255168997124770,76.0
7155255168997124770,119.0
7155255168997124770,72.0
7155255168997124770,90.0
7155255168997124770,123.0
7155255168997124770,120.0
7155255168997124770,68.0
7155255168997124770,70.0
7155255168997124770,104.0
7155255168997124770,128.0
7155255168997124770,54.0
7155255168997124770,92.0
7155255168997124770,51.0
7155255168997124770,50.0
7155255168997124770,56.0
7155255168997124770,59.0
7155255168997124770,62.0
7155255168997124770,70.0
7155255168997124770,99.0
7155255168997124770,105.0
7155255168997124770,98.0
7155255168997124770,70.0
7155255168997124770,80.0
7155255168997124770,70.0
7155255168997124770,111.0
7155255168997124770,92.0
7155255168997124770,101.0
4783904755296699562,105.0
4783904755296699562,105.0
4783904755296699562,101.0
4783904755296699562,120.0
4783904755296699562,101.0
4783904755296699562,101.0
4783904755296699562,120.0
4783904755296699562,107.0
4783904755296699562,105.0
4783904755296699562,102.0
4783904755296699562,103.0
4783904755296699562,103.0
4783904755296699562,102.0
4783904755296699562,96.0
4783904755296699562,101.0
4783904755296699562,112.0
4783904755296699562,98.0
4783904755296699562,98.0
4783904755296699562,101.0
4783904755296699562,159.0
4783904755296699562,101.0
4783904755296699562,105.0
4783904755296699562,94.0
4783904755296699562,102.0
4783904755296699562,105.0
4783904755296699562,104.0
4783904755296699562,100.0
4783904755296699562,100.0
4783904755296699562,93.0
4783904755296699562,119.0
4783904755296699562,100.0
4783904755296699562,104.0
4783904755296699562,132.0
4783904755296699562,107.0
4783904755296699562,109.0
4783904755296699562,101.0
4783904755296699562,104.0
4783904755296699562,147.0
4783904755296699562,100.0
4783904755296699562,106.0
4783904755296699562,81.0
4783904755296699562,120.0
4783904755296699562,111.0
4783904755296699562,141.0
4783904755296699562,116.0
4783904755296699562,103.0
4783904755296699562,110.0
4783904755296699562,107.0
4783904755296699562,104.0
4783904755296699562,94.0
4783904755296699562,101.0
4783904755296699562,120.0
4783904755296699562,100.0
4783904755296699562,125.0
4783904755296699562,114.0
4783904755296699562,100.0
4783904755296699562,97.0
4783904755296699562,101.0
4783904755296699562,104.0
4783904755296699562,94.0
4783904755296699562,94.0
4783904755296699562,115.0
4783904755296699562,100.0
4783904755296699562,97.0
4783904755296699562,86.0
4783904755296699562,119.0
4783904755296699562,118.0
4783904755296699562,114.0
4783904755296699562,114.0
4783904755296699562,109.0
4783904755296699562,89.0
4783904755296699562,99.0
4783904755296699562,127.0
4783904755296699562,102.0
4783904755296699562,101.0
4783904755296699562,98.0
4783904755296699562,93.0
4783904755296699562,90.0
4783904755296699562,110.0
4783904755296699562,113.0
4783904755296699562,109.0
4783904755296699562,103.0
4783904755296699562,102.0
4783904755296699562,112.0
4783904755296699562,104.0
4783904755296699562,103.0
4783904755296699562,133.0
4783904755296699562,129.0
4783904755296699562,100.0
4783904755296699562,83.0
4783904755296699562,99.0
4783904755296699562,97.0
4783904755296699562,117.0
4783904755296699562,117.0
4783904755296699562,90.0
4783904755296699562,104.0
4783904755296699562,121.0
4783904755296699562,102.0
4783904755296699562,121.0
4783904755296699562,129.0
4783904755296699562,99.0
4783904755296699562,103.0
4783904755296699562,92.0
4783904755296699562,101.0
4783904755296699562,107.0
4783904755296699562,100.0
4783904755296699562,108.0
4783904755296699562,89.0
4783904755296699562,109.0
4783904755296699562,117.0
4783904755296699562,102.0
4783904755296699562,96.0
4783904755296699562,84.0
4783904755296699562,106.0
4783904755296699562,128.0
4783904755296699562,104.0
4783904755296699562,101.0
4783904755296699562,103.0
4783904755296699562,99.0
4783904755296699562,111.0
4783904755296699562,93.0
4783904755296699562,98.0
4783904755296699562,109.0
4783904755296699562,102.0
4783904755296699562,112.0
4783904755296699562,100.0
4783904755296699562,104.0
4783904755296699562,110.0
4783904755296699562,102.0
4783904755296699562,106.0
4783904755296699562,99.0
4783904755296699562,96.0
4783904755296699562,136.0
4783904755296699562,159.0
4783904755296699562,157.0
4783904755296699562,93.0
4783904755296699562,101.0
4783904755296699562,99.0
4783904755296699562,103.0
4783904755296699562,116.0
4783904755296699562,154.0
4783904755296699562,106.0
4783904755296699562,157.0
4783904755296699562,103.0
4783904755296699562,129.0
4783904755296699562,108.0
4783904755296699562,110.0
4783904755296699562,102.0
4783904755296699562,100.0
4783904755296699562,103.0
4783904755296699562,107.0
4783904755296699562,108.0
4783904755296699562,114.0
4783904755296699562,99.0
4783904755296699562,123.0
4783904755296699562,100.0
4783904755296699562,111.0
4783904755296699562,92.0
4783904755296699562,99.0
4783904755296699562,102.0
4783904755296699562,101.0
4783904755296699562,102.0
4783904755296699562,106.0
4783904755296699562,95.0
4783904755296699562,97.0
4783904755296699562,104.0
4783904755296699562,95.0
4783904755296699562,145.0
4783904755296699562,97.0
4783904755296699562,100.0
4783904755296699562,108.0
4783904755296699562,104.0
4783904755296699562,117.0
4783904755296699562,98.0
4783904755296699562,135.0
4783904755296699562,104.0
4783904755296699562,105.0
4783904755296699562,153.0
4783904755296699562,126.0
4783904755296699562,95.0
4783904755296699562,100.0
4783904755296699562,103.0
4783904755296699562,90.0
4783904755296699562,101.0
4783904755296699562,96.0
4783904755296699562,124.0
4783904755296699562,99.0
4783904755296699562,108.0
4783904755296699562,93.0
4783904755296699562,101.0
4783904755296699562,113.0
4783904755296699562,103.0
4783904755296699562,103.0
4783904755296699562,95.0
4783904755296699562,98.0
4783904755296699562,96.0
4783904755296699562,92.0
4783904755296699562,103.0
4783904755296699562,119.0
4783904755296699562,100.0
4783904755296699562,98.0
4783904755296699562,102.0
4783904755296699562,95.0
4783904755296699562,127.0
4783904755296699562,106.0
4783904755296699562,110.0
4783904755296699562,102.0
4783904755296699562,101.0
4783904755296699562,106.0
4783904755296699562,119.0
4783904755296699562,104.0
4783904755296699562,101.0
4783904755296699562,113.0
4783904755296699562,105.0
4783904755296699562,108.0
4783904755296699562,101.0
4783904755296699562,98.0
4783904755296699562,98.0
4783904755296699562,101.0
4783904755296699562,103.0
4783904755296699562,127.0
4783904755296699562,111.0
4783904755296699562,123.0
4783904755296699562,101.0
4783904755296699562,105.0
4783904755296699562,94.0
4783904755296699562,100.0
4783904755296699562,107.0
4783904755296699562,103.0
4783904755296699562,163.0
4783904755296699562,93.0
4783904755296699562,100.0
4783904755296699562,101.0
4783904755296699562,100.0
4783904755296699562,93.0
4783904755296699562,116.0
4783904755296699562,96.0
4783904755296699562,123.0
4783904755296699562,156.0
4783904755296699562,96.0
4783904755296699562,118.0
4783904755296699562,113.0
4783904755296699562,104.0
4783904755296699562,108.0
4783904755296699562,92.0
4783904755296699562,94.0
4783904755296699562,157.0
4783904755296699562,97.0
4783904755296699562,146.0
4783904755296699562,100.0
4783904755296699562,97.0
4783904755296699562,103.0
4783904755296699562,140.0
4783904755296699562,101.0
4783904755296699562,135.0
4783904755296699562,106.0
4783904755296699562,100.0
4783904755296699562,95.0
4783904755296699562,102.0
4783904755296699562,101.0
4783904755296699562,121.0
4783904755296699562,86.0
4783904755296699562,111.0
4783904755296699562,97.0
4783904755296699562,127.0
4783904755296699562,150.0
4783904755296699562,100.0
4783904755296699562,98.0
4783904755296699562,118.0
4783904755296699562,89.0
4783904755296699562,104.0
4783904755296699562,123.0
4783904755296699562,111.0
4783904755296699562,102.0
4783904755296699562,92.0
4783904755296699562,114.0
4783904755296699562,116.0
4783904755296699562,118.0
4783904755296699562,87.0
4783904755296699562,112.0
4783904755296699562,116.0
4783904755296699562,100.0
4783904755296699562,93.0
4783904755296699562,93.0
4783904755296699562,108.0
4783904755296699562,99.0
4783904755296699562,104.0
4783904755296699562,103.0
4783904755296699562,108.0
4783904755296699562,109.0
4783904755296699562,92.0
4783904755296699562,96.0
4783904755296699562,102.0
4783904755296699562,99.0
4783904755296699562,102.0
4783904755296699562,102.0
4783904755296699562,123.0
4783904755296699562,99.0
4783904755296699562,99.0
4783904755296699562,102.0
4783904755296699562,93.0
4783904755296699562,103.0
4783904755296699562,99.0
4783904755296699562,96.0
4783904755296699562,102.0
4783904755296699562,87.0
4783904755296699562,101.0
4783904755296699562,104.0
4783904755296699562,104.0
4783904755296699562,160.0
4783904755296699562,101.0
4783904755296699562,174.0
4783904755296699562,103.0
4783904755296699562,99.0
4783904755296699562,88.0
4783904755296699562,157.0
4783904755296699562,124.0
4783904755296699562,111.0
4783904755296699562,98.0
4783904755296699562,129.0
4783904755296699562,120.0
4783904755296699562,97.0
4783904755296699562,104.0
4783904755296699562,93.0
4783904755296699562,106.0
4783904755296699562,99.0
4783904755296699562,106.0
4783904755296699562,104.0
4783904755296699562,102.0
4783904755296699562,99.0
4783904755296699562,94.0
4783904755296699562,98.0
4783904755296699562,112.0
4783904755296699562,103.0
4783904755296699562,160.0
4783904755296699562,99.0
4783904755296699562,126.0
4783904755296699562,102.0
4783904755296699562,110.0
4783904755296699562,99.0
4783904755296699562,118.0
4783904755296699562,114.0
4783904755296699562,114.0
4783904755296699562,99.0
4783904755296699562,123.0
4783904755296699562,103.0
4783904755296699562,85.0
4783904755296699562,101.0
4783904755296699562,128.0
4783904755296699562,81.0
4783904755296699562,121.0
4783904755296699562,97.0
4783904755296699562,110.0
4783904755296699562,114.0
4783904755296699562,136.0
4783904755296699562,101.0
4783904755296699562,91.0
4783904755296699562,104.0
4783904755296699562,104.0
4783904755296699562,114.0
4783904755296699562,110.0
4783904755296699562,109.0
4783904755296699562,99.0
4783904755296699562,103.0
-1210657672714831684,68.0
-1210657672714831684,82.0
-1210657672714831684,77.0
-1210657672714831684,83.0
-1210657672714831684,72.0
-1210657672714831684,99.0
-1210657672714831684,87.0
-1210657672714831684,86.0
-1210657672714831684,99.0
-1210657672714831684,82.0
-1210657672714831684,79.0
-1210657672714831684,71.0
-1210657672714831684,73.0
-1210657672714831684,80.0
-1210657672714831684,82.0
-1210657672714831684,77.0
-1210657672714831684,71.0
-1210657672714831684,80.0
-1210657672714831684,72.0
-1210657672714831684,75.0
-1210657672714831684,83.0
-1210657672714831684,83.0
-1210657672714831684,125.0
-1210657672714831684,86.0
-1210657672714831684,80.0
-1210657672714831684,87.0
-1210657672714831684,73.0
-1210657672714831684,82.0
-1210657672714831684,80.0
-1210657672714831684,73.0
-1210657672714831684,62.0
-1210657672714831684,75.0
-1210657672714831684,103.0
-1210657672714831684,94.0
-1210657672714831684,71.0
-1210657672714831684,89.0
-1210657672714831684,89.0
-1210657672714831684,79.0
-1210657672714831684,80.0
-1210657672714831684,118.0
-1210657672714831684,80.0
-1210657672714831684,77.0
-1210657672714831684,88.0
-1210657672714831684,77.0
-1210657672714831684,91.0
-1210657672714831684,62.0
-1210657672714831684,77.0
-1210657672714831684,75.0
-1210657672714831684,76.0
-1210657672714831684,90.0
-1210657672714831684,87.0
-1210657672714831684,89.0
-1210657672714831684,91.0
-1210657672714831684,100.0
-1210657672714831684,88.0
-1210657672714831684,83.0
-1210657672714831684,79.0
-1210657672714831684,88.0
-1210657672714831684,71.0
-1210657672714831684,70.0
-1210657672714831684,78.0
-1210657672714831684,82.0
-1210657672714831684,68.0
-1210657672714831684,95.0
-1210657672714831684,104.0
-1210657672714831684,80.0
-1210657672714831684,82.0
-1210657672714831684,87.0
-1210657672714831684,91.0
-1210657672714831684,87.0
-1210657672714831684,104.0
-1210657672714831684,60.0
-1210657672714831684,77.0
-1210657672714831684,61.0
-1210657672714831684,83.0
-1210657672714831684,70.0
-1210657672714831684,85.0
-1210657672714831684,65.0
-1210657672714831684,91.0
-1210657672714831684,67.0
-1210657672714831684,72.0
-1210657672714831684,75.0
-1210657672714831684,77.0
-1210657672714831684,84.0
-1210657672714831684,86.0
-1210657672714831684,82.0
-1210657672714831684,78.0
-1210657672714831684,63.0
-1210657672714831684,65.0
-1210657672714831684,88.0
-1210657672714831684,77.0
-1210657672714831684,76.0
-1210657672714831684,84.0
-1210657672714831684,84.0
-1210657672714831684,86.0
-1210657672714831684,89.0
-1210657672714831684,72.0
-1210657672714831684,85.0
-1210657672714831684,99.0
-1210657672714831684,93.0
-1210657672714831684,91.0
-1210657672714831684,75.0
-1210657672714831684,82.0
-1210657672714831684,86.0
-1210657672714831684,68.0
-1210657672714831684,91.0
-1210657672714831684,85.0
-1210657672714831684,78.0
-1210657672714831684,87.0
-1210657672714831684,90.0
-1210657672714831684,87.0
-1210657672714831684,81.0
-1210657672714831684,83.0
-1210657672714831684,88.0
-1210657672714831684,91.0
-1210657672714831684,81.0
-1210657672714831684,102.0
-1210657672714831684,85.0
-1210657672714831684,81.0
-1210657672714831684,85.0
-1210657672714831684,67.0
-1210657672714831684,75.0
-1210657672714831684,74.0
-1210657672714831684,80.0
-1210657672714831684,82.0
-1210657672714831684,83.0
-1210657672714831684,83.0
-1210657672714831684,78.0
-1210657672714831684,70.0
-1210657672714831684,67.0
-1210657672714831684,88.0
-1210657672714831684,88.0
-1210657672714831684,112.0
-1210657672714831684,84.0
-1210657672714831684,74.0
-1210657672714831684,77.0
-1210657672714831684,74.0
-1210657672714831684,86.0
-1210657672714831684,81.0
-1210657672714831684,74.0
-1210657672714831684,69.0
-1210657672714831684,86.0
-1210657672714831684,91.0
-1210657672714831684,70.0
-1210657672714831684,79.0
-1210657672714831684,111.0
-1210657672714831684,80.0
-1210657672714831684,85.0
-1210657672714831684,92.0
-1210657672714831684,78.0
-1210657672714831684,78.0
-1210657672714831684,83.0
-1210657672714831684,86.0
-1210657672714831684,90.0
-1210657672714831684,83.0
-1210657672714831684,79.0
-1210657672714831684,81.0
-1210657672714831684,71.0
-1210657672714831684,78.0
-1210657672714831684,83.0
-1210657672714831684,90.0
-1210657672714831684,86.0
-1210657672714831684,88.0
-1210657672714831684,70.0
-1210657672714831684,80.0
-1210657672714831684,86.0
-1210657672714831684,90.0
-1210657672714831684,76.0
-1210657672714831684,83.0
-1210657672714831684,84.0
-1210657672714831684,73.0
-1210657672714831684,93.0
-1210657672714831684,75.0
-1210657672714831684,76.0
-1210657672714831684,82.0
-1210657672714831684,88.0
-1210657672714831684,81.0
-1210657672714831684,79.0
-1210657672714831684,88.0
-1210657672714831684,85.0
-1210657672714831684,91.0
-1210657672714831684,90.0
-1210657672714831684,87.0
-1210657672714831684,90.0
-1210657672714831684,76.0
-1210657672714831684,66.0
-1210657672714831684,83.0
-1210657672714831684,71.0
-1210657672714831684,75.0
-1210657672714831684,77.0
-1210657672714831684,69.0
-1210657672714831684,81.0
-1210657672714831684,83.0
-1210657672714831684,81.0
-1210657672714831684,98.0
-1210657672714831684,88.0
-1210657672714831684,83.0
-1210657672714831684,74.0
-1210657672714831684,74.0
-1210657672714831684,80.0
-1210657672714831684,80.0
-1210657672714831684,67.0
-1210657672714831684,78.0
-1210657672714831684,76.0
-1210657672714831684,99.0
-1210657672714831684,81.0
-1210657672714831684,86.0
-1210657672714831684,84.0
-1210657672714831684,75.0
-1210657672714831684,90.0
-1210657672714831684,93.0
-1210657672714831684,90.0
-1210657672714831684,82.0
-1210657672714831684,81.0
-1210657672714831684,70.0
-1210657672714831684,75.0
-1210657672714831684,81.0
-1210657672714831684,77.0
-1210657672714831684,77.0
-1210657672714831684,85.0
-1210657672714831684,88.0
-1210657672714831684,89.0
-1210657672714831684,80.0
-1210657672714831684,68.0
-1210657672714831684,77.0
-1210657672714831684,87.0
-1210657672714831684,88.0
-1210657672714831684,68.0
-1210657672714831684,85.0
-1210657672714831684,81.0
-1210657672714831684,80.0
-1210657672714831684,81.0
-1210657672714831684,81.0
-1210657672714831684,88.0
-1210657672714831684,81.0
-1210657672714831684,90.0
-1210657672714831684,77.0
-1210657672714831684,82.0
-1210657672714831684,95.0
-1210657672714831684,71.0
-1210657672714831684,98.0
-1210657672714831684,85.0
-1210657672714831684,65.0
-1210657672714831684,72.0
-1210657672714831684,79.0
-1210657672714831684,81.0
-1210657672714831684,92.0
-1210657672714831684,83.0
-1210657672714831684,81.0
-1210657672714831684,82.0
-1210657672714831684,88.0
-1210657672714831684,71.0
-1210657672714831684,84.0
-1210657672714831684,86.0
-1210657672714831684,89.0
-1210657672714831684,64.0
-1210657672714831684,103.0
-1210657672714831684,82.0
-1210657672714831684,79.0
-1210657672714831684,98.0
-1210657672714831684,90.0
-1210657672714831684,90.0
-1210657672714831684,78.0
-1210657672714831684,95.0
-1210657672714831684,76.0
-1210657672714831684,79.0
-1210657672714831684,93.0
-1210657672714831684,66.0
-1210657672714831684,94.0
-1210657672714831684,81.0
-1210657672714831684,84.0
-1210657672714831684,81.0
-1210657672714831684,86.0
-1210657672714831684,70.0
-1210657672714831684,91.0
-1210657672714831684,77.0
-1210657672714831684,86.0
-1210657672714831684,80.0
-1210657672714831684,68.0
-1210657672714831684,67.0
-1210657672714831684,85.0
-1210657672714831684,100.0
-1210657672714831684,81.0
-1210657672714831684,84.0
-1210657672714831684,79.0
-1210657672714831684,81.0
-1210657672714831684,78.0
-1210657672714831684,75.0
-1210657672714831684,68.0
-1210657672714831684,78.0
-1210657672714831684,87.0
-1210657672714831684,91.0
-1210657672714831684,72.0
-1210657672714831684,81.0
-1210657672714831684,82.0
-1210657672714831684,80.0
-1210657672714831684,75.0
-1210657672714831684,77.0
-1210657672714831684,84.0
-1210657672714831684,84.0
-1210657672714831684,74.0
-1210657672714831684,84.0
-1210657672714831684,76.0
-1210657672714831684,85.0
-1210657672714831684,89.0
-1210657672714831684,81.0
-1210657672714831684,61.0
-1210657672714831684,82.0
-1210657672714831684,103.0
-1210657672714831684,87.0
-1210657672714831684,82.0
-1210657672714831684,89.0
-1210657672714831684,83.0
-1210657672714831684,75.0
-1210657672714831684,74.0
-1210657672714831684,70.0
-1210657672714831684,80.0
-1210657672714831684,66.0
-1210657672714831684,80.0
-1210657672714831684,75.0
-1210657672714831684,81.0
-1210657672714831684,83.0
-1210657672714831684,90.0
-1210657672714831684,85.0
-1210657672714831684,85.0
-1210657672714831684,82.0
-1210657672714831684,80.0
-1210657672714831684,69.0
-1210657672714831684,86.0
-1210657672714831684,71.0
-1210657672714831684,80.0
-1210657672714831684,76.0
-1210657672714831684,81.0
-1210657672714831684,85.0
-1210657672714831684,90.0
-1210657672714831684,89.0
-1210657672714831684,83.0
-1210657672714831684,86.0
-1210657672714831684,80.0
-1210657672714831684,77.0
-1210657672714831684,76.0
-1210657672714831684,87.0
-1210657672714831684,77.0
-1210657672714831684,82.0
-1210657672714831684,68.0
-1210657672714831684,63.0
-1210657672714831684,115.0
-1210657672714831684,99.0
-1210657672714831684,76.0
-1210657672714831684,80.0
-1210657672714831684,82.0
-1210657672714831684,88.0
-1210657672714831684,75.0
-1210657672714831684,65.0
-1210657672714831684,88.0
-1210657672714831684,69.0
-1210657672714831684,83.0
-1210657672714831684,79.0
-1210657672714831684,92.0
-1210657672714831684,78.0
-1210657672714831684,82.0
-1210657672714831684,76.0
-1210657672714831684,88.0
-1210657672714831684,80.0
-1210657672714831684,88.0
-1210657672714831684,93.0
-1210657672714831684,85.0
-1210657672714831684,84.0
-1210657672714831684,79.0
-1210657672714831684,73.0
-1210657672714831684,80.0
-1210657672714831684,82.0
-1210657672714831684,86.0
-1210657672714831684,92.0
-1210657672714831684,74.0
-1210657672714831684,83.0
-1210657672714831684,80.0
-1210657672714831684,83.0
-1210657672714831684,86.0
-1210657672714831684,71.0
-1210657672714831684,82.0
-1210657672714831684,74.0
-1210657672714831684,80.0
-1210657672714831684,87.0
-1210657672714831684,80.0
-1210657672714831684,84.0
-1210657672714831684,79.0
-1210657672714831684,80.0
-1210657672714831684,94.0
-1210657672714831684,93.0
-1210657672714831684,68.0
-1210657672714831684,88.0
-1210657672714831684,73.0
-1210657672714831684,93.0
-1210657672714831684,86.0
-1210657672714831684,85.0
-1210657672714831684,76.0
-1210657672714831684,76.0
-1210657672714831684,70.0
-1210657672714831684,79.0
-1210657672714831684,76.0
-1210657672714831684,93.0
-1210657672714831684,63.0
-1210657672714831684,85.0
-1210657672714831684,91.0
-1210657672714831684,81.0
-1210657672714831684,86.0
-1210657672714831684,81.0
-1210657672714831684,82.0
-1210657672714831684,81.0
-1210657672714831684,80.0
-1210657672714831684,86.0
-1210657672714831684,69.0
-1210657672714831684,90.0
-1210657672714831684,71.0
-1210657672714831684,82.0
-1210657672714831684,77.0
-1210657672714831684,86.0
-1210657672714831684,77.0
-1210657672714831684,71.0
-1210657672714831684,79.0
-1210657672714831684,80.0
-1210657672714831684,87.0
-1210657672714831684,86.0
-1210657672714831684,90.0
-1210657672714831684,85.0
8009761406928052418,122.0
8009761406928052418,72.0
8009761406928052418,159.0
8009761406928052418,139.0
8009761406928052418,72.0
8009761406928052418,84.0
8009761406928052418,72.0
8009761406928052418,98.0
8009761406928052418,70.0
8009761406928052418,102.0
8009761406928052418,87.0
8009761406928052418,82.0
8009761406928052418,92.0
8009761406928052418,64.0
8009761406928052418,72.0
8009761406928052418,105.0
8009761406928052418,82.0
8009761406928052418,82.0
8009761406928052418,75.0
8009761406928052418,76.0
8009761406928052418,128.0
8009761406928052418,75.0
8009761406928052418,83.0
8009761406928052418,70.0
8009761406928052418,83.0
8009761406928052418,78.0
8009761406928052418,79.0
8009761406928052418,81.0
8009761406928052418,103.0
8009761406928052418,81.0
8009761406928052418,86.0
8009761406928052418,97.0
8009761406928052418,92.0
8009761406928052418,76.0
8009761406928052418,73.0
8009761406928052418,79.0
8009761406928052418,73.0
8009761406928052418,79.0
8009761406928052418,74.0
8009761406928052418,85.0
8009761406928052418,82.0
8009761406928052418,69.0
8009761406928052418,77.0
8009761406928052418,80.0
8009761406928052418,71.0
8009761406928052418,126.0
8009761406928052418,78.0
8009761406928052418,82.0
8009761406928052418,103.0
8009761406928052418,79.0
8009761406928052418,87.0
8009761406928052418,102.0
8009761406928052418,76.0
8009761406928052418,67.0
8009761406928052418,75.0
8009761406928052418,79.0
8009761406928052418,68.0
8009761406928052418,92.0
8009761406928052418,76.0
8009761406928052418,85.0
8009761406928052418,77.0
8009761406928052418,73.0
8009761406928052418,73.0
8009761406928052418,81.0
8009761406928052418,71.0
8009761406928052418,75.0
8009761406928052418,94.0
8009761406928052418,83.0
8009761406928052418,79.0
8009761406928052418,84.0
8009761406928052418,99.0
8009761406928052418,66.0
8009761406928052418,76.0
8009761406928052418,74.0
8009761406928052418,78.0
8009761406928052418,105.0
8009761406928052418,66.0
8009761406928052418,93.0
8009761406928052418,67.0
8009761406928052418,73.0
8009761406928052418,66.0
8009761406928052418,77.0
8009761406928052418,135.0
8009761406928052418,76.0
8009761406928052418,82.0
8009761406928052418,75.0
8009761406928052418,81.0
8009761406928052418,103.0
8009761406928052418,78.0
8009761406928052418,69.0
8009761406928052418,78.0
8009761406928052418,79.0
8009761406928052418,78.0
8009761406928052418,104.0
8009761406928052418,80.0
8009761406928052418,146.0
8009761406928052418,81.0
8009761406928052418,63.0
8009761406928052418,69.0
8009761406928052418,97.0
8009761406928052418,102.0
8009761406928052418,83.0
8009761406928052418,85.0
8009761406928052418,94.0
8009761406928052418,95.0
8009761406928052418,68.0
8009761406928052418,71.0
8009761406928052418,150.0
8009761406928052418,64.0
8009761406928052418,73.0
8009761406928052418,143.0
8009761406928052418,92.0
8009761406928052418,72.0
8009761406928052418,63.0
8009761406928052418,102.0
8009761406928052418,81.0
8009761406928052418,100.0
8009761406928052418,70.0
8009761406928052418,70.0
8009761406928052418,92.0
8009761406928052418,75.0
8009761406928052418,84.0
8009761406928052418,86.0
8009761406928052418,75.0
8009761406928052418,85.0
8009761406928052418,86.0
7918537411740862407,106.0
7918537411740862407,109.0
7918537411740862407,103.0
7918537411740862407,104.0
7918537411740862407,102.0
7918537411740862407,103.0
7918537411740862407,102.0
7918537411740862407,106.0
7918537411740862407,109.0
7918537411740862407,123.0
7918537411740862407,94.0
7918537411740862407,100.0
7918537411740862407,103.0
7918537411740862407,95.0
7918537411740862407,110.0
7918537411740862407,103.0
7918537411740862407,97.0
7918537411740862407,110.0
7918537411740862407,111.0
7918537411740862407,115.0
7918537411740862407,104.0
7918537411740862407,103.0
7918537411740862407,98.0
7918537411740862407,120.0
7918537411740862407,112.0
7918537411740862407,99.0
7918537411740862407,100.0
7918537411740862407,117.0
7918537411740862407,108.0
7918537411740862407,114.0
7918537411740862407,104.0
7918537411740862407,113.0
7918537411740862407,104.0
7918537411740862407,118.0
7918537411740862407,120.0
7918537411740862407,109.0
7918537411740862407,97.0
7918537411740862407,119.0
7918537411740862407,110.0
7918537411740862407,111.0
7918537411740862407,110.0
7918537411740862407,110.0
7918537411740862407,111.0
7918537411740862407,117.0
7918537411740862407,91.0
7918537411740862407,103.0
7918537411740862407,118.0
7918537411740862407,100.0
7918537411740862407,98.0
7918537411740862407,97.0
7918537411740862407,103.0
7918537411740862407,115.0
7918537411740862407,117.0
7918537411740862407,116.0
7918537411740862407,92.0
7918537411740862407,104.0
7918537411740862407,114.0
7918537411740862407,96.0
7918537411740862407,102.0
7918537411740862407,103.0
7918537411740862407,103.0
7918537411740862407,91.0
7918537411740862407,104.0
7918537411740862407,98.0
7918537411740862407,115.0
7918537411740862407,111.0
7918537411740862407,103.0
7918537411740862407,115.0
7918537411740862407,105.0
7918537411740862407,109.0
7918537411740862407,121.0
7918537411740862407,105.0
7918537411740862407,101.0
7918537411740862407,90.0
7918537411740862407,113.0
7918537411740862407,112.0
7918537411740862407,128.0
7918537411740862407,105.0
7918537411740862407,131.0
7918537411740862407,97.0
7918537411740862407,117.0
7918537411740862407,107.0
7918537411740862407,106.0
7918537411740862407,98.0
7918537411740862407,114.0
7918537411740862407,101.0
7918537411740862407,114.0
7918537411740862407,118.0
7918537411740862407,118.0
7918537411740862407,120.0
7918537411740862407,93.0
7918537411740862407,93.0
7918537411740862407,116.0
7918537411740862407,116.0
7918537411740862407,87.0
7918537411740862407,100.0
7918537411740862407,113.0
7918537411740862407,109.0
7918537411740862407,109.0
7918537411740862407,102.0
7918537411740862407,113.0
7918537411740862407,131.0
7918537411740862407,91.0
7918537411740862407,111.0
7918537411740862407,87.0
7918537411740862407,122.0
7918537411740862407,105.0
7918537411740862407,112.0
7918537411740862407,94.0
7918537411740862407,98.0
7918537411740862407,106.0
7918537411740862407,98.0
7918537411740862407,121.0
7918537411740862407,122.0
7918537411740862407,106.0
7918537411740862407,113.0
7918537411740862407,90.0
7918537411740862407,109.0
7918537411740862407,100.0
7918537411740862407,96.0
7918537411740862407,104.0
7918537411740862407,83.0
7918537411740862407,90.0
7918537411740862407,133.0
7918537411740862407,98.0
7918537411740862407,90.0
7918537411740862407,103.0
7918537411740862407,108.0
7918537411740862407,110.0
7918537411740862407,117.0
7918537411740862407,134.0
7918537411740862407,108.0
7918537411740862407,92.0
7918537411740862407,83.0
7918537411740862407,130.0
7918537411740862407,119.0
7918537411740862407,95.0
7918537411740862407,119.0
7918537411740862407,112.0
7918537411740862407,132.0
7918537411740862407,109.0
7918537411740862407,112.0
7918537411740862407,106.0
7918537411740862407,115.0
7918537411740862407,103.0
7918537411740862407,85.0
7918537411740862407,100.0
7918537411740862407,118.0
7918537411740862407,101.0
7918537411740862407,108.0
7918537411740862407,105.0
7918537411740862407,112.0
7918537411740862407,89.0
7918537411740862407,126.0
7918537411740862407,134.0
7918537411740862407,104.0
7918537411740862407,117.0
7918537411740862407,117.0
7918537411740862407,100.0
7918537411740862407,102.0
7918537411740862407,89.0
7918537411740862407,101.0
7918537411740862407,125.0
7918537411740862407,118.0
7918537411740862407,127.0
7918537411740862407,108.0
7918537411740862407,119.0
7918537411740862407,134.0
7918537411740862407,115.0
7918537411740862407,108.0
7918537411740862407,128.0
7918537411740862407,96.0
7918537411740862407,102.0
7918537411740862407,98.0
7918537411740862407,91.0
7918537411740862407,102.0
7918537411740862407,114.0
7918537411740862407,131.0
7918537411740862407,93.0
7918537411740862407,111.0
7918537411740862407,91.0
7918537411740862407,101.0
7918537411740862407,85.0
7918537411740862407,117.0
7918537411740862407,100.0
7918537411740862407,115.0
7918537411740862407,96.0
7918537411740862407,116.0
7918537411740862407,93.0
7918537411740862407,113.0
7918537411740862407,106.0
7918537411740862407,110.0
7918537411740862407,114.0
7918537411740862407,122.0
7918537411740862407,93.0
7918537411740862407,145.0
7918537411740862407,129.0
7918537411740862407,105.0
7918537411740862407,109.0
7918537411740862407,110.0
7918537411740862407,112.0
7918537411740862407,121.0
7918537411740862407,103.0
7918537411740862407,123.0
7918537411740862407,95.0
7918537411740862407,101.0
7918537411740862407,115.0
7918537411740862407,111.0
7918537411740862407,111.0
7918537411740862407,134.0
7918537411740862407,110.0
7918537411740862407,117.0
7918537411740862407,109.0
7918537411740862407,109.0
7918537411740862407,97.0
7918537411740862407,110.0
7918537411740862407,100.0
7918537411740862407,92.0
7918537411740862407,99.0
7918537411740862407,87.0
7918537411740862407,104.0
7918537411740862407,138.0
7918537411740862407,95.0
7918537411740862407,97.0
7918537411740862407,96.0
7918537411740862407,117.0
7918537411740862407,91.0
7918537411740862407,104.0
7918537411740862407,97.0
7918537411740862407,127.0
7918537411740862407,91.0
7918537411740862407,85.0
7918537411740862407,98.0
7918537411740862407,133.0
7918537411740862407,123.0
7918537411740862407,102.0
7918537411740862407,117.0
7918537411740862407,85.0
7918537411740862407,111.0
7918537411740862407,82.0
7918537411740862407,104.0
7918537411740862407,102.0
7918537411740862407,104.0
7918537411740862407,118.0
7918537411740862407,122.0
7918537411740862407,104.0
7918537411740862407,100.0
7918537411740862407,115.0
7918537411740862407,89.0
7918537411740862407,127.0
7918537411740862407,120.0
7918537411740862407,107.0
7918537411740862407,110.0
7918537411740862407,110.0
7918537411740862407,106.0
7918537411740862407,110.0
7918537411740862407,118.0
7918537411740862407,110.0
7918537411740862407,126.0
7918537411740862407,109.0
7918537411740862407,93.0
7918537411740862407,119.0
7918537411740862407,108.0
7918537411740862407,130.0
7918537411740862407,108.0
7918537411740862407,102.0
7918537411740862407,113.0
7918537411740862407,98.0
7918537411740862407,123.0
7918537411740862407,92.0
7918537411740862407,105.0
7918537411740862407,125.0
7918537411740862407,101.0
7918537411740862407,135.0
7918537411740862407,115.0
7918537411740862407,100.0
7918537411740862407,107.0
7918537411740862407,104.0
7918537411740862407,110.0
7918537411740862407,90.0
7918537411740862407,102.0
7918537411740862407,84.0
7918537411740862407,97.0
7918537411740862407,119.0
7918537411740862407,103.0
7918537411740862407,87.0
7918537411740862407,96.0
7918537411740862407,108.0
7918537411740862407,116.0
7918537411740862407,116.0
7918537411740862407,110.0
7918537411740862407,94.0
7918537411740862407,111.0
7918537411740862407,108.0
7918537411740862407,102.0
7918537411740862407,137.0
7918537411740862407,108.0
7918537411740862407,132.0
7918537411740862407,93.0
7918537411740862407,115.0
7918537411740862407,113.0
7918537411740862407,118.0
7918537411740862407,112.0
7918537411740862407,109.0
7918537411740862407,104.0
7918537411740862407,97.0
7918537411740862407,90.0
7918537411740862407,109.0
7918537411740862407,113.0
7918537411740862407,107.0
7918537411740862407,110.0
7918537411740862407,103.0
7918537411740862407,114.0
7918537411740862407,109.0
7918537411740862407,100.0
7918537411740862407,100.0
7918537411740862407,89.0
7918537411740862407,111.0
7918537411740862407,110.0
7918537411740862407,106.0
7918537411740862407,125.0
7918537411740862407,109.0
7918537411740862407,133.0
7918537411740862407,99.0
7918537411740862407,92.0
7918537411740862407,100.0
7918537411740862407,90.0
7918537411740862407,102.0
7918537411740862407,101.0
7918537411740862407,105.0
7918537411740862407,110.0
7918537411740862407,100.0
7918537411740862407,101.0
7918537411740862407,99.0
7918537411740862407,95.0
7918537411740862407,132.0
7918537411740862407,101.0
7918537411740862407,103.0
7918537411740862407,115.0
7918537411740862407,90.0
7918537411740862407,119.0
7918537411740862407,105.0
7918537411740862407,109.0
7918537411740862407,102.0
7918537411740862407,110.0
7918537411740862407,91.0
7918537411740862407,108.0
7918537411740862407,100.0
7918537411740862407,110.0
7918537411740862407,83.0
7918537411740862407,109.0
7918537411740862407,104.0
7918537411740862407,96.0
7918537411740862407,121.0
7918537411740862407,128.0
7918537411740862407,95.0
7918537411740862407,106.0
7918537411740862407,114.0
7918537411740862407,95.0
7918537411740862407,104.0
7918537411740862407,106.0
7918537411740862407,120.0
7918537411740862407,114.0
7918537411740862407,95.0
7918537411740862407,120.0
7918537411740862407,105.0
7918537411740862407,106.0
7918537411740862407,89.0
7918537411740862407,119.0
7918537411740862407,127.0
7918537411740862407,118.0
7918537411740862407,106.0
7918537411740862407,126.0
7918537411740862407,93.0
7918537411740862407,103.0
7918537411740862407,97.0
7918537411740862407,123.0
7918537411740862407,124.0
7918537411740862407,99.0
7918537411740862407,118.0
7918537411740862407,113.0
7918537411740862407,86.0
7918537411740862407,89.0
7918537411740862407,104.0
7918537411740862407,95.0
7918537411740862407,103.0
7918537411740862407,106.0
7918537411740862407,117.0
7918537411740862407,78.0
7918537411740862407,109.0
7918537411740862407,100.0
7918537411740862407,113.0
7918537411740862407,107.0
7918537411740862407,103.0
7918537411740862407,114.0
7918537411740862407,117.0
7918537411740862407,115.0
7918537411740862407,124.0
7918537411740862407,95.0
7918537411740862407,97.0
7918537411740862407,115.0
7918537411740862407,108.0
7918537411740862407,106.0
7918537411740862407,115.0
7918537411740862407,77.0
7918537411740862407,87.0
7918537411740862407,110.0
7918537411740862407,111.0
7918537411740862407,114.0
7918537411740862407,108.0
7918537411740862407,116.0
7918537411740862407,123.0
7918537411740862407,108.0
7918537411740862407,119.0
7918537411740862407,105.0
7918537411740862407,119.0
7918537411740862407,104.0
7918537411740862407,112.0
7918537411740862407,98.0
7918537411740862407,110.0
7918537411740862407,132.0
7918537411740862407,105.0
7918537411740862407,99.0
7918537411740862407,141.0
7918537411740862407,119.0
7918537411740862407,126.0
7918537411740862407,128.0
7918537411740862407,101.0
7918537411740862407,120.0
7918537411740862407,122.0
7918537411740862407,109.0
7918537411740862407,98.0
7918537411740862407,109.0
7918537411740862407,89.0
7918537411740862407,115.0
7918537411740862407,124.0
7918537411740862407,90.0
7918537411740862407,119.0
7918537411740862407,111.0
7918537411740862407,102.0
7918537411740862407,99.0
7918537411740862407,106.0
7918537411740862407,117.0
7918537411740862407,105.0
7918537411740862407,90.0
7918537411740862407,109.0
7918537411740862407,105.0
7918537411740862407,93.0
7918537411740862407,109.0
7918537411740862407,119.0
7918537411740862407,98.0
7918537411740862407,109.0
7918537411740862407,100.0
7918537411740862407,116.0
7918537411740862407,87.0
7918537411740862407,125.0
7918537411740862407,104.0
7918537411740862407,119.0
7918537411740862407,98.0
7918537411740862407,90.0
7918537411740862407,122.0
7918537411740862407,119.0
7918537411740862407,103.0
7918537411740862407,94.0
7918537411740862407,106.0
7918537411740862407,103.0
7918537411740862407,119.0
7918537411740862407,103.0
7918537411740862407,90.0
7918537411740862407,111.0
7918537411740862407,122.0
7918537411740862407,116.0
7918537411740862407,89.0
7918537411740862407,126.0
7918537411740862407,105.0
7918537411740862407,92.0
7918537411740862407,106.0
7918537411740862407,124.0
7918537411740862407,117.0
7918537411740862407,91.0
7918537411740862407,123.0
7918537411740862407,130.0
7918537411740862407,117.0
7918537411740862407,104.0
7918537411740862407,137.0
7918537411740862407,106.0
7918537411740862407,98.0
7918537411740862407,113.0
7918537411740862407,120.0
7918537411740862407,122.0
7918537411740862407,125.0
7918537411740862407,110.0
7918537411740862407,111.0
7918537411740862407,119.0
7918537411740862407,116.0
7918537411740862407,106.0
7918537411740862407,101.0
7918537411740862407,117.0
7918537411740862407,105.0
7918537411740862407,98.0
7918537411740862407,97.0
7918537411740862407,98.0
7918537411740862407,132.0
7918537411740862407,94.0
7918537411740862407,111.0
7918537411740862407,104.0
7918537411740862407,111.0
7918537411740862407,107.0
7918537411740862407,110.0
7918537411740862407,89.0
7918537411740862407,119.0
7918537411740862407,102.0
7918537411740862407,115.0
7918537411740862407,108.0
7918537411740862407,113.0
7918537411740862407,126.0
7918537411740862407,116.0
7918537411740862407,127.0
7918537411740862407,112.0
7918537411740862407,120.0
7918537411740862407,112.0
7918537411740862407,129.0
7918537411740862407,107.0
7918537411740862407,101.0
7918537411740862407,105.0
7918537411740862407,95.0
7918537411740862407,119.0
7918537411740862407,111.0
7918537411740862407,112.0
7918537411740862407,102.0
7918537411740862407,118.0
7918537411740862407,118.0
7918537411740862407,110.0
7918537411740862407,107.0
7918537411740862407,118.0
7918537411740862407,105.0
7918537411740862407,114.0
7918537411740862407,108.0
7918537411740862407,138.0
7918537411740862407,120.0
7918537411740862407,128.0
7918537411740862407,86.0
7918537411740862407,102.0
7918537411740862407,112.0
7918537411740862407,104.0
7918537411740862407,113.0
7918537411740862407,122.0
7918537411740862407,136.0
7918537411740862407,93.0
7918537411740862407,113.0
7918537411740862407,106.0
7918537411740862407,102.0
7918537411740862407,107.0
7918537411740862407,111.0
7918537411740862407,126.0
7918537411740862407,102.0
7918537411740862407,88.0
7918537411740862407,90.0
7918537411740862407,112.0
7918537411740862407,109.0
7918537411740862407,124.0
7918537411740862407,117.0
7918537411740862407,97.0
7918537411740862407,117.0
7918537411740862407,96.0
7918537411740862407,117.0
7918537411740862407,94.0
7918537411740862407,106.0
7918537411740862407,95.0
7918537411740862407,112.0
7918537411740862407,114.0
7918537411740862407,111.0
7918537411740862407,110.0
7918537411740862407,93.0
7918537411740862407,124.0
7918537411740862407,99.0
7918537411740862407,109.0
7918537411740862407,97.0
7918537411740862407,103.0
7918537411740862407,111.0
7918537411740862407,102.0
7918537411740862407,125.0
7918537411740862407,133.0
7918537411740862407,98.0
7918537411740862407,117.0
7918537411740862407,107.0
7918537411740862407,91.0
7918537411740862407,127.0
7918537411740862407,103.0
7918537411740862407,113.0
7918537411740862407,109.0
7918537411740862407,114.0
7918537411740862407,102.0
7918537411740862407,101.0
7918537411740862407,124.0
7918537411740862407,135.0
7918537411740862407,99.0
7918537411740862407,105.0
7918537411740862407,122.0
7918537411740862407,94.0
7918537411740862407,111.0
7918537411740862407,123.0
7918537411740862407,109.0
7918537411740862407,120.0
7918537411740862407,105.0
7918537411740862407,115.0
7918537411740862407,101.0
7918537411740862407,96.0
7918537411740862407,100.0
7918537411740862407,119.0
7918537411740862407,105.0
7918537411740862407,120.0
7918537411740862407,115.0
7918537411740862407,128.0
7918537411740862407,102.0
7918537411740862407,111.0
7918537411740862407,91.0
7918537411740862407,105.0
7918537411740862407,114.0
7918537411740862407,122.0
7918537411740862407,115.0
7918537411740862407,117.0
7918537411740862407,119.0
7918537411740862407,91.0
7918537411740862407,93.0
7918537411740862407,112.0
7918537411740862407,103.0
7918537411740862407,112.0
7918537411740862407,110.0
7918537411740862407,86.0
7918537411740862407,120.0
7918537411740862407,107.0
7918537411740862407,108.0
7918537411740862407,91.0
7918537411740862407,123.0
7918537411740862407,105.0
7918537411740862407,108.0
7918537411740862407,105.0
7918537411740862407,116.0
7918537411740862407,124.0
7918537411740862407,123.0
7918537411740862407,112.0
7918537411740862407,114.0
7918537411740862407,105.0
7918537411740862407,100.0
7918537411740862407,96.0
7918537411740862407,103.0
7918537411740862407,118.0
7918537411740862407,90.0
7918537411740862407,118.0
7918537411740862407,83.0
7918537411740862407,110.0
7918537411740862407,92.0
7918537411740862407,107.0
7918537411740862407,106.0
7918537411740862407,114.0
7918537411740862407,118.0
7918537411740862407,82.0
7918537411740862407,111.0
7918537411740862407,96.0
7918537411740862407,97.0
7918537411740862407,95.0
7918537411740862407,124.0
7918537411740862407,106.0
7918537411740862407,87.0
7918537411740862407,106.0
7918537411740862407,112.0
7918537411740862407,115.0
7918537411740862407,103.0
7918537411740862407,106.0
7918537411740862407,93.0
7918537411740862407,106.0
7918537411740862407,115.0
7918537411740862407,111.0
7918537411740862407,114.0
7918537411740862407,98.0
7918537411740862407,106.0
7918537411740862407,108.0
7918537411740862407,108.0
7918537411740862407,105.0
7918537411740862407,111.0
7918537411740862407,119.0
7918537411740862407,95.0
7918537411740862407,121.0
7918537411740862407,116.0
7918537411740862407,94.0
7918537411740862407,118.0
7918537411740862407,119.0
7918537411740862407,99.0
7918537411740862407,127.0
7918537411740862407,109.0
7918537411740862407,102.0
7918537411740862407,113.0
7918537411740862407,110.0
7918537411740862407,102.0
7918537411740862407,108.0
7918537411740862407,97.0
7918537411740862407,140.0
7918537411740862407,136.0
7918537411740862407,110.0
7918537411740862407,106.0
7918537411740862407,112.0
7918537411740862407,92.0
7918537411740862407,113.0
7918537411740862407,106.0
7918537411740862407,88.0
7918537411740862407,100.0
7918537411740862407,80.0
7918537411740862407,118.0
7918537411740862407,105.0
7918537411740862407,121.0
7918537411740862407,103.0
7918537411740862407,97.0
7918537411740862407,104.0
7918537411740862407,99.0
7918537411740862407,120.0
7918537411740862407,108.0
7918537411740862407,113.0
7918537411740862407,98.0
7918537411740862407,112.0
7918537411740862407,106.0
7918537411740862407,126.0
7918537411740862407,124.0
7918537411740862407,111.0
7918537411740862407,99.0
7918537411740862407,115.0
7918537411740862407,101.0
7918537411740862407,91.0
7918537411740862407,130.0
7918537411740862407,121.0
7918537411740862407,116.0
7918537411740862407,124.0
7918537411740862407,102.0
7918537411740862407,96.0
7918537411740862407,105.0
7918537411740862407,106.0
7918537411740862407,113.0
7918537411740862407,105.0
7918537411740862407,104.0
7918537411740862407,115.0
7918537411740862407,104.0
7918537411740862407,119.0
7918537411740862407,122.0
7918537411740862407,113.0
7918537411740862407,114.0
7918537411740862407,87.0
7918537411740862407,102.0
7918537411740862407,100.0
7918537411740862407,110.0
7918537411740862407,110.0
7918537411740862407,108.0
7918537411740862407,104.0
7918537411740862407,110.0
7918537411740862407,113.0
7918537411740862407,102.0
7918537411740862407,108.0
7918537411740862407,122.0
7918537411740862407,117.0
7918537411740862407,104.0
7918537411740862407,127.0
7918537411740862407,105.0
7918537411740862407,98.0
7918537411740862407,115.0
7918537411740862407,118.0
7918537411740862407,132.0
7918537411740862407,109.0
7918537411740862407,119.0
7918537411740862407,95.0
7918537411740862407,93.0
7918537411740862407,84.0
7918537411740862407,90.0
7918537411740862407,91.0
7918537411740862407,104.0
7918537411740862407,115.0
7918537411740862407,99.0
7918537411740862407,117.0
7918537411740862407,116.0
7918537411740862407,118.0
7918537411740862407,127.0
7918537411740862407,103.0
7918537411740862407,111.0
7918537411740862407,123.0
7918537411740862407,116.0
7918537411740862407,102.0
7918537411740862407,113.0
7918537411740862407,125.0
7918537411740862407,114.0
7918537411740862407,88.0
7918537411740862407,102.0
7918537411740862407,97.0
7918537411740862407,104.0
7918537411740862407,113.0
7918537411740862407,105.0
7918537411740862407,109.0
7918537411740862407,107.0
7918537411740862407,103.0
7918537411740862407,83.0
7918537411740862407,113.0
7918537411740862407,107.0
7918537411740862407,110.0
7918537411740862407,97.0
7918537411740862407,113.0
7918537411740862407,103.0
7918537411740862407,104.0
7918537411740862407,106.0
7918537411740862407,100.0
7918537411740862407,115.0
7918537411740862407,113.0
7918537411740862407,117.0
7918537411740862407,107.0
7918537411740862407,97.0
7918537411740862407,104.0
7918537411740862407,99.0
7918537411740862407,110.0
7918537411740862407,119.0
7918537411740862407,108.0
7918537411740862407,100.0
7918537411740862407,119.0
7918537411740862407,98.0
7918537411740862407,94.0
7918537411740862407,109.0
7918537411740862407,114.0
7918537411740862407,118.0
7918537411740862407,90.0
7918537411740862407,93.0
7918537411740862407,113.0
7918537411740862407,99.0
7918537411740862407,111.0
7918537411740862407,99.0
7918537411740862407,112.0
7918537411740862407,106.0
7918537411740862407,107.0
7918537411740862407,111.0
7918537411740862407,101.0
7918537411740862407,112.0
7918537411740862407,91.0
7918537411740862407,103.0
7918537411740862407,107.0
7918537411740862407,104.0
7918537411740862407,85.0
7918537411740862407,117.0
7918537411740862407,114.0
7918537411740862407,118.0
7918537411740862407,110.0
7918537411740862407,113.0
7918537411740862407,114.0
7918537411740862407,113.0
7918537411740862407,106.0
7918537411740862407,119.0
7918537411740862407,108.0
7918537411740862407,117.0
7918537411740862407,95.0
7918537411740862407,104.0
7918537411740862407,114.0
7918537411740862407,113.0
7918537411740862407,103.0
7918537411740862407,120.0
7918537411740862407,110.0
7918537411740862407,109.0
7918537411740862407,113.0
7918537411740862407,107.0
7918537411740862407,113.0
7918537411740862407,124.0
7918537411740862407,94.0
7918537411740862407,86.0
7918537411740862407,99.0
7918537411740862407,109.0
7918537411740862407,111.0
7918537411740862407,117.0
7918537411740862407,104.0
7918537411740862407,105.0
7918537411740862407,94.0
7918537411740862407,117.0
7918537411740862407,114.0
7918537411740862407,112.0
7918537411740862407,112.0
7918537411740862407,117.0
7918537411740862407,132.0
7918537411740862407,110.0
7918537411740862407,100.0
7918537411740862407,103.0
7918537411740862407,126.0
7918537411740862407,119.0
7918537411740862407,88.0
7918537411740862407,104.0
7918537411740862407,101.0
7918537411740862407,101.0
7918537411740862407,103.0
7918537411740862407,117.0
7918537411740862407,83.0
7918537411740862407,123.0
7918537411740862407,118.0
7918537411740862407,111.0
7918537411740862407,92.0
7918537411740862407,100.0
7918537411740862407,130.0
7918537411740862407,113.0
7918537411740862407,91.0
7918537411740862407,120.0
7918537411740862407,107.0
7918537411740862407,101.0
7918537411740862407,122.0
7918537411740862407,99.0
7918537411740862407,104.0
7918537411740862407,117.0
7918537411740862407,122.0
7918537411740862407,109.0
7918537411740862407,116.0
7918537411740862407,93.0
7918537411740862407,115.0
7918537411740862407,95.0
7918537411740862407,127.0
7918537411740862407,98.0
7918537411740862407,106.0
7918537411740862407,128.0
7918537411740862407,97.0
7918537411740862407,102.0
7918537411740862407,120.0
7918537411740862407,114.0
7918537411740862407,98.0
7918537411740862407,104.0
7918537411740862407,109.0
7918537411740862407,122.0
7918537411740862407,108.0
7918537411740862407,117.0
7918537411740862407,103.0
7918537411740862407,105.0
7918537411740862407,114.0
7918537411740862407,106.0
7918537411740862407,109.0
7918537411740862407,85.0
7918537411740862407,121.0
7918537411740862407,118.0
7918537411740862407,89.0
7918537411740862407,98.0
7918537411740862407,94.0
7918537411740862407,123.0
7918537411740862407,99.0
7918537411740862407,137.0
7918537411740862407,94.0
7918537411740862407,100.0
7918537411740862407,113.0
7918537411740862407,93.0
7918537411740862407,97.0
7918537411740862407,125.0
7918537411740862407,113.0
7918537411740862407,122.0
7918537411740862407,125.0
7918537411740862407,112.0
7918537411740862407,109.0
7918537411740862407,95.0
7918537411740862407,122.0
7918537411740862407,98.0
7918537411740862407,105.0
7918537411740862407,105.0
7918537411740862407,125.0
7918537411740862407,121.0
7918537411740862407,93.0
7918537411740862407,109.0
7918537411740862407,114.0
7918537411740862407,112.0
7918537411740862407,104.0
7918537411740862407,107.0
7918537411740862407,115.0
7918537411740862407,104.0
7918537411740862407,83.0
7918537411740862407,121.0
7918537411740862407,125.0
7918537411740862407,105.0
7918537411740862407,102.0
7918537411740862407,98.0
7918537411740862407,98.0
7918537411740862407,98.0
7918537411740862407,105.0
7918537411740862407,104.0
7918537411740862407,114.0
7918537411740862407,96.0
7918537411740862407,120.0
7918537411740862407,120.0
7918537411740862407,105.0
7918537411740862407,110.0
7918537411740862407,110.0
7918537411740862407,83.0
7918537411740862407,110.0
7918537411740862407,114.0
7918537411740862407,99.0
7918537411740862407,128.0
7918537411740862407,126.0
7918537411740862407,107.0
7918537411740862407,96.0
7918537411740862407,111.0
7918537411740862407,103.0
7918537411740862407,127.0
7918537411740862407,100.0
7918537411740862407,96.0
7918537411740862407,97.0
7918537411740862407,111.0
7918537411740862407,96.0
7918537411740862407,120.0
7918537411740862407,115.0
7918537411740862407,111.0
7918537411740862407,92.0
7918537411740862407,99.0
7918537411740862407,118.0
7918537411740862407,143.0
7918537411740862407,96.0
7918537411740862407,123.0
7918537411740862407,118.0
7918537411740862407,117.0
7918537411740862407,93.0
7918537411740862407,112.0
7918537411740862407,106.0
7918537411740862407,114.0
7918537411740862407,116.0
7918537411740862407,89.0
7918537411740862407,98.0
7918537411740862407,113.0
7918537411740862407,108.0
7918537411740862407,112.0
7918537411740862407,92.0
7918537411740862407,123.0
7918537411740862407,104.0
7918537411740862407,108.0
7918537411740862407,132.0
7918537411740862407,106.0
7918537411740862407,124.0
7918537411740862407,105.0
7918537411740862407,121.0
7918537411740862407,99.0
7918537411740862407,100.0
7918537411740862407,120.0
7918537411740862407,109.0
7918537411740862407,109.0
7918537411740862407,103.0
7918537411740862407,103.0
7918537411740862407,112.0
7918537411740862407,122.0
7918537411740862407,89.0
7918537411740862407,117.0
7918537411740862407,106.0
7918537411740862407,108.0
7918537411740862407,96.0
7918537411740862407,96.0
7918537411740862407,97.0
7918537411740862407,108.0
7918537411740862407,117.0
7918537411740862407,109.0
7918537411740862407,109.0
7918537411740862407,129.0
7918537411740862407,104.0
7918537411740862407,108.0
7918537411740862407,98.0
7918537411740862407,93.0
7918537411740862407,101.0
7918537411740862407,102.0
7918537411740862407,115.0
7918537411740862407,115.0
7918537411740862407,121.0
7918537411740862407,107.0
7918537411740862407,112.0
7918537411740862407,102.0
7918537411740862407,132.0
7918537411740862407,96.0
7918537411740862407,99.0
7918537411740862407,126.0
7918537411740862407,107.0
7918537411740862407,94.0
7918537411740862407,106.0
7918537411740862407,104.0
7918537411740862407,104.0
7918537411740862407,112.0
7918537411740862407,99.0
7918537411740862407,107.0
7918537411740862407,114.0
7918537411740862407,128.0
7918537411740862407,99.0
7918537411740862407,108.0
7918537411740862407,100.0
7918537411740862407,100.0
7918537411740862407,107.0
7918537411740862407,122.0
7918537411740862407,112.0
7918537411740862407,102.0
7918537411740862407,87.0
7918537411740862407,100.0
7918537411740862407,118.0
7918537411740862407,126.0
7918537411740862407,105.0
7918537411740862407,90.0
7918537411740862407,117.0
7918537411740862407,98.0
7918537411740862407,115.0
7918537411740862407,111.0
7918537411740862407,115.0
7918537411740862407,110.0
7918537411740862407,114.0
7918537411740862407,130.0
7918537411740862407,122.0
7918537411740862407,94.0
7918537411740862407,89.0
7918537411740862407,104.0
7918537411740862407,95.0
7918537411740862407,110.0
7918537411740862407,115.0
7918537411740862407,98.0
7918537411740862407,117.0
7918537411740862407,111.0
7918537411740862407,106.0
7918537411740862407,112.0
7918537411740862407,100.0
7918537411740862407,108.0
7918537411740862407,92.0
7918537411740862407,134.0
7918537411740862407,110.0
7918537411740862407,117.0
7918537411740862407,103.0
7918537411740862407,108.0
7918537411740862407,111.0
7918537411740862407,91.0
7918537411740862407,96.0
7918537411740862407,104.0
7918537411740862407,105.0
7918537411740862407,102.0
7918537411740862407,109.0
7918537411740862407,105.0
7918537411740862407,125.0
7918537411740862407,111.0
7918537411740862407,113.0
7918537411740862407,94.0
7918537411740862407,111.0
7918537411740862407,106.0
7918537411740862407,107.0
7918537411740862407,102.0
7918537411740862407,110.0
7918537411740862407,114.0
7918537411740862407,109.0
7918537411740862407,116.0
7918537411740862407,108.0
7918537411740862407,88.0
7918537411740862407,93.0
7918537411740862407,107.0
7918537411740862407,110.0
7918537411740862407,107.0
7918537411740862407,119.0
7918537411740862407,107.0
7918537411740862407,120.0
7918537411740862407,97.0
7918537411740862407,85.0
7918537411740862407,87.0
7918537411740862407,110.0
7918537411740862407,115.0
7918537411740862407,117.0
7918537411740862407,113.0
7918537411740862407,103.0
7918537411740862407,133.0
7918537411740862407,117.0
7918537411740862407,109.0
7918537411740862407,116.0
7918537411740862407,99.0
7918537411740862407,111.0
7918537411740862407,114.0
7918537411740862407,117.0
7918537411740862407,103.0
7918537411740862407,110.0
7918537411740862407,126.0
7918537411740862407,124.0
7918537411740862407,109.0
7918537411740862407,117.0
7918537411740862407,98.0
7918537411740862407,94.0
7918537411740862407,140.0
7918537411740862407,120.0
7918537411740862407,109.0
7918537411740862407,92.0
7918537411740862407,117.0
7918537411740862407,91.0
7918537411740862407,107.0
7918537411740862407,115.0
7918537411740862407,107.0
7918537411740862407,129.0
7918537411740862407,108.0
7918537411740862407,113.0
7918537411740862407,105.0
7918537411740862407,107.0
7918537411740862407,85.0
7918537411740862407,105.0
7918537411740862407,119.0
7918537411740862407,94.0
7918537411740862407,114.0
7918537411740862407,105.0
7918537411740862407,90.0
7918537411740862407,106.0
7918537411740862407,98.0
7918537411740862407,96.0
7918537411740862407,102.0
7918537411740862407,117.0
7918537411740862407,97.0
7918537411740862407,91.0
7918537411740862407,116.0
7918537411740862407,94.0
7918537411740862407,110.0
7918537411740862407,105.0
7918537411740862407,106.0
7918537411740862407,115.0
7918537411740862407,104.0
7918537411740862407,91.0
7918537411740862407,132.0
7918537411740862407,147.0
7918537411740862407,112.0
7918537411740862407,103.0
7918537411740862407,109.0
7918537411740862407,109.0
7918537411740862407,97.0
7918537411740862407,99.0
7918537411740862407,108.0
7918537411740862407,111.0
7918537411740862407,106.0
7918537411740862407,105.0
7918537411740862407,121.0
7918537411740862407,91.0
7918537411740862407,98.0
7918537411740862407,128.0
7918537411740862407,86.0
7918537411740862407,109.0
7918537411740862407,109.0
7918537411740862407,100.0
7918537411740862407,125.0
7918537411740862407,132.0
7918537411740862407,116.0
7918537411740862407,102.0
7918537411740862407,125.0
7918537411740862407,119.0
7918537411740862407,109.0
7918537411740862407,106.0
7918537411740862407,111.0
7918537411740862407,123.0
7918537411740862407,120.0
7918537411740862407,121.0
7918537411740862407,94.0
7918537411740862407,118.0
7918537411740862407,108.0
7918537411740862407,106.0
7918537411740862407,113.0
7918537411740862407,105.0
7918537411740862407,88.0
7918537411740862407,117.0
7918537411740862407,121.0
7918537411740862407,108.0
7918537411740862407,89.0
7918537411740862407,107.0
7918537411740862407,89.0
7918537411740862407,97.0
7918537411740862407,99.0
7918537411740862407,120.0
7918537411740862407,93.0
7918537411740862407,113.0
7918537411740862407,100.0
7918537411740862407,102.0
7918537411740862407,99.0
7918537411740862407,118.0
7918537411740862407,118.0
7918537411740862407,94.0
7918537411740862407,94.0
7918537411740862407,113.0
7918537411740862407,97.0
7918537411740862407,115.0
7918537411740862407,104.0
7918537411740862407,112.0
7918537411740862407,106.0
7918537411740862407,112.0
7918537411740862407,92.0
7918537411740862407,96.0
7918537411740862407,105.0
7918537411740862407,101.0
7918537411740862407,109.0
7918537411740862407,101.0
7918537411740862407,112.0
7918537411740862407,115.0
7918537411740862407,107.0
7918537411740862407,103.0
7918537411740862407,92.0
7918537411740862407,94.0
7918537411740862407,115.0
7918537411740862407,101.0
7918537411740862407,115.0
7918537411740862407,111.0
7918537411740862407,117.0
7918537411740862407,99.0
7918537411740862407,89.0
7918537411740862407,126.0
7918537411740862407,123.0
7918537411740862407,130.0
7918537411740862407,110.0
7918537411740862407,129.0
7918537411740862407,103.0
7918537411740862407,93.0
7918537411740862407,129.0
7918537411740862407,97.0
7918537411740862407,123.0
7918537411740862407,111.0
7918537411740862407,126.0
7918537411740862407,114.0
7918537411740862407,111.0
7918537411740862407,110.0
7918537411740862407,115.0
7918537411740862407,121.0
7918537411740862407,100.0
7918537411740862407,100.0
7918537411740862407,111.0
7918537411740862407,106.0
7918537411740862407,115.0
7918537411740862407,97.0
7918537411740862407,114.0
7918537411740862407,97.0
7918537411740862407,104.0
7918537411740862407,110.0
7918537411740862407,124.0
7918537411740862407,104.0
7918537411740862407,122.0
7918537411740862407,107.0
7918537411740862407,103.0
7918537411740862407,91.0
7918537411740862407,88.0
7918537411740862407,106.0
7918537411740862407,109.0
7918537411740862407,115.0
7918537411740862407,96.0
7918537411740862407,107.0
7918537411740862407,110.0
7918537411740862407,95.0
7918537411740862407,86.0
7918537411740862407,106.0
7918537411740862407,113.0
7918537411740862407,117.0
7918537411740862407,107.0
7918537411740862407,106.0
7918537411740862407,134.0
7918537411740862407,105.0
7918537411740862407,109.0
7918537411740862407,96.0
7918537411740862407,97.0
7918537411740862407,99.0
7918537411740862407,113.0
7918537411740862407,99.0
7918537411740862407,101.0
7918537411740862407,127.0
7918537411740862407,122.0
7918537411740862407,85.0
7918537411740862407,105.0
7918537411740862407,119.0
7918537411740862407,119.0
7918537411740862407,101.0
7918537411740862407,108.0
7918537411740862407,110.0
7918537411740862407,107.0
7918537411740862407,124.0
7918537411740862407,109.0
7918537411740862407,121.0
7918537411740862407,125.0
7918537411740862407,84.0
7918537411740862407,121.0
7918537411740862407,90.0
7918537411740862407,100.0
7918537411740862407,114.0
7918537411740862407,116.0
7918537411740862407,108.0
7918537411740862407,119.0
7918537411740862407,115.0
7918537411740862407,101.0
7918537411740862407,123.0
7918537411740862407,109.0
7918537411740862407,99.0
7918537411740862407,111.0
7918537411740862407,108.0
7918537411740862407,113.0
7918537411740862407,127.0
7918537411740862407,112.0
7918537411740862407,103.0
7918537411740862407,81.0
7918537411740862407,91.0
7918537411740862407,100.0
7918537411740862407,100.0
7918537411740862407,116.0
7918537411740862407,107.0
7918537411740862407,113.0
7918537411740862407,110.0
7918537411740862407,102.0
7918537411740862407,100.0
7918537411740862407,126.0
7918537411740862407,108.0
7918537411740862407,94.0
7918537411740862407,109.0
7918537411740862407,106.0
7918537411740862407,112.0
7918537411740862407,99.0
7918537411740862407,106.0
7918537411740862407,108.0
7918537411740862407,111.0
7918537411740862407,122.0
7918537411740862407,116.0
7918537411740862407,118.0
7918537411740862407,113.0
7918537411740862407,91.0
7918537411740862407,109.0
7918537411740862407,135.0
7918537411740862407,112.0
7918537411740862407,104.0
7918537411740862407,99.0
7918537411740862407,105.0
7918537411740862407,110.0
7918537411740862407,82.0
7918537411740862407,101.0
7918537411740862407,101.0
7918537411740862407,102.0
7918537411740862407,101.0
7918537411740862407,123.0
7918537411740862407,116.0
7918537411740862407,113.0
7918537411740862407,132.0
7918537411740862407,110.0
7918537411740862407,103.0
7918537411740862407,109.0
7918537411740862407,107.0
7918537411740862407,105.0
7918537411740862407,124.0
7918537411740862407,109.0
7918537411740862407,101.0
7918537411740862407,104.0
7918537411740862407,115.0
7918537411740862407,100.0
7918537411740862407,104.0
7918537411740862407,106.0
7918537411740862407,102.0
7918537411740862407,84.0
7918537411740862407,107.0
7918537411740862407,84.0
7918537411740862407,132.0
7918537411740862407,97.0
7918537411740862407,102.0
7918537411740862407,95.0
7918537411740862407,103.0
7918537411740862407,121.0
7918537411740862407,90.0
7918537411740862407,116.0
7918537411740862407,94.0
7918537411740862407,99.0
7918537411740862407,106.0
7918537411740862407,118.0
7918537411740862407,107.0
7918537411740862407,124.0
7918537411740862407,106.0
7918537411740862407,113.0
7918537411740862407,107.0
7918537411740862407,114.0
7918537411740862407,128.0
7918537411740862407,124.0
7918537411740862407,119.0
7918537411740862407,100.0
7918537411740862407,106.0
7918537411740862407,108.0
7918537411740862407,129.0
7918537411740862407,111.0
7918537411740862407,103.0
7918537411740862407,101.0
7918537411740862407,91.0
7918537411740862407,118.0
7918537411740862407,84.0
7918537411740862407,105.0
7918537411740862407,86.0
7918537411740862407,105.0
7918537411740862407,106.0
7918537411740862407,121.0
7918537411740862407,120.0
7918537411740862407,105.0
7918537411740862407,111.0
7918537411740862407,109.0
7918537411740862407,109.0
7918537411740862407,120.0
7918537411740862407,122.0
7918537411740862407,99.0
7918537411740862407,106.0
7918537411740862407,99.0
7918537411740862407,124.0
7918537411740862407,88.0
7918537411740862407,127.0
7918537411740862407,112.0
7918537411740862407,115.0
7918537411740862407,113.0
7918537411740862407,103.0
7918537411740862407,94.0
7918537411740862407,135.0
7918537411740862407,102.0
7918537411740862407,112.0
7918537411740862407,122.0
7918537411740862407,123.0
7918537411740862407,125.0
7918537411740862407,109.0
7918537411740862407,104.0
7918537411740862407,104.0
7918537411740862407,108.0
7918537411740862407,108.0
7918537411740862407,104.0
7918537411740862407,114.0
7918537411740862407,98.0
7918537411740862407,114.0
7918537411740862407,110.0
7918537411740862407,112.0
7918537411740862407,131.0
7918537411740862407,126.0
7918537411740862407,109.0
7918537411740862407,112.0
7918537411740862407,109.0
7918537411740862407,96.0
7918537411740862407,108.0
7918537411740862407,122.0
7918537411740862407,104.0
7918537411740862407,107.0
7918537411740862407,111.0
7918537411740862407,109.0
7918537411740862407,113.0
7918537411740862407,110.0
7918537411740862407,106.0
7918537411740862407,107.0
7918537411740862407,101.0
7918537411740862407,94.0
7918537411740862407,125.0
7918537411740862407,102.0
7918537411740862407,128.0
7918537411740862407,112.0
7918537411740862407,116.0
7918537411740862407,105.0
7918537411740862407,123.0
7918537411740862407,112.0
7918537411740862407,112.0
7918537411740862407,111.0
7918537411740862407,117.0
7918537411740862407,102.0
7918537411740862407,102.0
7918537411740862407,108.0
7918537411740862407,113.0
7918537411740862407,116.0
7918537411740862407,83.0
7918537411740862407,92.0
7918537411740862407,114.0
7918537411740862407,94.0
7918537411740862407,112.0
7918537411740862407,115.0
7918537411740862407,124.0
7918537411740862407,110.0
7918537411740862407,114.0
7918537411740862407,101.0
7918537411740862407,107.0
7918537411740862407,106.0
7918537411740862407,104.0
7918537411740862407,112.0
7918537411740862407,108.0
7918537411740862407,106.0
7918537411740862407,108.0
7918537411740862407,88.0
7918537411740862407,125.0
7918537411740862407,105.0
7918537411740862407,89.0
7918537411740862407,125.0
7918537411740862407,86.0
7918537411740862407,110.0
7918537411740862407,111.0
7918537411740862407,108.0
7918537411740862407,99.0
7918537411740862407,115.0
7918537411740862407,91.0
7918537411740862407,122.0
7918537411740862407,118.0
7918537411740862407,110.0
7918537411740862407,89.0
7918537411740862407,97.0
7918537411740862407,94.0
7918537411740862407,122.0
7918537411740862407,110.0
7918537411740862407,116.0
7918537411740862407,103.0
7918537411740862407,91.0
7918537411740862407,87.0
7918537411740862407,105.0
7918537411740862407,116.0
7918537411740862407,99.0
7918537411740862407,102.0
7918537411740862407,106.0
7918537411740862407,122.0
7918537411740862407,120.0
7918537411740862407,111.0
7918537411740862407,112.0
7918537411740862407,117.0
7918537411740862407,93.0
7918537411740862407,117.0
7918537411740862407,112.0
7918537411740862407,118.0
7918537411740862407,115.0
7918537411740862407,113.0
7918537411740862407,91.0
7918537411740862407,106.0
7918537411740862407,105.0
7918537411740862407,105.0
7918537411740862407,117.0
7918537411740862407,108.0
7918537411740862407,134.0
7918537411740862407,108.0
7918537411740862407,85.0
7918537411740862407,126.0
7918537411740862407,114.0
7918537411740862407,115.0
7918537411740862407,110.0
7918537411740862407,98.0
7918537411740862407,109.0
7918537411740862407,105.0
7918537411740862407,106.0
7918537411740862407,126.0
7918537411740862407,106.0
7918537411740862407,92.0
7918537411740862407,113.0
7918537411740862407,115.0
7918537411740862407,105.0
7918537411740862407,108.0
7918537411740862407,114.0
7918537411740862407,118.0
7918537411740862407,111.0
7918537411740862407,92.0
7918537411740862407,109.0
7918537411740862407,130.0
7918537411740862407,114.0
7918537411740862407,105.0
7918537411740862407,90.0
7918537411740862407,106.0
7918537411740862407,121.0
7918537411740862407,94.0
7918537411740862407,104.0
7918537411740862407,116.0
7918537411740862407,105.0
7918537411740862407,117.0
7918537411740862407,114.0
7918537411740862407,90.0
7918537411740862407,100.0
7918537411740862407,115.0
7918537411740862407,95.0
7918537411740862407,103.0
7918537411740862407,115.0
7918537411740862407,112.0
7918537411740862407,116.0
7918537411740862407,104.0
7918537411740862407,112.0
7918537411740862407,123.0
7918537411740862407,119.0
7918537411740862407,109.0
7918537411740862407,110.0
7918537411740862407,106.0
7918537411740862407,106.0
7918537411740862407,107.0
7918537411740862407,98.0
7918537411740862407,105.0
7918537411740862407,122.0
7918537411740862407,99.0
7918537411740862407,92.0
7918537411740862407,119.0
7918537411740862407,92.0
7918537411740862407,97.0
7918537411740862407,97.0
7918537411740862407,89.0
7918537411740862407,107.0
7918537411740862407,127.0
7918537411740862407,89.0
7918537411740862407,111.0
7918537411740862407,102.0
7918537411740862407,112.0
7918537411740862407,125.0
7918537411740862407,114.0
7918537411740862407,113.0
7918537411740862407,100.0
7918537411740862407,129.0
7918537411740862407,105.0
7918537411740862407,89.0
7918537411740862407,94.0
7918537411740862407,127.0
7918537411740862407,116.0
7918537411740862407,133.0
7918537411740862407,99.0
7918537411740862407,110.0
7918537411740862407,120.0
7918537411740862407,102.0
7918537411740862407,90.0
7918537411740862407,106.0
7918537411740862407,101.0
7918537411740862407,119.0
7918537411740862407,112.0
7918537411740862407,123.0
7918537411740862407,107.0
7918537411740862407,103.0
7918537411740862407,107.0
7918537411740862407,94.0
7918537411740862407,108.0
7918537411740862407,101.0
7918537411740862407,88.0
7918537411740862407,112.0
7918537411740862407,116.0
7918537411740862407,103.0
7918537411740862407,119.0
7918537411740862407,114.0
7918537411740862407,110.0
7918537411740862407,114.0
7918537411740862407,112.0
7918537411740862407,116.0
7918537411740862407,115.0
7918537411740862407,139.0
7918537411740862407,127.0
7918537411740862407,91.0
7918537411740862407,97.0
7918537411740862407,106.0
7918537411740862407,105.0
7918537411740862407,123.0
7918537411740862407,112.0
7918537411740862407,131.0
7918537411740862407,117.0
7918537411740862407,112.0
7918537411740862407,93.0
7918537411740862407,132.0
7918537411740862407,104.0
7918537411740862407,96.0
7918537411740862407,111.0
7918537411740862407,112.0
7918537411740862407,112.0
7918537411740862407,134.0
7918537411740862407,112.0
7918537411740862407,111.0
7918537411740862407,118.0
7918537411740862407,104.0
7918537411740862407,110.0
7918537411740862407,108.0
7918537411740862407,128.0
7918537411740862407,91.0
7918537411740862407,114.0
7918537411740862407,106.0
7918537411740862407,122.0
7918537411740862407,87.0
7918537411740862407,110.0
7918537411740862407,110.0
7918537411740862407,98.0
7918537411740862407,119.0
7918537411740862407,86.0
7918537411740862407,118.0
7918537411740862407,105.0
7918537411740862407,97.0
7918537411740862407,92.0
7918537411740862407,126.0
7918537411740862407,111.0
7918537411740862407,97.0
7918537411740862407,106.0
7918537411740862407,87.0
7918537411740862407,102.0
7918537411740862407,107.0
7918537411740862407,104.0
7918537411740862407,110.0
7918537411740862407,88.0
7918537411740862407,114.0
7918537411740862407,99.0
7918537411740862407,118.0
7918537411740862407,115.0
7918537411740862407,112.0
7918537411740862407,94.0
7918537411740862407,105.0
7918537411740862407,117.0
7918537411740862407,84.0
7918537411740862407,111.0
7918537411740862407,113.0
7918537411740862407,114.0
7918537411740862407,119.0
7918537411740862407,95.0
7918537411740862407,122.0
7918537411740862407,96.0
7918537411740862407,98.0
7918537411740862407,97.0
7918537411740862407,105.0
7918537411740862407,122.0
7918537411740862407,117.0
7918537411740862407,99.0
7918537411740862407,105.0
7918537411740862407,119.0
7918537411740862407,104.0
7918537411740862407,94.0
7918537411740862407,103.0
7918537411740862407,101.0
7918537411740862407,141.0
7918537411740862407,88.0
7918537411740862407,101.0
7918537411740862407,115.0
7918537411740862407,104.0
7918537411740862407,108.0
7918537411740862407,108.0
7918537411740862407,93.0
7918537411740862407,106.0
7918537411740862407,90.0
7918537411740862407,89.0
7918537411740862407,129.0
7918537411740862407,105.0
7918537411740862407,100.0
7918537411740862407,106.0
7918537411740862407,125.0
7918537411740862407,113.0
7918537411740862407,119.0
7918537411740862407,114.0
7918537411740862407,123.0
7918537411740862407,114.0
7918537411740862407,115.0
7918537411740862407,103.0
7918537411740862407,125.0
7918537411740862407,96.0
7918537411740862407,110.0
7918537411740862407,109.0
7918537411740862407,115.0
7918537411740862407,112.0
7918537411740862407,116.0
7918537411740862407,106.0
7918537411740862407,115.0
7918537411740862407,117.0
7918537411740862407,90.0
7918537411740862407,104.0
7918537411740862407,88.0
7918537411740862407,101.0
7918537411740862407,107.0
7918537411740862407,95.0
7918537411740862407,120.0
7918537411740862407,135.0
7918537411740862407,100.0
7918537411740862407,124.0
7918537411740862407,103.0
7918537411740862407,118.0
7918537411740862407,116.0
7918537411740862407,109.0
7918537411740862407,103.0
7918537411740862407,118.0
7918537411740862407,102.0
7918537411740862407,113.0
7918537411740862407,110.0
7918537411740862407,115.0
7918537411740862407,122.0
7918537411740862407,94.0
7918537411740862407,114.0
7918537411740862407,125.0
7918537411740862407,115.0
7918537411740862407,134.0
7918537411740862407,100.0
7918537411740862407,115.0
7918537411740862407,90.0
7918537411740862407,90.0
7918537411740862407,108.0
7918537411740862407,106.0
7918537411740862407,104.0
7918537411740862407,133.0
7918537411740862407,99.0
7918537411740862407,118.0
7918537411740862407,114.0
7918537411740862407,88.0
7918537411740862407,122.0
7918537411740862407,114.0
7918537411740862407,92.0
7918537411740862407,111.0
7918537411740862407,109.0
7918537411740862407,111.0
7918537411740862407,103.0
7918537411740862407,86.0
7918537411740862407,114.0
7918537411740862407,118.0
7918537411740862407,105.0
7918537411740862407,85.0
7918537411740862407,104.0
7918537411740862407,124.0
7918537411740862407,97.0
7918537411740862407,91.0
7918537411740862407,108.0
7918537411740862407,103.0
7918537411740862407,106.0
7918537411740862407,100.0
7918537411740862407,103.0
7918537411740862407,114.0
7918537411740862407,114.0
7918537411740862407,105.0
7918537411740862407,102.0
7918537411740862407,102.0
7918537411740862407,112.0
7918537411740862407,106.0
7918537411740862407,124.0
7918537411740862407,88.0
7918537411740862407,81.0
7918537411740862407,89.0
7918537411740862407,104.0
7918537411740862407,91.0
7918537411740862407,100.0
7918537411740862407,113.0
7918537411740862407,94.0
7918537411740862407,124.0
7918537411740862407,92.0
7918537411740862407,109.0
7918537411740862407,126.0
7918537411740862407,97.0
7918537411740862407,86.0
7918537411740862407,106.0
7918537411740862407,135.0
7918537411740862407,113.0
7918537411740862407,118.0
7918537411740862407,129.0
7918537411740862407,109.0
7918537411740862407,95.0
7918537411740862407,124.0
7918537411740862407,110.0
7918537411740862407,129.0
7918537411740862407,117.0
7918537411740862407,119.0
7918537411740862407,82.0
7918537411740862407,112.0
7918537411740862407,110.0
7918537411740862407,120.0
7918537411740862407,100.0
7918537411740862407,113.0
7918537411740862407,107.0
7918537411740862407,101.0
7918537411740862407,115.0
7918537411740862407,92.0
7918537411740862407,101.0
7918537411740862407,101.0
7918537411740862407,94.0
7918537411740862407,101.0
7918537411740862407,112.0
7918537411740862407,118.0
7918537411740862407,106.0
7918537411740862407,134.0
7918537411740862407,112.0
7918537411740862407,100.0
7918537411740862407,110.0
7918537411740862407,106.0
7918537411740862407,111.0
7918537411740862407,110.0
7918537411740862407,107.0
7918537411740862407,106.0
7918537411740862407,108.0
7918537411740862407,126.0
7918537411740862407,107.0
7918537411740862407,127.0
7918537411740862407,110.0
7918537411740862407,87.0
7918537411740862407,108.0
7918537411740862407,86.0
7918537411740862407,105.0
7918537411740862407,105.0
7918537411740862407,111.0
7918537411740862407,111.0
7918537411740862407,109.0
7918537411740862407,103.0
7918537411740862407,129.0
7918537411740862407,104.0
7918537411740862407,120.0
7918537411740862407,84.0
7918537411740862407,101.0
7918537411740862407,92.0
7918537411740862407,88.0
7918537411740862407,127.0
7918537411740862407,94.0
7918537411740862407,109.0
7918537411740862407,117.0
7918537411740862407,97.0
7918537411740862407,97.0
7918537411740862407,83.0
7918537411740862407,166.0
7918537411740862407,120.0
7918537411740862407,99.0
7918537411740862407,105.0
7918537411740862407,118.0
7918537411740862407,123.0
7918537411740862407,126.0
7918537411740862407,102.0
7918537411740862407,94.0
7918537411740862407,105.0
7918537411740862407,99.0
7918537411740862407,115.0
7918537411740862407,99.0
7918537411740862407,109.0
7918537411740862407,113.0
7918537411740862407,112.0
7918537411740862407,113.0
7918537411740862407,115.0
7918537411740862407,114.0
7918537411740862407,115.0
7918537411740862407,96.0
7918537411740862407,114.0
7918537411740862407,114.0
7918537411740862407,103.0
7918537411740862407,102.0
7918537411740862407,115.0
7918537411740862407,113.0
7918537411740862407,89.0
7918537411740862407,120.0
7918537411740862407,103.0
7918537411740862407,115.0
7918537411740862407,85.0
7918537411740862407,100.0
7918537411740862407,116.0
7918537411740862407,116.0
7918537411740862407,95.0
7918537411740862407,129.0
7918537411740862407,105.0
7918537411740862407,112.0
7918537411740862407,100.0
7918537411740862407,101.0
7918537411740862407,115.0
7918537411740862407,97.0
7918537411740862407,87.0
7918537411740862407,125.0
7918537411740862407,150.0
7918537411740862407,113.0
7918537411740862407,103.0
7918537411740862407,104.0
7918537411740862407,107.0
7918537411740862407,105.0
7918537411740862407,128.0
7918537411740862407,124.0
7918537411740862407,112.0
7918537411740862407,127.0
7918537411740862407,123.0
7918537411740862407,96.0
7918537411740862407,101.0
7918537411740862407,112.0
7918537411740862407,106.0
7918537411740862407,109.0
7918537411740862407,121.0
7918537411740862407,121.0
7918537411740862407,88.0
7918537411740862407,91.0
7918537411740862407,116.0
7918537411740862407,96.0
7918537411740862407,98.0
7918537411740862407,129.0
7918537411740862407,117.0
7918537411740862407,106.0
7918537411740862407,113.0
7918537411740862407,115.0
7918537411740862407,114.0
7918537411740862407,91.0
7918537411740862407,107.0
7918537411740862407,123.0
7918537411740862407,93.0
7918537411740862407,119.0
7918537411740862407,125.0
7918537411740862407,104.0
7918537411740862407,106.0
7918537411740862407,99.0
7918537411740862407,109.0
7918537411740862407,117.0
7918537411740862407,114.0
7918537411740862407,98.0
7918537411740862407,125.0
7918537411740862407,97.0
7918537411740862407,111.0
7918537411740862407,125.0
7918537411740862407,123.0
7918537411740862407,122.0
7918537411740862407,105.0
7918537411740862407,97.0
7918537411740862407,121.0
7918537411740862407,97.0
7918537411740862407,111.0
7918537411740862407,114.0
7918537411740862407,122.0
7918537411740862407,93.0
7918537411740862407,98.0
7918537411740862407,107.0
7918537411740862407,102.0
7918537411740862407,109.0
7918537411740862407,124.0
7918537411740862407,109.0
7918537411740862407,114.0
7918537411740862407,139.0
7918537411740862407,113.0
7918537411740862407,112.0
7918537411740862407,114.0
7918537411740862407,102.0
7918537411740862407,107.0
7918537411740862407,86.0
7918537411740862407,115.0
7918537411740862407,98.0
7918537411740862407,100.0
7918537411740862407,126.0
7918537411740862407,102.0
7918537411740862407,114.0
7918537411740862407,109.0
7918537411740862407,114.0
7918537411740862407,116.0
7918537411740862407,128.0
7918537411740862407,93.0
7918537411740862407,87.0
7918537411740862407,99.0
7918537411740862407,116.0
7918537411740862407,108.0
7918537411740862407,107.0
7918537411740862407,99.0
7918537411740862407,101.0
7918537411740862407,93.0
7918537411740862407,115.0
7918537411740862407,91.0
7918537411740862407,109.0
7918537411740862407,117.0
7918537411740862407,114.0
7918537411740862407,94.0
7918537411740862407,109.0
7918537411740862407,109.0
7918537411740862407,108.0
7918537411740862407,92.0
7918537411740862407,100.0
7918537411740862407,96.0
7918537411740862407,108.0
7918537411740862407,103.0
7918537411740862407,101.0
7918537411740862407,124.0
7918537411740862407,105.0
7918537411740862407,99.0
7918537411740862407,101.0
7918537411740862407,108.0
7918537411740862407,122.0
7918537411740862407,90.0
7918537411740862407,90.0
7918537411740862407,141.0
7918537411740862407,94.0
7918537411740862407,96.0
7918537411740862407,106.0
7918537411740862407,115.0
7918537411740862407,105.0
7918537411740862407,101.0
7918537411740862407,106.0
7918537411740862407,89.0
7918537411740862407,111.0
7918537411740862407,100.0
7918537411740862407,98.0
7918537411740862407,115.0
7918537411740862407,112.0
7918537411740862407,116.0
7918537411740862407,119.0
7918537411740862407,96.0
7918537411740862407,119.0
7918537411740862407,116.0
7918537411740862407,114.0
7918537411740862407,111.0
7918537411740862407,99.0
7918537411740862407,131.0
7918537411740862407,124.0
7918537411740862407,98.0
7918537411740862407,107.0
7918537411740862407,122.0
7918537411740862407,117.0
7918537411740862407,123.0
7918537411740862407,88.0
7918537411740862407,83.0
7918537411740862407,132.0
7918537411740862407,105.0
7918537411740862407,103.0
7918537411740862407,109.0
7918537411740862407,106.0
7918537411740862407,106.0
7918537411740862407,116.0
7918537411740862407,99.0
7918537411740862407,110.0
7918537411740862407,105.0
7918537411740862407,109.0
7918537411740862407,112.0
7918537411740862407,118.0
7918537411740862407,110.0
7918537411740862407,95.0
7918537411740862407,116.0
7918537411740862407,118.0
7918537411740862407,107.0
7918537411740862407,107.0
7918537411740862407,114.0
7918537411740862407,123.0
7918537411740862407,107.0
7918537411740862407,87.0
7918537411740862407,104.0
7918537411740862407,116.0
7918537411740862407,86.0
7918537411740862407,99.0
7918537411740862407,101.0
7918537411740862407,118.0
7918537411740862407,110.0
7918537411740862407,103.0
7918537411740862407,103.0
7918537411740862407,107.0
7918537411740862407,114.0
7918537411740862407,108.0
7918537411740862407,93.0
7918537411740862407,97.0
7918537411740862407,100.0
7918537411740862407,87.0
7918537411740862407,109.0
7918537411740862407,126.0
7918537411740862407,121.0
7918537411740862407,114.0
7918537411740862407,98.0
7918537411740862407,104.0
7918537411740862407,114.0
7918537411740862407,97.0
7918537411740862407,119.0
7918537411740862407,114.0
7918537411740862407,86.0
7918537411740862407,100.0
7918537411740862407,115.0
7918537411740862407,100.0
7918537411740862407,110.0
7918537411740862407,105.0
7918537411740862407,91.0
7918537411740862407,120.0
7918537411740862407,111.0
7918537411740862407,85.0
7918537411740862407,91.0
7918537411740862407,122.0
7918537411740862407,100.0
7918537411740862407,106.0
7918537411740862407,145.0
7918537411740862407,89.0
7918537411740862407,120.0
7918537411740862407,109.0
7918537411740862407,101.0
7918537411740862407,92.0
7918537411740862407,115.0
7918537411740862407,116.0
7918537411740862407,118.0
7918537411740862407,90.0
7918537411740862407,106.0
7918537411740862407,104.0
7918537411740862407,114.0
7918537411740862407,108.0
7918537411740862407,90.0
7918537411740862407,109.0
7918537411740862407,104.0
7918537411740862407,97.0
7918537411740862407,122.0
7918537411740862407,115.0
7918537411740862407,88.0
7918537411740862407,108.0
7918537411740862407,97.0
7918537411740862407,109.0
7918537411740862407,114.0
7918537411740862407,112.0
7918537411740862407,93.0
7918537411740862407,118.0
7918537411740862407,94.0
7918537411740862407,125.0
7918537411740862407,103.0
7918537411740862407,122.0
7918537411740862407,114.0
7918537411740862407,93.0
7918537411740862407,112.0
7918537411740862407,118.0
7918537411740862407,96.0
7918537411740862407,112.0
7918537411740862407,98.0
7918537411740862407,110.0
7918537411740862407,101.0
7918537411740862407,106.0
7918537411740862407,105.0
7918537411740862407,118.0
7918537411740862407,89.0
7918537411740862407,105.0
7918537411740862407,96.0
7918537411740862407,101.0
7918537411740862407,100.0
7918537411740862407,100.0
7918537411740862407,106.0
7918537411740862407,96.0
7918537411740862407,114.0
7918537411740862407,90.0
7918537411740862407,108.0
7918537411740862407,105.0
7918537411740862407,109.0
7918537411740862407,120.0
7918537411740862407,112.0
7918537411740862407,108.0
7918537411740862407,112.0
7918537411740862407,108.0
7918537411740862407,109.0
7918537411740862407,122.0
7918537411740862407,106.0
7918537411740862407,114.0
7918537411740862407,97.0
7918537411740862407,101.0
7918537411740862407,102.0
7918537411740862407,120.0
7918537411740862407,107.0
7918537411740862407,109.0
7918537411740862407,114.0
7918537411740862407,118.0
7918537411740862407,112.0
7918537411740862407,103.0
7918537411740862407,129.0
7918537411740862407,121.0
7918537411740862407,103.0
7918537411740862407,127.0
7918537411740862407,96.0
7918537411740862407,117.0
7918537411740862407,105.0
7918537411740862407,123.0
7918537411740862407,126.0
7918537411740862407,99.0
7918537411740862407,107.0
7918537411740862407,107.0
7918537411740862407,108.0
7918537411740862407,104.0
7918537411740862407,118.0
7918537411740862407,124.0
7918537411740862407,126.0
7918537411740862407,98.0
7918537411740862407,119.0
7918537411740862407,122.0
7918537411740862407,97.0
7918537411740862407,120.0
7918537411740862407,122.0
7918537411740862407,108.0
7918537411740862407,100.0
7918537411740862407,124.0
7918537411740862407,107.0
7918537411740862407,96.0
7918537411740862407,106.0
7918537411740862407,136.0
7918537411740862407,101.0
7918537411740862407,114.0
7918537411740862407,107.0
7918537411740862407,111.0
7918537411740862407,106.0
7918537411740862407,125.0
7918537411740862407,114.0
7918537411740862407,101.0
7918537411740862407,124.0
7918537411740862407,90.0
7918537411740862407,121.0
7918537411740862407,102.0
7918537411740862407,101.0
7918537411740862407,88.0
7918537411740862407,88.0
7918537411740862407,117.0
7918537411740862407,110.0
7918537411740862407,111.0
7918537411740862407,98.0
7918537411740862407,113.0
7918537411740862407,111.0
7918537411740862407,118.0
7918537411740862407,112.0
7918537411740862407,122.0
7918537411740862407,111.0
7918537411740862407,103.0
7918537411740862407,100.0
7918537411740862407,107.0
7918537411740862407,100.0
7918537411740862407,102.0
7918537411740862407,109.0
7918537411740862407,113.0
7918537411740862407,99.0
7918537411740862407,108.0
7918537411740862407,98.0
7918537411740862407,120.0
7918537411740862407,96.0
7918537411740862407,105.0
7918537411740862407,110.0
7918537411740862407,120.0
7918537411740862407,113.0
7918537411740862407,104.0
7918537411740862407,87.0
7918537411740862407,101.0
7918537411740862407,97.0
7918537411740862407,83.0
7918537411740862407,126.0
7918537411740862407,110.0
7918537411740862407,103.0
7918537411740862407,87.0
7918537411740862407,97.0
7918537411740862407,118.0
7918537411740862407,105.0
7918537411740862407,103.0
7918537411740862407,103.0
7918537411740862407,109.0
7918537411740862407,124.0
7918537411740862407,88.0
7918537411740862407,114.0
7918537411740862407,104.0
7918537411740862407,112.0
7918537411740862407,114.0
7918537411740862407,93.0
7918537411740862407,97.0
7918537411740862407,105.0
7918537411740862407,119.0
7918537411740862407,99.0
7918537411740862407,110.0
7918537411740862407,101.0
7918537411740862407,119.0
7918537411740862407,105.0
7918537411740862407,103.0
7918537411740862407,119.0
7918537411740862407,96.0
7918537411740862407,115.0
7918537411740862407,95.0
7918537411740862407,123.0
7918537411740862407,105.0
7918537411740862407,105.0
7918537411740862407,121.0
7918537411740862407,116.0
7918537411740862407,84.0
7918537411740862407,120.0
7918537411740862407,114.0
7918537411740862407,110.0
7918537411740862407,134.0
7918537411740862407,115.0
7918537411740862407,112.0
7918537411740862407,108.0
7918537411740862407,112.0
7918537411740862407,104.0
7918537411740862407,129.0
7918537411740862407,92.0
7918537411740862407,119.0
7918537411740862407,130.0
7918537411740862407,113.0
7918537411740862407,121.0
7918537411740862407,111.0
7918537411740862407,106.0
7918537411740862407,99.0
7918537411740862407,106.0
7918537411740862407,100.0
7918537411740862407,123.0
7918537411740862407,111.0
7918537411740862407,129.0
7918537411740862407,114.0
7918537411740862407,108.0
7918537411740862407,129.0
7918537411740862407,106.0
7918537411740862407,100.0
7918537411740862407,77.0
7918537411740862407,123.0
7918537411740862407,122.0
7918537411740862407,104.0
7918537411740862407,112.0
7918537411740862407,100.0
7918537411740862407,112.0
7918537411740862407,92.0
7918537411740862407,112.0
7918537411740862407,122.0
7918537411740862407,121.0
7918537411740862407,110.0
7918537411740862407,88.0
7918537411740862407,104.0
7918537411740862407,107.0
7918537411740862407,105.0
7918537411740862407,111.0
7918537411740862407,115.0
7918537411740862407,100.0
7918537411740862407,95.0
7918537411740862407,123.0
7918537411740862407,97.0
7918537411740862407,105.0
7918537411740862407,127.0
7918537411740862407,95.0
7918537411740862407,104.0
7918537411740862407,109.0
7918537411740862407,108.0
7918537411740862407,116.0
7918537411740862407,105.0
7918537411740862407,110.0
7918537411740862407,104.0
7918537411740862407,115.0
7918537411740862407,108.0
7918537411740862407,105.0
7918537411740862407,94.0
7918537411740862407,112.0
7918537411740862407,133.0
7918537411740862407,108.0
7918537411740862407,94.0
7918537411740862407,115.0
7918537411740862407,118.0
7918537411740862407,114.0
7918537411740862407,95.0
7918537411740862407,107.0
7918537411740862407,132.0
7918537411740862407,106.0
7918537411740862407,133.0
7918537411740862407,115.0
7918537411740862407,123.0
7918537411740862407,108.0
7918537411740862407,105.0
7918537411740862407,104.0
7918537411740862407,122.0
7918537411740862407,100.0
7918537411740862407,87.0
7918537411740862407,91.0
7918537411740862407,120.0
7918537411740862407,91.0
7918537411740862407,101.0
7918537411740862407,103.0
7918537411740862407,106.0
7918537411740862407,100.0
7918537411740862407,114.0
7918537411740862407,108.0
7918537411740862407,115.0
7918537411740862407,104.0
7918537411740862407,96.0
7918537411740862407,90.0
7918537411740862407,96.0
7918537411740862407,120.0
7918537411740862407,97.0
7918537411740862407,105.0
7918537411740862407,101.0
7918537411740862407,112.0
7918537411740862407,103.0
7918537411740862407,105.0
7918537411740862407,115.0
7918537411740862407,104.0
7918537411740862407,81.0
7918537411740862407,103.0
7918537411740862407,116.0
7918537411740862407,119.0
7918537411740862407,116.0
7918537411740862407,94.0
7918537411740862407,118.0
7918537411740862407,120.0
7918537411740862407,104.0
7918537411740862407,127.0
7918537411740862407,110.0
7918537411740862407,89.0
7918537411740862407,103.0
7918537411740862407,104.0
7918537411740862407,106.0
7918537411740862407,123.0
7918537411740862407,124.0
7918537411740862407,103.0
7918537411740862407,124.0
7918537411740862407,101.0
7918537411740862407,119.0
7918537411740862407,115.0
7918537411740862407,103.0
7918537411740862407,112.0
7918537411740862407,102.0
7918537411740862407,89.0
7918537411740862407,111.0
7918537411740862407,111.0
7918537411740862407,113.0
7918537411740862407,133.0
7918537411740862407,90.0
7918537411740862407,99.0
7918537411740862407,100.0
7918537411740862407,103.0
7918537411740862407,112.0
7918537411740862407,106.0
7918537411740862407,102.0
7918537411740862407,101.0
7918537411740862407,111.0
7918537411740862407,102.0
7918537411740862407,114.0
7918537411740862407,106.0
7918537411740862407,117.0
7918537411740862407,111.0
7918537411740862407,94.0
7918537411740862407,123.0
7918537411740862407,105.0
7918537411740862407,122.0
7918537411740862407,104.0
7918537411740862407,115.0
7918537411740862407,106.0
7918537411740862407,98.0
7918537411740862407,92.0
7918537411740862407,111.0
7918537411740862407,100.0
7918537411740862407,119.0
7918537411740862407,93.0
7918537411740862407,107.0
7918537411740862407,100.0
7918537411740862407,100.0
7918537411740862407,97.0
7918537411740862407,111.0
7918537411740862407,101.0
7918537411740862407,116.0
7918537411740862407,107.0
7918537411740862407,110.0
7918537411740862407,105.0
7918537411740862407,89.0
7918537411740862407,100.0
7918537411740862407,107.0
7918537411740862407,122.0
7918537411740862407,107.0
7918537411740862407,126.0
7918537411740862407,100.0
7918537411740862407,108.0
7918537411740862407,122.0
7918537411740862407,88.0
7918537411740862407,120.0
7918537411740862407,127.0
7918537411740862407,115.0
7918537411740862407,118.0
7918537411740862407,114.0
7918537411740862407,104.0
7918537411740862407,119.0
7918537411740862407,104.0
7918537411740862407,115.0
7918537411740862407,113.0
7918537411740862407,124.0
7918537411740862407,113.0
7918537411740862407,101.0
7918537411740862407,118.0
7918537411740862407,112.0
7918537411740862407,124.0
7918537411740862407,99.0
7918537411740862407,115.0
7918537411740862407,115.0
7918537411740862407,114.0
7918537411740862407,131.0
7918537411740862407,106.0
7918537411740862407,78.0
7918537411740862407,119.0
7918537411740862407,105.0
7918537411740862407,123.0
7918537411740862407,97.0
7918537411740862407,117.0
7918537411740862407,98.0
7918537411740862407,99.0
7918537411740862407,135.0
7918537411740862407,89.0
7918537411740862407,104.0
7918537411740862407,96.0
7918537411740862407,87.0
7918537411740862407,115.0
7918537411740862407,96.0
7918537411740862407,126.0
7918537411740862407,118.0
7918537411740862407,102.0
7918537411740862407,102.0
7918537411740862407,116.0
7918537411740862407,108.0
7918537411740862407,99.0
7918537411740862407,133.0
7918537411740862407,111.0
7918537411740862407,114.0
7918537411740862407,130.0
7918537411740862407,94.0
7918537411740862407,100.0
7918537411740862407,102.0
7918537411740862407,110.0
7918537411740862407,102.0
7918537411740862407,115.0
7918537411740862407,118.0
7918537411740862407,119.0
7918537411740862407,114.0
7918537411740862407,121.0
7918537411740862407,107.0
7918537411740862407,106.0
7918537411740862407,118.0
7918537411740862407,106.0
7918537411740862407,106.0
7918537411740862407,94.0
7918537411740862407,127.0
7918537411740862407,103.0
7918537411740862407,111.0
7918537411740862407,101.0
7918537411740862407,89.0
7918537411740862407,104.0
7918537411740862407,106.0
7918537411740862407,101.0
7918537411740862407,119.0
7918537411740862407,117.0
7918537411740862407,107.0
7918537411740862407,112.0
7918537411740862407,115.0
7918537411740862407,107.0
7918537411740862407,132.0
7918537411740862407,122.0
7918537411740862407,125.0
7918537411740862407,108.0
7918537411740862407,109.0
7918537411740862407,110.0
7918537411740862407,108.0
7918537411740862407,112.0
7918537411740862407,101.0
7918537411740862407,124.0
7918537411740862407,91.0
7918537411740862407,105.0
7918537411740862407,106.0
7918537411740862407,113.0
7918537411740862407,127.0
7918537411740862407,111.0
7918537411740862407,106.0
7918537411740862407,94.0
7918537411740862407,122.0
7918537411740862407,94.0
7918537411740862407,91.0
7918537411740862407,106.0
7918537411740862407,105.0
7918537411740862407,114.0
7918537411740862407,87.0
7918537411740862407,110.0
7918537411740862407,96.0
7918537411740862407,114.0
7918537411740862407,108.0
7918537411740862407,117.0
7918537411740862407,109.0
7918537411740862407,106.0
7918537411740862407,96.0
7918537411740862407,93.0
7918537411740862407,125.0
7918537411740862407,98.0
7918537411740862407,109.0
7918537411740862407,119.0
7918537411740862407,102.0
7918537411740862407,115.0
7918537411740862407,117.0
7918537411740862407,123.0
7918537411740862407,92.0
7918537411740862407,107.0
7918537411740862407,116.0
7918537411740862407,100.0
7918537411740862407,112.0
7918537411740862407,101.0
7918537411740862407,128.0
7918537411740862407,122.0
7918537411740862407,115.0
7918537411740862407,110.0
7918537411740862407,108.0
7918537411740862407,131.0
7918537411740862407,108.0
7918537411740862407,94.0
7918537411740862407,114.0
7918537411740862407,97.0
7918537411740862407,93.0
7918537411740862407,98.0
7918537411740862407,118.0
7918537411740862407,118.0
7918537411740862407,110.0
7918537411740862407,87.0
7918537411740862407,112.0
7918537411740862407,115.0
7918537411740862407,111.0
7918537411740862407,112.0
7918537411740862407,88.0
7918537411740862407,102.0
7918537411740862407,107.0
7918537411740862407,110.0
7918537411740862407,116.0
7918537411740862407,112.0
7918537411740862407,125.0
7918537411740862407,97.0
7918537411740862407,103.0
7918537411740862407,101.0
7918537411740862407,114.0
7918537411740862407,116.0
7918537411740862407,94.0
7918537411740862407,97.0
7918537411740862407,96.0
7918537411740862407,106.0
7918537411740862407,93.0
7918537411740862407,115.0
7918537411740862407,114.0
7918537411740862407,104.0
7918537411740862407,101.0
7918537411740862407,110.0
7918537411740862407,138.0
7918537411740862407,95.0
7918537411740862407,102.0
7918537411740862407,97.0
7918537411740862407,105.0
7918537411740862407,118.0
7918537411740862407,120.0
7918537411740862407,99.0
7918537411740862407,105.0
7918537411740862407,112.0
7918537411740862407,98.0
7918537411740862407,122.0
7918537411740862407,99.0
7918537411740862407,120.0
7918537411740862407,121.0
7918537411740862407,112.0
7918537411740862407,130.0
7918537411740862407,119.0
7918537411740862407,113.0
7918537411740862407,109.0
7918537411740862407,112.0
7918537411740862407,101.0
7918537411740862407,101.0
7918537411740862407,119.0
7918537411740862407,104.0
7918537411740862407,112.0
7918537411740862407,110.0
7918537411740862407,102.0
7918537411740862407,122.0
7918537411740862407,90.0
7918537411740862407,122.0
7918537411740862407,123.0
7918537411740862407,111.0
7918537411740862407,121.0
7918537411740862407,111.0
7918537411740862407,106.0
7918537411740862407,112.0
7918537411740862407,118.0
7918537411740862407,119.0
7918537411740862407,102.0
7918537411740862407,111.0
7918537411740862407,100.0
7918537411740862407,106.0
7918537411740862407,95.0
7918537411740862407,112.0
7918537411740862407,92.0
7918537411740862407,86.0
7918537411740862407,127.0
7918537411740862407,108.0
7918537411740862407,128.0
7918537411740862407,128.0
7918537411740862407,128.0
7918537411740862407,116.0
7918537411740862407,106.0
7918537411740862407,86.0
7918537411740862407,110.0
7918537411740862407,127.0
7918537411740862407,110.0
7918537411740862407,108.0
7918537411740862407,125.0
7918537411740862407,109.0
7918537411740862407,108.0
7918537411740862407,129.0
7918537411740862407,123.0
7918537411740862407,105.0
7918537411740862407,128.0
7918537411740862407,124.0
7918537411740862407,134.0
7918537411740862407,115.0
7918537411740862407,117.0
7918537411740862407,122.0
7918537411740862407,91.0
7918537411740862407,129.0
7918537411740862407,115.0
7918537411740862407,93.0
7918537411740862407,106.0
7918537411740862407,89.0
7918537411740862407,113.0
7918537411740862407,109.0
7918537411740862407,103.0
7918537411740862407,130.0
7918537411740862407,94.0
7918537411740862407,118.0
7918537411740862407,98.0
7918537411740862407,110.0
7918537411740862407,96.0
7918537411740862407,114.0
7918537411740862407,119.0
7918537411740862407,135.0
7918537411740862407,115.0
7918537411740862407,109.0
7918537411740862407,109.0
7918537411740862407,115.0
7918537411740862407,129.0
7918537411740862407,98.0
7918537411740862407,116.0
7918537411740862407,133.0
7918537411740862407,102.0
7918537411740862407,111.0
7918537411740862407,111.0
7918537411740862407,112.0
7918537411740862407,113.0
7918537411740862407,123.0
7918537411740862407,112.0
7918537411740862407,118.0
7918537411740862407,130.0
7918537411740862407,117.0
7918537411740862407,108.0
7918537411740862407,100.0
7918537411740862407,90.0
7918537411740862407,97.0
7918537411740862407,121.0
7918537411740862407,106.0
7918537411740862407,102.0
7918537411740862407,105.0
7918537411740862407,118.0
7918537411740862407,103.0
7918537411740862407,102.0
7918537411740862407,107.0
7918537411740862407,111.0
7918537411740862407,115.0
7918537411740862407,115.0
7918537411740862407,85.0
7918537411740862407,110.0
7918537411740862407,103.0
7918537411740862407,101.0
7918537411740862407,105.0
7918537411740862407,113.0
7918537411740862407,88.0
7918537411740862407,114.0
7918537411740862407,106.0
7918537411740862407,97.0
7918537411740862407,105.0
7918537411740862407,98.0
7918537411740862407,117.0
7918537411740862407,103.0
7918537411740862407,108.0
7918537411740862407,106.0
7918537411740862407,111.0
7918537411740862407,94.0
7918537411740862407,109.0
7918537411740862407,99.0
7918537411740862407,109.0
7918537411740862407,93.0
7918537411740862407,97.0
7918537411740862407,110.0
7918537411740862407,117.0
7918537411740862407,105.0
7918537411740862407,103.0
7918537411740862407,98.0
7918537411740862407,118.0
7918537411740862407,127.0
7918537411740862407,110.0
7918537411740862407,111.0
7918537411740862407,127.0
7918537411740862407,112.0
7918537411740862407,101.0
7918537411740862407,106.0
7918537411740862407,94.0
7918537411740862407,108.0
7918537411740862407,105.0
7918537411740862407,90.0
7918537411740862407,114.0
7918537411740862407,101.0
7918537411740862407,105.0
7918537411740862407,101.0
7918537411740862407,118.0
7918537411740862407,112.0
7918537411740862407,116.0
7918537411740862407,92.0
7918537411740862407,110.0
7918537411740862407,121.0
7918537411740862407,100.0
7918537411740862407,124.0
7918537411740862407,102.0
7918537411740862407,110.0
7918537411740862407,120.0
7918537411740862407,122.0
7918537411740862407,116.0
7918537411740862407,100.0
7918537411740862407,113.0
7918537411740862407,119.0
7918537411740862407,126.0
7918537411740862407,95.0
7918537411740862407,100.0
7918537411740862407,104.0
7918537411740862407,110.0
7918537411740862407,118.0
7918537411740862407,103.0
7918537411740862407,96.0
7918537411740862407,112.0
7918537411740862407,102.0
7918537411740862407,111.0
7918537411740862407,112.0
7918537411740862407,101.0
7918537411740862407,97.0
7918537411740862407,110.0
7918537411740862407,97.0
7918537411740862407,128.0
7918537411740862407,120.0
7918537411740862407,132.0
7918537411740862407,122.0
7918537411740862407,87.0
7918537411740862407,90.0
7918537411740862407,83.0
7918537411740862407,107.0
7918537411740862407,105.0
7918537411740862407,103.0
7918537411740862407,129.0
7918537411740862407,109.0
7918537411740862407,107.0
7918537411740862407,107.0
7918537411740862407,109.0
7918537411740862407,110.0
7918537411740862407,121.0
7918537411740862407,97.0
7918537411740862407,109.0
7918537411740862407,126.0
7918537411740862407,132.0
7918537411740862407,110.0
7918537411740862407,127.0
7918537411740862407,99.0
7918537411740862407,120.0
7918537411740862407,80.0
7918537411740862407,115.0
7918537411740862407,94.0
7918537411740862407,100.0
7918537411740862407,106.0
7918537411740862407,112.0
7918537411740862407,107.0
7918537411740862407,98.0
7918537411740862407,114.0
7918537411740862407,102.0
7918537411740862407,122.0
7918537411740862407,109.0
7918537411740862407,122.0
7918537411740862407,109.0
7918537411740862407,131.0
7918537411740862407,128.0
7918537411740862407,118.0
7918537411740862407,109.0
7918537411740862407,86.0
7918537411740862407,94.0
7918537411740862407,84.0
7918537411740862407,106.0
7918537411740862407,99.0
7918537411740862407,115.0
7918537411740862407,121.0
7918537411740862407,126.0
7918537411740862407,110.0
7918537411740862407,118.0
7918537411740862407,102.0
7918537411740862407,89.0
7918537411740862407,112.0
7918537411740862407,110.0
7918537411740862407,110.0
7918537411740862407,117.0
7918537411740862407,99.0
7918537411740862407,114.0
7918537411740862407,115.0
7918537411740862407,102.0
7918537411740862407,110.0
7918537411740862407,90.0
7918537411740862407,103.0
7918537411740862407,105.0
7918537411740862407,116.0
7918537411740862407,110.0
7918537411740862407,82.0
7918537411740862407,116.0
7918537411740862407,120.0
7918537411740862407,98.0
7918537411740862407,118.0
7918537411740862407,120.0
7918537411740862407,118.0
7918537411740862407,94.0
7918537411740862407,94.0
7918537411740862407,126.0
7918537411740862407,112.0
7918537411740862407,129.0
7918537411740862407,88.0
7918537411740862407,105.0
7918537411740862407,92.0
7918537411740862407,102.0
7918537411740862407,125.0
7918537411740862407,95.0
7918537411740862407,105.0
7918537411740862407,115.0
7918537411740862407,105.0
7918537411740862407,117.0
7918537411740862407,98.0
7918537411740862407,116.0
7918537411740862407,117.0
7918537411740862407,111.0
7918537411740862407,114.0
7918537411740862407,116.0
7918537411740862407,124.0
7918537411740862407,131.0
7918537411740862407,81.0
7918537411740862407,122.0
7918537411740862407,93.0
7918537411740862407,112.0
7918537411740862407,117.0
7918537411740862407,113.0
7918537411740862407,107.0
7918537411740862407,113.0
7918537411740862407,98.0
7918537411740862407,137.0
7918537411740862407,108.0
7918537411740862407,116.0
7918537411740862407,89.0
7918537411740862407,104.0
7918537411740862407,107.0
7918537411740862407,116.0
7918537411740862407,92.0
7918537411740862407,101.0
7918537411740862407,96.0
7918537411740862407,116.0
7918537411740862407,126.0
7918537411740862407,107.0
7918537411740862407,122.0
7918537411740862407,110.0
7918537411740862407,106.0
7918537411740862407,93.0
7918537411740862407,99.0
7918537411740862407,96.0
7918537411740862407,123.0
7918537411740862407,126.0
7918537411740862407,106.0
7918537411740862407,108.0
7918537411740862407,102.0
7918537411740862407,115.0
7918537411740862407,112.0
7918537411740862407,129.0
7918537411740862407,111.0
7918537411740862407,93.0
7918537411740862407,115.0
7918537411740862407,107.0
7918537411740862407,106.0
7918537411740862407,90.0
7918537411740862407,110.0
7918537411740862407,126.0
7918537411740862407,114.0
7918537411740862407,102.0
7918537411740862407,97.0
7918537411740862407,94.0
7918537411740862407,108.0
7918537411740862407,113.0
7918537411740862407,91.0
7918537411740862407,123.0
7918537411740862407,127.0
7918537411740862407,105.0
7918537411740862407,114.0
7918537411740862407,108.0
7918537411740862407,108.0
7918537411740862407,105.0
7918537411740862407,101.0
7918537411740862407,109.0
7918537411740862407,117.0
7918537411740862407,122.0
7918537411740862407,126.0
7918537411740862407,112.0
7918537411740862407,125.0
7918537411740862407,86.0
7918537411740862407,113.0
7918537411740862407,94.0
7918537411740862407,89.0
7918537411740862407,106.0
7918537411740862407,88.0
7918537411740862407,86.0
7918537411740862407,119.0
7918537411740862407,109.0
7918537411740862407,102.0
7918537411740862407,119.0
7918537411740862407,109.0
7918537411740862407,105.0
7918537411740862407,122.0
7918537411740862407,111.0
7918537411740862407,119.0
7918537411740862407,88.0
7918537411740862407,133.0
7918537411740862407,131.0
7918537411740862407,123.0
7918537411740862407,95.0
7918537411740862407,127.0
7918537411740862407,132.0
7918537411740862407,112.0
7918537411740862407,101.0
7918537411740862407,93.0
7918537411740862407,96.0
7918537411740862407,115.0
7918537411740862407,110.0
7918537411740862407,92.0
7918537411740862407,108.0
7918537411740862407,105.0
7918537411740862407,83.0
7918537411740862407,99.0
7918537411740862407,106.0
7918537411740862407,105.0
7918537411740862407,87.0
7918537411740862407,102.0
7918537411740862407,107.0
7918537411740862407,109.0
7918537411740862407,110.0
7918537411740862407,104.0
7918537411740862407,117.0
7918537411740862407,107.0
7918537411740862407,89.0
7918537411740862407,93.0
7918537411740862407,109.0
7918537411740862407,108.0
7918537411740862407,128.0
7918537411740862407,104.0
7918537411740862407,108.0
7918537411740862407,120.0
7918537411740862407,89.0
7918537411740862407,128.0
7918537411740862407,108.0
7918537411740862407,110.0
7918537411740862407,125.0
7918537411740862407,172.0
7918537411740862407,114.0
7918537411740862407,126.0
7918537411740862407,135.0
7918537411740862407,116.0
7918537411740862407,116.0
7918537411740862407,105.0
7918537411740862407,100.0
7918537411740862407,123.0
7918537411740862407,95.0
7918537411740862407,122.0
7918537411740862407,116.0
7918537411740862407,132.0
7918537411740862407,107.0
7918537411740862407,89.0
7918537411740862407,112.0
7918537411740862407,96.0
7918537411740862407,101.0
7918537411740862407,105.0
7918537411740862407,128.0
7918537411740862407,95.0
7918537411740862407,115.0
7918537411740862407,92.0
7918537411740862407,122.0
7918537411740862407,101.0
7918537411740862407,98.0
7918537411740862407,98.0
7918537411740862407,93.0
7918537411740862407,115.0
7918537411740862407,86.0
7918537411740862407,114.0
7918537411740862407,117.0
7918537411740862407,115.0
7918537411740862407,142.0
7918537411740862407,101.0
7918537411740862407,113.0
7918537411740862407,118.0
7918537411740862407,107.0
7918537411740862407,118.0
7918537411740862407,96.0
7918537411740862407,95.0
7918537411740862407,118.0
7918537411740862407,100.0
7918537411740862407,111.0
7918537411740862407,113.0
7918537411740862407,96.0
7918537411740862407,110.0
7918537411740862407,101.0
7918537411740862407,128.0
7918537411740862407,92.0
7918537411740862407,111.0
7918537411740862407,113.0
7918537411740862407,111.0
7918537411740862407,122.0
7918537411740862407,106.0
7918537411740862407,128.0
7918537411740862407,109.0
7918537411740862407,112.0
7918537411740862407,128.0
7918537411740862407,109.0
7918537411740862407,101.0
7918537411740862407,107.0
7918537411740862407,117.0
7918537411740862407,119.0
7918537411740862407,122.0
7918537411740862407,120.0
7918537411740862407,97.0
7918537411740862407,121.0
7918537411740862407,96.0
7918537411740862407,108.0
7918537411740862407,126.0
7918537411740862407,132.0
7918537411740862407,124.0
7918537411740862407,101.0
7918537411740862407,91.0
7918537411740862407,103.0
7918537411740862407,98.0
7918537411740862407,114.0
7918537411740862407,132.0
7918537411740862407,127.0
7918537411740862407,110.0
7918537411740862407,107.0
7918537411740862407,94.0
7918537411740862407,107.0
7918537411740862407,100.0
7918537411740862407,117.0
7918537411740862407,109.0
7918537411740862407,112.0
7918537411740862407,106.0
7918537411740862407,122.0
7918537411740862407,111.0
7918537411740862407,102.0
7918537411740862407,127.0
7918537411740862407,117.0
7918537411740862407,105.0
7918537411740862407,110.0
7918537411740862407,121.0
7918537411740862407,123.0
7918537411740862407,100.0
7918537411740862407,118.0
7918537411740862407,122.0
7918537411740862407,84.0
7918537411740862407,107.0
7918537411740862407,129.0
7918537411740862407,107.0
7918537411740862407,88.0
7918537411740862407,113.0
7918537411740862407,106.0
7918537411740862407,138.0
7918537411740862407,117.0
7918537411740862407,114.0
7918537411740862407,119.0
7918537411740862407,133.0
7918537411740862407,128.0
7918537411740862407,107.0
7918537411740862407,114.0
7918537411740862407,110.0
7918537411740862407,117.0
7918537411740862407,107.0
7918537411740862407,104.0
7918537411740862407,104.0
7918537411740862407,106.0
7918537411740862407,104.0
7918537411740862407,102.0
7918537411740862407,93.0
7918537411740862407,101.0
7918537411740862407,111.0
7918537411740862407,109.0
7918537411740862407,119.0
7918537411740862407,118.0
7918537411740862407,107.0
7918537411740862407,126.0
7918537411740862407,126.0
7918537411740862407,100.0
7918537411740862407,102.0
7918537411740862407,104.0
7918537411740862407,121.0
7918537411740862407,112.0
7918537411740862407,118.0
7918537411740862407,92.0
7918537411740862407,107.0
7918537411740862407,92.0
7918537411740862407,119.0
7918537411740862407,127.0
7918537411740862407,120.0
7918537411740862407,96.0
7918537411740862407,105.0
7918537411740862407,112.0
7918537411740862407,118.0
7918537411740862407,114.0
7918537411740862407,116.0
7918537411740862407,107.0
7918537411740862407,93.0
7918537411740862407,96.0
7918537411740862407,109.0
7918537411740862407,121.0
7918537411740862407,111.0
7918537411740862407,123.0
7918537411740862407,116.0
7918537411740862407,111.0
7918537411740862407,100.0
7918537411740862407,110.0
7918537411740862407,114.0
7918537411740862407,118.0
7918537411740862407,107.0
7918537411740862407,109.0
7918537411740862407,112.0
7918537411740862407,88.0
7918537411740862407,99.0
7918537411740862407,100.0
7918537411740862407,90.0
7918537411740862407,94.0
7918537411740862407,102.0
7918537411740862407,132.0
7918537411740862407,115.0
7918537411740862407,113.0
7918537411740862407,108.0
7918537411740862407,113.0
7918537411740862407,110.0
7918537411740862407,97.0
7918537411740862407,84.0
7918537411740862407,113.0
7918537411740862407,122.0
7918537411740862407,85.0
7918537411740862407,106.0
7918537411740862407,108.0
7918537411740862407,110.0
7918537411740862407,103.0
7918537411740862407,126.0
7918537411740862407,98.0
7918537411740862407,124.0
7918537411740862407,115.0
7918537411740862407,106.0
7918537411740862407,96.0
7918537411740862407,100.0
7918537411740862407,116.0
7918537411740862407,99.0
7918537411740862407,132.0
7918537411740862407,116.0
7918537411740862407,89.0
7918537411740862407,108.0
7918537411740862407,117.0
7918537411740862407,98.0
7918537411740862407,108.0
7918537411740862407,123.0
7918537411740862407,97.0
7918537411740862407,123.0
7918537411740862407,96.0
7918537411740862407,101.0
7918537411740862407,111.0
7918537411740862407,113.0
7918537411740862407,92.0
7918537411740862407,85.0
7918537411740862407,100.0
7918537411740862407,105.0
7918537411740862407,120.0
7918537411740862407,104.0
7918537411740862407,111.0
7918537411740862407,126.0
7918537411740862407,103.0
7918537411740862407,101.0
7918537411740862407,110.0
7918537411740862407,95.0
7918537411740862407,103.0
7918537411740862407,94.0
7918537411740862407,122.0
7918537411740862407,123.0
7918537411740862407,109.0
7918537411740862407,123.0
7918537411740862407,122.0
7918537411740862407,104.0
7918537411740862407,97.0
7918537411740862407,133.0
7918537411740862407,111.0
7918537411740862407,110.0
7918537411740862407,108.0
7918537411740862407,114.0
7918537411740862407,119.0
7918537411740862407,128.0
7918537411740862407,101.0
7918537411740862407,102.0
7918537411740862407,112.0
7918537411740862407,111.0
7918537411740862407,102.0
7918537411740862407,88.0
7918537411740862407,126.0
7918537411740862407,101.0
7918537411740862407,88.0
7918537411740862407,106.0
7918537411740862407,107.0
7918537411740862407,100.0
7918537411740862407,111.0
7918537411740862407,106.0
7918537411740862407,97.0
7918537411740862407,105.0
7918537411740862407,112.0
7918537411740862407,102.0
7918537411740862407,106.0
7918537411740862407,114.0
7918537411740862407,110.0
7918537411740862407,110.0
7918537411740862407,108.0
7918537411740862407,114.0
7918537411740862407,103.0
7918537411740862407,101.0
7918537411740862407,94.0
7918537411740862407,118.0
7918537411740862407,121.0
7918537411740862407,119.0
7918537411740862407,97.0
7918537411740862407,116.0
7918537411740862407,102.0
7918537411740862407,108.0
7918537411740862407,107.0
7918537411740862407,130.0
7918537411740862407,93.0
7918537411740862407,120.0
7918537411740862407,96.0
7918537411740862407,95.0
7918537411740862407,100.0
7918537411740862407,112.0
7918537411740862407,94.0
7918537411740862407,108.0
7918537411740862407,102.0
7918537411740862407,119.0
7918537411740862407,114.0
7918537411740862407,117.0
7918537411740862407,97.0
7918537411740862407,92.0
7918537411740862407,119.0
7918537411740862407,124.0
7918537411740862407,117.0
7918537411740862407,139.0
7918537411740862407,108.0
7918537411740862407,116.0
7918537411740862407,120.0
7918537411740862407,96.0
7918537411740862407,104.0
7918537411740862407,89.0
7918537411740862407,109.0
7918537411740862407,101.0
7918537411740862407,109.0
7918537411740862407,104.0
7918537411740862407,122.0
7918537411740862407,113.0
7918537411740862407,91.0
7918537411740862407,128.0
7918537411740862407,123.0
7918537411740862407,86.0
7918537411740862407,105.0
7918537411740862407,125.0
7918537411740862407,125.0
7918537411740862407,120.0
7918537411740862407,85.0
7918537411740862407,97.0
7918537411740862407,112.0
7918537411740862407,105.0
7918537411740862407,113.0
7918537411740862407,112.0
7918537411740862407,115.0
7918537411740862407,109.0
7918537411740862407,113.0
7918537411740862407,98.0
7918537411740862407,113.0
7918537411740862407,116.0
7918537411740862407,94.0
7918537411740862407,114.0
7918537411740862407,99.0
7918537411740862407,108.0
7918537411740862407,98.0
7918537411740862407,106.0
7918537411740862407,116.0
7918537411740862407,118.0
7918537411740862407,102.0
7918537411740862407,99.0
7918537411740862407,88.0
7918537411740862407,115.0
7918537411740862407,96.0
7918537411740862407,107.0
7918537411740862407,100.0
7918537411740862407,90.0
7918537411740862407,117.0
7918537411740862407,124.0
7918537411740862407,125.0
7918537411740862407,92.0
7918537411740862407,128.0
7918537411740862407,97.0
7918537411740862407,106.0
7918537411740862407,97.0
7918537411740862407,130.0
7918537411740862407,110.0
7918537411740862407,94.0
7918537411740862407,104.0
7918537411740862407,134.0
7918537411740862407,130.0
7918537411740862407,107.0
7918537411740862407,118.0
7918537411740862407,118.0
7918537411740862407,99.0
7918537411740862407,109.0
7918537411740862407,113.0
7918537411740862407,112.0
7918537411740862407,112.0
7918537411740862407,85.0
7918537411740862407,114.0
7918537411740862407,100.0
7918537411740862407,110.0
7918537411740862407,121.0
7918537411740862407,119.0
7918537411740862407,107.0
7918537411740862407,109.0
7918537411740862407,102.0
7918537411740862407,113.0
7918537411740862407,120.0
7918537411740862407,113.0
7918537411740862407,116.0
7918537411740862407,107.0
7918537411740862407,106.0
7918537411740862407,126.0
7918537411740862407,113.0
7918537411740862407,100.0
7918537411740862407,94.0
7918537411740862407,100.0
7918537411740862407,99.0
7918537411740862407,112.0
7918537411740862407,125.0
7918537411740862407,102.0
7918537411740862407,103.0
7918537411740862407,108.0
7918537411740862407,90.0
7918537411740862407,113.0
7918537411740862407,98.0
7918537411740862407,106.0
7918537411740862407,120.0
7918537411740862407,96.0
7918537411740862407,122.0
7918537411740862407,101.0
7918537411740862407,108.0
7918537411740862407,108.0
7918537411740862407,133.0
7918537411740862407,107.0
7918537411740862407,106.0
7918537411740862407,110.0
7918537411740862407,103.0
7918537411740862407,115.0
7918537411740862407,88.0
7918537411740862407,96.0
7918537411740862407,108.0
7918537411740862407,85.0
7918537411740862407,95.0
7918537411740862407,103.0
7918537411740862407,115.0
7918537411740862407,113.0
7918537411740862407,116.0
7918537411740862407,103.0
7918537411740862407,107.0
7918537411740862407,113.0
7918537411740862407,85.0
7918537411740862407,103.0
7918537411740862407,100.0
7918537411740862407,101.0
7918537411740862407,116.0
7918537411740862407,106.0
7918537411740862407,106.0
7918537411740862407,95.0
7918537411740862407,84.0
7918537411740862407,119.0
7918537411740862407,94.0
7918537411740862407,113.0
7918537411740862407,103.0
7918537411740862407,136.0
7918537411740862407,111.0
7918537411740862407,100.0
7918537411740862407,108.0
7918537411740862407,109.0
7918537411740862407,133.0
7918537411740862407,96.0
7918537411740862407,115.0
7918537411740862407,116.0
7918537411740862407,106.0
7918537411740862407,117.0
7918537411740862407,110.0
7918537411740862407,126.0
7918537411740862407,122.0
7918537411740862407,130.0
7918537411740862407,118.0
7918537411740862407,105.0
7918537411740862407,125.0
7918537411740862407,112.0
7918537411740862407,108.0
7918537411740862407,108.0
7918537411740862407,115.0
7918537411740862407,101.0
7918537411740862407,89.0
7918537411740862407,130.0
7918537411740862407,116.0
7918537411740862407,110.0
7918537411740862407,115.0
7918537411740862407,119.0
7918537411740862407,107.0
7918537411740862407,107.0
7918537411740862407,103.0
7918537411740862407,129.0
7918537411740862407,110.0
7918537411740862407,116.0
7918537411740862407,122.0
7918537411740862407,108.0
7918537411740862407,105.0
7918537411740862407,89.0
7918537411740862407,129.0
7918537411740862407,100.0
7918537411740862407,110.0
7918537411740862407,112.0
7918537411740862407,133.0
7918537411740862407,114.0
7918537411740862407,104.0
7918537411740862407,94.0
7918537411740862407,119.0
7918537411740862407,116.0
7918537411740862407,96.0
7918537411740862407,105.0
7918537411740862407,111.0
7918537411740862407,122.0
7918537411740862407,122.0
7918537411740862407,111.0
7918537411740862407,90.0
7918537411740862407,110.0
7918537411740862407,101.0
7918537411740862407,101.0
7918537411740862407,95.0
7918537411740862407,93.0
7918537411740862407,92.0
7918537411740862407,93.0
7918537411740862407,105.0
7918537411740862407,97.0
7918537411740862407,117.0
7918537411740862407,102.0
7918537411740862407,118.0
7918537411740862407,125.0
7918537411740862407,108.0
7918537411740862407,118.0
7918537411740862407,108.0
7918537411740862407,101.0
7918537411740862407,112.0
7918537411740862407,107.0
7918537411740862407,104.0
7918537411740862407,105.0
7918537411740862407,90.0
7918537411740862407,103.0
7918537411740862407,115.0
7918537411740862407,126.0
7918537411740862407,125.0
7918537411740862407,92.0
7918537411740862407,116.0
7918537411740862407,98.0
7918537411740862407,115.0
7918537411740862407,124.0
7918537411740862407,107.0
7918537411740862407,117.0
7918537411740862407,121.0
7918537411740862407,107.0
7918537411740862407,109.0
7918537411740862407,107.0
7918537411740862407,122.0
7918537411740862407,94.0
7918537411740862407,96.0
7918537411740862407,93.0
7918537411740862407,111.0
7918537411740862407,119.0
7918537411740862407,88.0
7918537411740862407,112.0
7918537411740862407,98.0
7918537411740862407,94.0
7918537411740862407,109.0
7918537411740862407,123.0
7918537411740862407,109.0
7918537411740862407,109.0
7918537411740862407,117.0
7918537411740862407,121.0
7918537411740862407,114.0
7918537411740862407,121.0
7918537411740862407,114.0
7918537411740862407,95.0
7918537411740862407,97.0
7918537411740862407,123.0
7918537411740862407,109.0
7918537411740862407,100.0
7918537411740862407,106.0
7918537411740862407,106.0
7918537411740862407,127.0
7918537411740862407,118.0
7918537411740862407,110.0
7918537411740862407,109.0
7918537411740862407,100.0
7918537411740862407,113.0
7918537411740862407,118.0
7918537411740862407,104.0
7918537411740862407,102.0
7918537411740862407,136.0
7918537411740862407,86.0
7918537411740862407,110.0
7918537411740862407,102.0
7918537411740862407,86.0
7918537411740862407,108.0
7918537411740862407,121.0
7918537411740862407,129.0
7918537411740862407,105.0
7918537411740862407,114.0
7918537411740862407,98.0
7918537411740862407,111.0
7918537411740862407,120.0
7918537411740862407,110.0
7918537411740862407,107.0
7918537411740862407,126.0
7918537411740862407,114.0
7918537411740862407,119.0
7918537411740862407,115.0
7918537411740862407,114.0
7918537411740862407,85.0
7918537411740862407,102.0
7918537411740862407,102.0
7918537411740862407,109.0
7918537411740862407,103.0
7918537411740862407,118.0
7918537411740862407,115.0
7918537411740862407,111.0
7918537411740862407,101.0
7918537411740862407,110.0
7918537411740862407,122.0
7918537411740862407,94.0
7918537411740862407,100.0
7918537411740862407,132.0
7918537411740862407,111.0
7918537411740862407,106.0
7918537411740862407,91.0
7918537411740862407,128.0
7918537411740862407,117.0
7918537411740862407,106.0
7918537411740862407,129.0
7918537411740862407,106.0
7918537411740862407,108.0
7918537411740862407,109.0
7918537411740862407,89.0
7918537411740862407,108.0
7918537411740862407,109.0
7918537411740862407,128.0
7918537411740862407,107.0
7918537411740862407,92.0
7918537411740862407,110.0
7918537411740862407,111.0
7918537411740862407,122.0
7918537411740862407,107.0
7918537411740862407,102.0
7918537411740862407,132.0
7918537411740862407,118.0
7918537411740862407,101.0
7918537411740862407,123.0
7918537411740862407,93.0
7918537411740862407,108.0
7918537411740862407,88.0
7918537411740862407,110.0
7918537411740862407,104.0
7918537411740862407,109.0
7918537411740862407,103.0
7918537411740862407,98.0
7918537411740862407,100.0
7918537411740862407,108.0
7918537411740862407,115.0
7918537411740862407,109.0
7918537411740862407,104.0
7918537411740862407,98.0
7918537411740862407,113.0
7918537411740862407,104.0
7918537411740862407,128.0
7918537411740862407,122.0
7918537411740862407,111.0
7918537411740862407,100.0
7918537411740862407,105.0
7918537411740862407,118.0
7918537411740862407,105.0
7918537411740862407,126.0
7918537411740862407,106.0
7918537411740862407,118.0
7918537411740862407,110.0
7918537411740862407,110.0
7918537411740862407,96.0
7918537411740862407,116.0
7918537411740862407,99.0
7918537411740862407,92.0
7918537411740862407,95.0
7918537411740862407,100.0
7918537411740862407,121.0
7918537411740862407,106.0
7918537411740862407,107.0
7918537411740862407,113.0
7918537411740862407,109.0
7918537411740862407,117.0
7918537411740862407,97.0
7918537411740862407,85.0
7918537411740862407,96.0
7918537411740862407,101.0
7918537411740862407,121.0
7918537411740862407,112.0
7918537411740862407,117.0
7918537411740862407,105.0
7918537411740862407,121.0
7918537411740862407,122.0
7918537411740862407,108.0
7918537411740862407,98.0
7918537411740862407,106.0
7918537411740862407,118.0
7918537411740862407,126.0
7918537411740862407,111.0
7918537411740862407,108.0
7918537411740862407,127.0
7918537411740862407,106.0
7918537411740862407,127.0
7918537411740862407,110.0
7918537411740862407,110.0
7918537411740862407,104.0
7918537411740862407,108.0
7918537411740862407,105.0
7918537411740862407,113.0
7918537411740862407,111.0
7918537411740862407,116.0
7918537411740862407,112.0
7918537411740862407,85.0
7918537411740862407,96.0
7918537411740862407,101.0
7918537411740862407,108.0
7918537411740862407,137.0
7918537411740862407,136.0
7918537411740862407,110.0
7918537411740862407,110.0
7918537411740862407,92.0
7918537411740862407,114.0
7918537411740862407,107.0
7918537411740862407,110.0
7918537411740862407,108.0
7918537411740862407,96.0
7918537411740862407,128.0
7918537411740862407,98.0
7918537411740862407,122.0
7918537411740862407,122.0
7918537411740862407,101.0
7918537411740862407,129.0
7918537411740862407,113.0
7918537411740862407,113.0
7918537411740862407,109.0
7918537411740862407,132.0
7918537411740862407,115.0
7918537411740862407,120.0
7918537411740862407,100.0
7918537411740862407,101.0
7918537411740862407,129.0
7918537411740862407,97.0
7918537411740862407,110.0
7918537411740862407,100.0
7918537411740862407,125.0
7918537411740862407,107.0
7918537411740862407,119.0
7918537411740862407,104.0
7918537411740862407,102.0
7918537411740862407,115.0
7918537411740862407,100.0
7918537411740862407,85.0
7918537411740862407,100.0
7918537411740862407,96.0
7918537411740862407,107.0
7918537411740862407,101.0
7918537411740862407,96.0
7918537411740862407,84.0
7918537411740862407,122.0
7918537411740862407,104.0
7918537411740862407,102.0
7918537411740862407,112.0
7918537411740862407,115.0
7918537411740862407,124.0
7918537411740862407,133.0
7918537411740862407,115.0
7918537411740862407,130.0
7918537411740862407,108.0
7918537411740862407,123.0
7918537411740862407,101.0
7918537411740862407,107.0
7918537411740862407,86.0
7918537411740862407,104.0
7918537411740862407,102.0
7918537411740862407,106.0
7918537411740862407,113.0
7918537411740862407,111.0
7918537411740862407,107.0
7918537411740862407,120.0
7918537411740862407,115.0
7918537411740862407,98.0
7918537411740862407,115.0
7918537411740862407,120.0
7918537411740862407,111.0
7918537411740862407,118.0
7918537411740862407,95.0
7918537411740862407,112.0
7918537411740862407,123.0
7918537411740862407,102.0
7918537411740862407,108.0
7918537411740862407,114.0
7918537411740862407,117.0
7918537411740862407,92.0
7918537411740862407,106.0
7918537411740862407,88.0
7918537411740862407,102.0
7918537411740862407,128.0
7918537411740862407,99.0
7918537411740862407,94.0
7918537411740862407,105.0
7918537411740862407,92.0
7918537411740862407,95.0
7918537411740862407,101.0
7918537411740862407,111.0
7918537411740862407,102.0
7918537411740862407,128.0
7918537411740862407,117.0
7918537411740862407,145.0
7918537411740862407,109.0
7918537411740862407,91.0
7918537411740862407,113.0
7918537411740862407,93.0
7918537411740862407,111.0
7918537411740862407,108.0
7918537411740862407,115.0
7918537411740862407,117.0
7918537411740862407,110.0
7918537411740862407,114.0
7918537411740862407,106.0
7918537411740862407,116.0
7918537411740862407,113.0
7918537411740862407,105.0
7918537411740862407,101.0
7918537411740862407,82.0
7918537411740862407,96.0
7918537411740862407,102.0
7918537411740862407,125.0
7918537411740862407,115.0
7918537411740862407,121.0
7918537411740862407,115.0
7918537411740862407,119.0
7918537411740862407,102.0
7918537411740862407,97.0
7918537411740862407,116.0
7918537411740862407,109.0
7918537411740862407,124.0
7918537411740862407,98.0
7918537411740862407,108.0
7918537411740862407,105.0
7918537411740862407,107.0
7918537411740862407,93.0
7918537411740862407,90.0
7918537411740862407,128.0
7918537411740862407,98.0
7918537411740862407,107.0
7918537411740862407,85.0
7918537411740862407,90.0
7918537411740862407,89.0
7918537411740862407,110.0
7918537411740862407,106.0
7918537411740862407,111.0
7918537411740862407,112.0
7918537411740862407,122.0
7918537411740862407,99.0
7918537411740862407,121.0
7918537411740862407,110.0
7918537411740862407,102.0
7918537411740862407,121.0
7918537411740862407,102.0
7918537411740862407,88.0
7918537411740862407,125.0
7918537411740862407,110.0
7918537411740862407,123.0
7918537411740862407,105.0
7918537411740862407,84.0
7918537411740862407,90.0
7918537411740862407,91.0
7918537411740862407,109.0
7918537411740862407,124.0
7918537411740862407,119.0
7918537411740862407,92.0
7918537411740862407,134.0
7918537411740862407,105.0
7918537411740862407,108.0
7918537411740862407,107.0
7918537411740862407,117.0
7918537411740862407,124.0
7918537411740862407,106.0
7918537411740862407,103.0
7918537411740862407,115.0
7918537411740862407,118.0
7918537411740862407,91.0
7918537411740862407,89.0
7918537411740862407,110.0
7918537411740862407,105.0
7918537411740862407,95.0
7918537411740862407,108.0
7918537411740862407,113.0
7918537411740862407,102.0
7918537411740862407,107.0
7918537411740862407,112.0
7918537411740862407,110.0
7918537411740862407,93.0
7918537411740862407,95.0
7918537411740862407,107.0
7918537411740862407,92.0
7918537411740862407,110.0
7918537411740862407,112.0
7918537411740862407,113.0
7918537411740862407,101.0
7918537411740862407,128.0
7918537411740862407,109.0
7918537411740862407,121.0
7918537411740862407,91.0
7918537411740862407,110.0
7918537411740862407,112.0
7918537411740862407,90.0
7918537411740862407,121.0
7918537411740862407,119.0
7918537411740862407,99.0
7918537411740862407,100.0
7918537411740862407,108.0
7918537411740862407,82.0
7918537411740862407,106.0
7918537411740862407,105.0
7918537411740862407,107.0
7918537411740862407,135.0
7918537411740862407,111.0
7918537411740862407,94.0
7918537411740862407,97.0
7918537411740862407,109.0
7918537411740862407,123.0
7918537411740862407,92.0
7918537411740862407,130.0
7918537411740862407,96.0
7918537411740862407,123.0
7918537411740862407,89.0
7918537411740862407,102.0
7918537411740862407,100.0
7918537411740862407,96.0
7918537411740862407,111.0
7918537411740862407,97.0
7918537411740862407,110.0
7918537411740862407,129.0
7918537411740862407,100.0
7918537411740862407,83.0
7918537411740862407,129.0
7918537411740862407,103.0
7918537411740862407,104.0
7918537411740862407,104.0
7918537411740862407,119.0
7918537411740862407,108.0
7918537411740862407,121.0
7918537411740862407,120.0
7918537411740862407,113.0
7918537411740862407,131.0
7918537411740862407,107.0
7918537411740862407,105.0
7918537411740862407,115.0
7918537411740862407,101.0
7918537411740862407,122.0
7918537411740862407,115.0
7918537411740862407,113.0
7918537411740862407,117.0
7918537411740862407,109.0
7918537411740862407,90.0
7918537411740862407,131.0
7918537411740862407,112.0
7918537411740862407,97.0
7918537411740862407,114.0
7918537411740862407,95.0
7918537411740862407,102.0
7918537411740862407,102.0
7918537411740862407,107.0
7918537411740862407,113.0
7918537411740862407,110.0
7918537411740862407,97.0
7918537411740862407,105.0
7918537411740862407,118.0
7918537411740862407,137.0
7918537411740862407,113.0
7918537411740862407,110.0
7918537411740862407,87.0
7918537411740862407,123.0
7918537411740862407,99.0
7918537411740862407,116.0
7918537411740862407,93.0
7918537411740862407,129.0
7918537411740862407,109.0
7918537411740862407,82.0
7918537411740862407,107.0
7918537411740862407,109.0
7918537411740862407,101.0
7918537411740862407,108.0
7918537411740862407,97.0
7918537411740862407,99.0
7918537411740862407,103.0
7918537411740862407,110.0
7918537411740862407,119.0
7918537411740862407,129.0
7918537411740862407,110.0
7918537411740862407,99.0
7918537411740862407,113.0
7918537411740862407,103.0
7918537411740862407,123.0
7918537411740862407,107.0
7918537411740862407,102.0
7918537411740862407,106.0
7918537411740862407,123.0
7918537411740862407,90.0
7918537411740862407,113.0
7918537411740862407,125.0
7918537411740862407,118.0
7918537411740862407,103.0
7918537411740862407,111.0
7918537411740862407,115.0
7918537411740862407,105.0
7918537411740862407,111.0
7918537411740862407,137.0
7918537411740862407,112.0
7918537411740862407,100.0
7918537411740862407,118.0
7918537411740862407,122.0
7918537411740862407,95.0
7918537411740862407,106.0
7918537411740862407,108.0
7918537411740862407,101.0
7918537411740862407,115.0
7918537411740862407,112.0
7918537411740862407,123.0
7918537411740862407,126.0
7918537411740862407,117.0
7918537411740862407,95.0
7918537411740862407,106.0
7918537411740862407,105.0
7918537411740862407,118.0
7918537411740862407,104.0
7918537411740862407,101.0
7918537411740862407,117.0
7918537411740862407,99.0
7918537411740862407,93.0
7918537411740862407,104.0
7918537411740862407,103.0
7918537411740862407,109.0
7918537411740862407,112.0
7918537411740862407,107.0
7918537411740862407,132.0
7918537411740862407,111.0
7918537411740862407,92.0
7918537411740862407,91.0
7918537411740862407,119.0
7918537411740862407,109.0
7918537411740862407,116.0
7918537411740862407,107.0
7918537411740862407,119.0
7918537411740862407,91.0
7918537411740862407,110.0
7918537411740862407,110.0
7918537411740862407,103.0
7918537411740862407,107.0
7918537411740862407,109.0
7918537411740862407,110.0
7918537411740862407,112.0
7918537411740862407,106.0
7918537411740862407,106.0
7918537411740862407,137.0
7918537411740862407,89.0
7918537411740862407,97.0
7918537411740862407,114.0
7918537411740862407,117.0
7918537411740862407,128.0
7918537411740862407,111.0
7918537411740862407,95.0
7918537411740862407,102.0
7918537411740862407,101.0
7918537411740862407,124.0
7918537411740862407,116.0
7918537411740862407,102.0
7918537411740862407,102.0
7918537411740862407,105.0
7918537411740862407,99.0
7918537411740862407,127.0
7918537411740862407,93.0
7918537411740862407,102.0
7918537411740862407,121.0
7918537411740862407,129.0
7918537411740862407,95.0
7918537411740862407,101.0
7918537411740862407,126.0
7918537411740862407,94.0
7918537411740862407,113.0
7918537411740862407,133.0
7918537411740862407,122.0
7918537411740862407,121.0
7918537411740862407,111.0
7918537411740862407,96.0
7918537411740862407,106.0
7918537411740862407,95.0
7918537411740862407,98.0
7918537411740862407,123.0
7918537411740862407,111.0
7918537411740862407,119.0
7918537411740862407,111.0
7918537411740862407,102.0
7918537411740862407,121.0
7918537411740862407,97.0
7918537411740862407,103.0
7918537411740862407,117.0
7918537411740862407,93.0
7918537411740862407,89.0
7918537411740862407,98.0
7918537411740862407,120.0
7918537411740862407,103.0
7918537411740862407,126.0
7918537411740862407,114.0
7918537411740862407,118.0
7918537411740862407,116.0
7918537411740862407,115.0
7918537411740862407,93.0
7918537411740862407,108.0
7918537411740862407,107.0
7918537411740862407,96.0
7918537411740862407,115.0
7918537411740862407,112.0
7918537411740862407,105.0
7918537411740862407,107.0
7918537411740862407,92.0
7918537411740862407,108.0
7918537411740862407,105.0
7918537411740862407,90.0
7918537411740862407,97.0
7918537411740862407,112.0
7918537411740862407,106.0
7918537411740862407,101.0
7918537411740862407,88.0
7918537411740862407,118.0
7918537411740862407,101.0
7918537411740862407,119.0
7918537411740862407,109.0
7918537411740862407,102.0
7918537411740862407,105.0
7918537411740862407,103.0
7918537411740862407,103.0
7918537411740862407,120.0
7918537411740862407,96.0
7918537411740862407,99.0
7918537411740862407,108.0
7918537411740862407,91.0
7918537411740862407,109.0
7918537411740862407,96.0
7918537411740862407,109.0
7918537411740862407,109.0
7918537411740862407,120.0
7918537411740862407,106.0
7918537411740862407,116.0
7918537411740862407,106.0
7918537411740862407,125.0
7918537411740862407,106.0
7918537411740862407,99.0
7918537411740862407,132.0
7918537411740862407,103.0
7918537411740862407,106.0
7918537411740862407,114.0
7918537411740862407,107.0
7918537411740862407,99.0
7918537411740862407,106.0
7918537411740862407,104.0
7918537411740862407,125.0
7918537411740862407,111.0
7918537411740862407,119.0
7918537411740862407,118.0
7918537411740862407,96.0
7918537411740862407,99.0
7918537411740862407,95.0
7918537411740862407,111.0
7918537411740862407,114.0
7918537411740862407,95.0
7918537411740862407,115.0
7918537411740862407,107.0
7918537411740862407,116.0
7918537411740862407,109.0
7918537411740862407,89.0
7918537411740862407,124.0
7918537411740862407,111.0
7918537411740862407,79.0
7918537411740862407,103.0
7918537411740862407,117.0
7918537411740862407,117.0
7918537411740862407,92.0
7918537411740862407,110.0
7918537411740862407,102.0
7918537411740862407,97.0
7918537411740862407,88.0
7918537411740862407,127.0
7918537411740862407,107.0
7918537411740862407,115.0
7918537411740862407,100.0
7918537411740862407,116.0
7918537411740862407,109.0
7918537411740862407,98.0
7918537411740862407,115.0
7918537411740862407,101.0
7918537411740862407,89.0
7918537411740862407,135.0
7918537411740862407,122.0
7918537411740862407,107.0
7918537411740862407,100.0
7918537411740862407,124.0
7918537411740862407,117.0
7918537411740862407,100.0
7918537411740862407,119.0
7918537411740862407,105.0
7918537411740862407,115.0
7918537411740862407,110.0
7918537411740862407,127.0
7918537411740862407,107.0
7918537411740862407,97.0
7918537411740862407,100.0
7918537411740862407,111.0
7918537411740862407,111.0
7918537411740862407,112.0
7918537411740862407,111.0
7918537411740862407,97.0
7918537411740862407,100.0
7918537411740862407,106.0
7918537411740862407,108.0
7918537411740862407,114.0
7918537411740862407,118.0
7918537411740862407,111.0
7918537411740862407,82.0
7918537411740862407,92.0
7918537411740862407,114.0
7918537411740862407,102.0
7918537411740862407,97.0
7918537411740862407,121.0
7918537411740862407,105.0
7918537411740862407,99.0
7918537411740862407,105.0
7918537411740862407,123.0
7918537411740862407,115.0
7918537411740862407,109.0
7918537411740862407,108.0
7918537411740862407,100.0
7918537411740862407,105.0
7918537411740862407,101.0
7918537411740862407,93.0
7918537411740862407,115.0
7918537411740862407,113.0
7918537411740862407,92.0
7918537411740862407,101.0
7918537411740862407,92.0
7918537411740862407,122.0
7918537411740862407,109.0
7918537411740862407,92.0
7918537411740862407,105.0
7918537411740862407,94.0
7918537411740862407,130.0
7918537411740862407,100.0
7918537411740862407,105.0
7918537411740862407,113.0
7918537411740862407,132.0
7918537411740862407,107.0
7918537411740862407,98.0
7918537411740862407,97.0
7918537411740862407,104.0
7918537411740862407,85.0
7918537411740862407,139.0
7918537411740862407,116.0
7918537411740862407,101.0
7918537411740862407,117.0
7918537411740862407,93.0
7918537411740862407,94.0
7918537411740862407,115.0
7918537411740862407,132.0
7918537411740862407,106.0
7918537411740862407,109.0
7918537411740862407,119.0
7918537411740862407,107.0
7918537411740862407,116.0
7918537411740862407,127.0
7918537411740862407,115.0
7918537411740862407,92.0
7918537411740862407,109.0
7918537411740862407,105.0
7918537411740862407,107.0
7918537411740862407,106.0
7918537411740862407,115.0
7918537411740862407,102.0
7918537411740862407,102.0
7918537411740862407,110.0
7918537411740862407,98.0
7918537411740862407,100.0
7918537411740862407,97.0
7918537411740862407,123.0
7918537411740862407,115.0
7918537411740862407,109.0
7918537411740862407,96.0
7918537411740862407,144.0
7918537411740862407,94.0
7918537411740862407,112.0
7918537411740862407,133.0
7918537411740862407,87.0
7918537411740862407,113.0
7918537411740862407,118.0
7918537411740862407,104.0
7918537411740862407,128.0
7918537411740862407,119.0
7918537411740862407,98.0
7918537411740862407,98.0
7918537411740862407,95.0
7918537411740862407,103.0
7918537411740862407,103.0
7918537411740862407,105.0
7918537411740862407,93.0
7918537411740862407,108.0
7918537411740862407,97.0
7918537411740862407,110.0
7918537411740862407,108.0
7918537411740862407,109.0
7918537411740862407,111.0
7918537411740862407,112.0
7918537411740862407,134.0
7918537411740862407,108.0
7918537411740862407,117.0
7918537411740862407,108.0
7918537411740862407,138.0
7918537411740862407,118.0
7918537411740862407,111.0
7918537411740862407,96.0
7918537411740862407,107.0
7918537411740862407,109.0
7918537411740862407,97.0
7918537411740862407,94.0
7918537411740862407,97.0
7918537411740862407,101.0
7918537411740862407,122.0
7918537411740862407,116.0
7918537411740862407,118.0
7918537411740862407,133.0
7918537411740862407,128.0
7918537411740862407,124.0
7918537411740862407,111.0
7918537411740862407,99.0
7918537411740862407,111.0
7918537411740862407,118.0
7918537411740862407,111.0
7918537411740862407,90.0
7918537411740862407,83.0
7918537411740862407,111.0
7918537411740862407,112.0
7918537411740862407,109.0
7918537411740862407,120.0
7918537411740862407,102.0
7918537411740862407,113.0
7918537411740862407,106.0
7918537411740862407,117.0
7918537411740862407,97.0
7918537411740862407,99.0
7918537411740862407,97.0
7918537411740862407,100.0
7918537411740862407,103.0
7918537411740862407,105.0
7918537411740862407,115.0
7918537411740862407,86.0
7918537411740862407,112.0
7918537411740862407,99.0
7918537411740862407,90.0
7918537411740862407,117.0
7918537411740862407,82.0
7918537411740862407,117.0
7918537411740862407,105.0
7918537411740862407,112.0
7918537411740862407,105.0
7918537411740862407,128.0
7918537411740862407,94.0
7918537411740862407,106.0
7918537411740862407,97.0
7918537411740862407,87.0
7918537411740862407,113.0
7918537411740862407,110.0
7918537411740862407,104.0
7918537411740862407,114.0
7918537411740862407,124.0
7918537411740862407,116.0
7918537411740862407,82.0
7918537411740862407,117.0
7918537411740862407,80.0
7918537411740862407,129.0
7918537411740862407,132.0
7918537411740862407,89.0
7918537411740862407,111.0
7918537411740862407,86.0
7918537411740862407,115.0
7918537411740862407,99.0
7918537411740862407,107.0
7918537411740862407,104.0
7918537411740862407,106.0
7918537411740862407,106.0
7918537411740862407,114.0
7918537411740862407,97.0
7918537411740862407,104.0
7918537411740862407,105.0
7918537411740862407,117.0
7918537411740862407,111.0
7918537411740862407,135.0
7918537411740862407,115.0
7918537411740862407,106.0
7427037643503998178,78.0
7427037643503998178,88.0
7427037643503998178,64.0
7427037643503998178,72.0
7427037643503998178,64.0
7427037643503998178,64.0
7427037643503998178,98.0
7427037643503998178,69.0
7427037643503998178,73.0
7427037643503998178,53.0
7427037643503998178,64.0
7427037643503998178,61.0
7427037643503998178,87.0
7427037643503998178,101.0
7427037643503998178,62.0
7427037643503998178,89.0
7427037643503998178,80.0
7427037643503998178,85.0
7427037643503998178,63.0
7427037643503998178,60.0
7427037643503998178,65.0
7427037643503998178,58.0
7427037643503998178,66.0
7427037643503998178,73.0
7427037643503998178,66.0
7427037643503998178,68.0
7427037643503998178,69.0
7427037643503998178,64.0
7427037643503998178,69.0
7427037643503998178,102.0
7427037643503998178,66.0
7427037643503998178,63.0
7427037643503998178,67.0
7427037643503998178,106.0
7427037643503998178,84.0
7427037643503998178,56.0
7427037643503998178,71.0
7427037643503998178,62.0
7427037643503998178,62.0
7427037643503998178,70.0
7427037643503998178,65.0
7427037643503998178,69.0
7427037643503998178,66.0
7427037643503998178,90.0
7427037643503998178,70.0
7427037643503998178,66.0
7427037643503998178,63.0
7427037643503998178,67.0
7427037643503998178,88.0
7427037643503998178,84.0
7427037643503998178,73.0
7427037643503998178,64.0
7427037643503998178,90.0
7427037643503998178,62.0
7427037643503998178,89.0
7427037643503998178,77.0
7427037643503998178,80.0
7427037643503998178,74.0
7427037643503998178,97.0
7427037643503998178,68.0
7427037643503998178,70.0
7427037643503998178,61.0
7427037643503998178,66.0
7427037643503998178,71.0
7427037643503998178,61.0
7427037643503998178,59.0
7427037643503998178,71.0
7427037643503998178,62.0
7427037643503998178,68.0
7427037643503998178,72.0
7427037643503998178,102.0
7427037643503998178,91.0
7427037643503998178,70.0
7427037643503998178,102.0
7427037643503998178,66.0
7427037643503998178,64.0
7427037643503998178,83.0
7427037643503998178,77.0
7427037643503998178,64.0
7427037643503998178,70.0
7427037643503998178,71.0
7427037643503998178,64.0
7427037643503998178,67.0
7427037643503998178,64.0
7427037643503998178,88.0
7427037643503998178,99.0
7427037643503998178,64.0
7427037643503998178,59.0
7427037643503998178,81.0
7427037643503998178,98.0
7427037643503998178,103.0
7427037643503998178,57.0
-775517641933593374,109.0
-775517641933593374,118.0
-775517641933593374,123.0
-775517641933593374,112.0
-775517641933593374,121.0
-775517641933593374,109.0
-775517641933593374,117.0
-775517641933593374,111.0
-775517641933593374,107.0
-775517641933593374,128.0
-775517641933593374,108.0
-775517641933593374,106.0
-775517641933593374,107.0
-775517641933593374,119.0
-775517641933593374,92.0
-775517641933593374,124.0
-775517641933593374,113.0
-775517641933593374,110.0
-775517641933593374,88.0
-775517641933593374,114.0
-775517641933593374,121.0
-775517641933593374,108.0
-775517641933593374,120.0
-775517641933593374,123.0
-775517641933593374,115.0
-775517641933593374,114.0
-775517641933593374,111.0
-775517641933593374,131.0
-775517641933593374,114.0
-775517641933593374,105.0
-775517641933593374,123.0
-775517641933593374,105.0
-775517641933593374,124.0
-775517641933593374,104.0
-775517641933593374,121.0
-775517641933593374,87.0
-775517641933593374,101.0
-775517641933593374,125.0
-775517641933593374,117.0
-775517641933593374,105.0
-775517641933593374,121.0
-775517641933593374,106.0
-775517641933593374,112.0
-775517641933593374,129.0
-775517641933593374,107.0
-775517641933593374,133.0
-775517641933593374,116.0
-775517641933593374,114.0
-775517641933593374,125.0
-775517641933593374,119.0
-775517641933593374,109.0
-775517641933593374,116.0
-775517641933593374,107.0
-775517641933593374,115.0
-775517641933593374,116.0
-775517641933593374,106.0
-775517641933593374,121.0
-775517641933593374,103.0
-775517641933593374,110.0
-775517641933593374,136.0
-775517641933593374,106.0
-775517641933593374,100.0
-775517641933593374,124.0
-775517641933593374,110.0
-775517641933593374,102.0
-775517641933593374,119.0
-775517641933593374,111.0
-775517641933593374,111.0
-775517641933593374,103.0
-775517641933593374,102.0
-775517641933593374,105.0
-775517641933593374,118.0
-775517641933593374,134.0
-775517641933593374,99.0
-775517641933593374,109.0
-775517641933593374,114.0
-775517641933593374,117.0
-775517641933593374,136.0
-775517641933593374,97.0
-775517641933593374,102.0
-775517641933593374,104.0
-775517641933593374,104.0
-775517641933593374,114.0
-775517641933593374,110.0
-775517641933593374,98.0
-775517641933593374,111.0
-775517641933593374,123.0
-775517641933593374,110.0
-775517641933593374,133.0
-775517641933593374,122.0
-775517641933593374,134.0
-775517641933593374,122.0
-775517641933593374,119.0
-775517641933593374,119.0
-775517641933593374,108.0
-775517641933593374,118.0
-775517641933593374,99.0
-775517641933593374,144.0
-775517641933593374,122.0
-775517641933593374,109.0
-775517641933593374,111.0
-775517641933593374,115.0
-775517641933593374,109.0
-775517641933593374,107.0
-775517641933593374,117.0
-775517641933593374,105.0
-775517641933593374,102.0
-775517641933593374,125.0
-775517641933593374,90.0
-775517641933593374,110.0
-775517641933593374,104.0
-775517641933593374,115.0
-775517641933593374,100.0
-775517641933593374,114.0
-775517641933593374,119.0
-775517641933593374,107.0
-775517641933593374,113.0
-775517641933593374,128.0
-775517641933593374,115.0
-775517641933593374,101.0
-775517641933593374,107.0
349862308128216812,92.0
349862308128216812,91.0
349862308128216812,74.0
349862308128216812,71.0
349862308128216812,87.0
349862308128216812,74.0
349862308128216812,72.0
349862308128216812,86.0
349862308128216812,73.0
349862308128216812,103.0
349862308128216812,85.0
349862308128216812,85.0
349862308128216812,79.0
349862308128216812,71.0
349862308128216812,73.0
349862308128216812,70.0
349862308128216812,84.0
349862308128216812,75.0
349862308128216812,94.0
349862308128216812,88.0
349862308128216812,79.0
349862308128216812,72.0
349862308128216812,76.0
349862308128216812,90.0
349862308128216812,93.0
349862308128216812,85.0
349862308128216812,78.0
349862308128216812,100.0
349862308128216812,72.0
349862308128216812,83.0
349862308128216812,159.0
349862308128216812,95.0
349862308128216812,76.0
349862308128216812,82.0
349862308128216812,100.0
349862308128216812,82.0
349862308128216812,72.0
349862308128216812,98.0
349862308128216812,71.0
349862308128216812,96.0
349862308128216812,73.0
349862308128216812,98.0
349862308128216812,82.0
349862308128216812,92.0
349862308128216812,78.0
349862308128216812,84.0
349862308128216812,73.0
349862308128216812,75.0
349862308128216812,81.0
349862308128216812,82.0
349862308128216812,81.0
349862308128216812,105.0
349862308128216812,117.0
349862308128216812,133.0
349862308128216812,72.0
349862308128216812,73.0
349862308128216812,93.0
349862308128216812,74.0