person_id,value_as_number
4239478333578644568,9.0
8805478484003283429,16.0
-4183220989401122518,30.0
-4183220989401122518,28.0
-3611589607736625713,15.0
7708191038975000369,24.0
-6289874722419061830,17.0
-6289874722419061830,16.0
6339505631013617478,19.0
-8659404739579738033,17.0
-8659404739579738033,16.0
-8659404739579738033,15.0
-8659404739579738033,9.0
-8659404739579738033,9.0
-2575767131279873665,19.0
-2500070523286875699,24.0
-2500070523286875699,21.0
-2500070523286875699,23.0
-6525152599927900344,13.0
3773668700451843725,23.0
-3210373572193940939,10.0
-8352232581952957278,15.0
5734523979606454056,21.0
-8205283012979532608,21.0
4985579811051920670,21.0
-8492299714241840941,20.0
-8492299714241840941,17.0
-8492299714241840941,15.0
-8492299714241840941,16.0
3589912774911670296,19.0
-3780452582396805474,25.0
-3780452582396805474,17.0
-8928428202649726867,15.0
-1115201667562228350,27.0
-4234372750442829205,8.0
2631971469928551627,16.0
-458664721446908388,16.0
-8993675534959689080,15.0
-4873075614181207858,16.0
-4873075614181207858,12.0
3665089643642765251,21.0
4239478333578644568,28.0
2188642953583197091,16.0
2188642953583197091,18.0
-4183220989401122518,26.0
-4183220989401122518,36.0
-3611589607736625713,16.0
-8993675534959689080,17.0
1740609625029317924,17.0
225226226646982867,18.0
225226226646982867,22.0
-8659404739579738033,10.0
-2575767131279873665,13.0
-2575767131279873665,13.0
-3420195391796315831,15.0
-3420195391796315831,20.0
3773668700451843725,25.0
3773668700451843725,26.0
-1095016967997700156,16.0
-8090189584974691216,24.0
-8352232581952957278,19.0
4985579811051920670,20.0
-8492299714241840941,15.0
-8492299714241840941,18.0
-6022656226246460545,20.0
3589912774911670296,18.0
3589912774911670296,27.0
3589912774911670296,15.0
1484542834460282651,18.0
1484542834460282651,14.0
1484542834460282651,16.0
1484542834460282651,16.0
-3780452582396805474,18.0
8692405834444096922,16.0
-1115201667562228350,21.0
-1115201667562228350,21.0
-8769042030325953499,21.0
-4234372750442829205,7.0
-4873075614181207858,10.0
4239478333578644568,13.0
2188642953583197091,17.0
8805478484003283429,18.0
-3611589607736625713,16.0
8527170356523164323,21.0
7708191038975000369,15.0
-2312013739856114142,15.0
-8891617624507360381,19.0
3912882389848878631,30.0
6339505631013617478,18.0
225226226646982867,15.0
-2500070523286875699,22.0
-6525152599927900344,11.0
817543968614095114,20.0
817543968614095114,17.0
-3210373572193940939,9.0
5734523979606454056,16.0
-8205283012979532608,27.0
-8492299714241840941,18.0
-8492299714241840941,15.0
-6022656226246460545,14.0
-6022656226246460545,21.0
-6022656226246460545,13.0
3589912774911670296,19.0
3589912774911670296,19.0
-3780452582396805474,16.0
1532249960797525190,19.0
-8928428202649726867,21.0
-1115201667562228350,16.0
-1115201667562228350,18.0
-8769042030325953499,34.0
-4234372750442829205,9.0
-4234372750442829205,12.0
2631971469928551627,15.0
6543064765547201849,19.0
6543064765547201849,12.0
7633320537823105326,25.0
-458664721446908388,25.0
-3024822967781525875,19.0
-8993675534959689080,13.0
3665089643642765251,17.0
8805478484003283429,17.0
-3611589607736625713,22.0
-8993675534959689080,22.0
-8993675534959689080,19.0
1740609625029317924,11.0
225226226646982867,26.0
225226226646982867,20.0
-8659404739579738033,12.0
-8659404739579738033,22.0
-8659404739579738033,12.0
-8659404739579738033,11.0
-2575767131279873665,16.0
-6525152599927900344,0.0
-6525152599927900344,22.0
3773668700451843725,22.0
3773668700451843725,27.0
3773668700451843725,25.0
-1095016967997700156,23.0
-1095016967997700156,21.0
-1095016967997700156,14.0
5734523979606454056,19.0
-8205283012979532608,25.0
-8492299714241840941,16.0
3589912774911670296,11.0
1484542834460282651,18.0
-3780452582396805474,19.0
8692405834444096922,19.0
-8928428202649726867,18.0
-8928428202649726867,21.0
-8928428202649726867,19.0
-1115201667562228350,26.0
-8769042030325953499,25.0
-4234372750442829205,10.0
6543064765547201849,19.0
6543064765547201849,18.0
7633320537823105326,17.0
-3024822967781525875,21.0
2601314283911413076,22.0
2188642953583197091,14.0
-4183220989401122518,22.0
-3611589607736625713,24.0
8527170356523164323,23.0
7708191038975000369,17.0
-6289874722419061830,18.0
-6289874722419061830,18.0
-6289874722419061830,17.0
-2312013739856114142,25.0
6339505631013617478,22.0
6339505631013617478,22.0
225226226646982867,20.0
225226226646982867,19.0
225226226646982867,18.0
-7437341330444582833,23.0
-8659404739579738033,15.0
-8659404739579738033,13.0
-8659404739579738033,18.0
-2575767131279873665,24.0
-3420195391796315831,12.0
-2500070523286875699,25.0
-6525152599927900344,19.0
-6525152599927900344,20.0
817543968614095114,18.0
3773668700451843725,33.0
-8090189584974691216,24.0
5734523979606454056,23.0
-8205283012979532608,24.0
-8205283012979532608,23.0
-8205283012979532608,23.0
-8205283012979532608,30.0
4985579811051920670,15.0
3589912774911670296,16.0
3589912774911670296,26.0
3589912774911670296,10.0
1484542834460282651,21.0
1532249960797525190,22.0
8692405834444096922,19.0
-1115201667562228350,28.0
-1115201667562228350,26.0
-1115201667562228350,26.0
-1115201667562228350,23.0
7633320537823105326,24.0
-458664721446908388,28.0
-458664721446908388,15.0
-3024822967781525875,10.0
-3024822967781525875,10.0
8805478484003283429,8.0
-4183220989401122518,19.0
-4183220989401122518,36.0
-3611589607736625713,16.0
7708191038975000369,19.0
-6289874722419061830,23.0
-6289874722419061830,18.0
-6289874722419061830,25.0
-6289874722419061830,21.0
-2312013739856114142,9.0
3912882389848878631,12.0
6339505631013617478,21.0
6339505631013617478,25.0
225226226646982867,20.0
-7437341330444582833,18.0
-8659404739579738033,12.0
-8659404739579738033,11.0
-8659404739579738033,10.0
-2500070523286875699,23.0
-6525152599927900344,20.0
-6525152599927900344,20.0
3773668700451843725,23.0
3773668700451843725,25.0
-8090189584974691216,31.0
5734523979606454056,18.0
5734523979606454056,32.0
-8205283012979532608,28.0
4985579811051920670,22.0
4985579811051920670,23.0
-8492299714241840941,18.0
-6022656226246460545,16.0
3589912774911670296,18.0
1484542834460282651,14.0
1532249960797525190,22.0
1532249960797525190,19.0
1532249960797525190,21.0
8692405834444096922,19.0
-8928428202649726867,19.0
-1115201667562228350,24.0
-4234372750442829205,6.0
2631971469928551627,17.0
2631971469928551627,16.0
-3024822967781525875,14.0
4239478333578644568,13.0
2188642953583197091,10.0
2188642953583197091,15.0
-4183220989401122518,33.0
-3611589607736625713,17.0
-3611589607736625713,18.0
-3611589607736625713,28.0
-8993675534959689080,19.0
7708191038975000369,17.0
7708191038975000369,14.0
-6289874722419061830,19.0
-6289874722419061830,16.0
-6289874722419061830,16.0
225226226646982867,20.0
225226226646982867,19.0
-8659404739579738033,11.0
-8659404739579738033,24.0
-8659404739579738033,14.0
-2575767131279873665,18.0
-2575767131279873665,18.0
-2575767131279873665,21.0
-3420195391796315831,15.0
-3420195391796315831,19.0
-3420195391796315831,21.0
-3420195391796315831,31.0
-2500070523286875699,25.0
-1095016967997700156,19.0
-3210373572193940939,15.0
-8205283012979532608,21.0
-8205283012979532608,25.0
-6022656226246460545,13.0
-6022656226246460545,18.0
-6022656226246460545,11.0
3589912774911670296,10.0
3589912774911670296,17.0
1484542834460282651,11.0
1532249960797525190,19.0
1532249960797525190,24.0
1532249960797525190,26.0
1532249960797525190,27.0
8692405834444096922,22.0
8692405834444096922,13.0
-1115201667562228350,25.0
-1115201667562228350,26.0
-4234372750442829205,10.0
2631971469928551627,16.0
6543064765547201849,21.0
4239478333578644568,16.0
4239478333578644568,14.0
2188642953583197091,18.0
8805478484003283429,15.0
-3611589607736625713,16.0
-3611589607736625713,16.0
-8993675534959689080,17.0
-6289874722419061830,23.0
-6289874722419061830,28.0
-2312013739856114142,15.0
-8891617624507360381,22.0
3912882389848878631,10.0
6339505631013617478,24.0
6339505631013617478,24.0
6339505631013617478,24.0
225226226646982867,16.0
-8659404739579738033,11.0
-8659404739579738033,13.0
-8659404739579738033,14.0
-8659404739579738033,13.0
-8659404739579738033,18.0
-2575767131279873665,19.0
-3420195391796315831,28.0
-2500070523286875699,22.0
-6525152599927900344,24.0
-6525152599927900344,20.0
817543968614095114,22.0
3773668700451843725,17.0
3773668700451843725,21.0
3773668700451843725,23.0
3773668700451843725,29.0
-8352232581952957278,17.0
-8352232581952957278,36.0
5734523979606454056,22.0
5734523979606454056,17.0
-6022656226246460545,20.0
3589912774911670296,12.0
1484542834460282651,14.0
1532249960797525190,16.0
1532249960797525190,17.0
-8928428202649726867,20.0
-8928428202649726867,12.0
-8928428202649726867,20.0
-8928428202649726867,19.0
-8769042030325953499,15.0
-8769042030325953499,27.0
-4234372750442829205,10.0
7633320537823105326,18.0
7633320537823105326,17.0
5548892236933978704,15.0
4239478333578644568,17.0
2188642953583197091,11.0
8805478484003283429,17.0
8805478484003283429,16.0
-3611589607736625713,20.0
-3611589607736625713,23.0
1740609625029317924,14.0
1740609625029317924,20.0
7708191038975000369,16.0
7708191038975000369,20.0
-6289874722419061830,19.0
-6289874722419061830,24.0
-6289874722419061830,16.0
-6289874722419061830,18.0
-6289874722419061830,11.0
-6289874722419061830,17.0
-6289874722419061830,16.0
-6289874722419061830,14.0
-2312013739856114142,17.0
-7437341330444582833,24.0
-7437341330444582833,14.0
-8659404739579738033,9.0
3192038106523208432,23.0
3192038106523208432,21.0
-2575767131279873665,18.0
-3420195391796315831,27.0
-2500070523286875699,28.0
-2500070523286875699,30.0
-6525152599927900344,21.0
3773668700451843725,19.0
-1095016967997700156,21.0
-1095016967997700156,20.0
-8352232581952957278,15.0
-8492299714241840941,15.0
-8492299714241840941,15.0
-6022656226246460545,16.0
1484542834460282651,14.0
1484542834460282651,21.0
-3780452582396805474,30.0
-8928428202649726867,22.0
-8928428202649726867,24.0
-4234372750442829205,14.0
2631971469928551627,13.0
2631971469928551627,16.0
6543064765547201849,14.0
-458664721446908388,10.0
-458664721446908388,14.0
-458664721446908388,12.0
-8993675534959689080,18.0
2188642953583197091,16.0
2188642953583197091,10.0
-3611589607736625713,17.0
7708191038975000369,19.0
7708191038975000369,14.0
-6289874722419061830,21.0
-6289874722419061830,24.0
-6289874722419061830,20.0
-8891617624507360381,21.0
6339505631013617478,24.0
225226226646982867,20.0
-7437341330444582833,18.0
-8659404739579738033,10.0
-8659404739579738033,21.0
-8659404739579738033,12.0
-8659404739579738033,14.0
-8659404739579738033,15.0
-2575767131279873665,19.0
-2575767131279873665,29.0
-3420195391796315831,19.0
-2500070523286875699,22.0
-2500070523286875699,40.0
3773668700451843725,25.0
-3210373572193940939,12.0
-3210373572193940939,12.0
-8090189584974691216,25.0
-8492299714241840941,20.0
-6022656226246460545,13.0
3589912774911670296,23.0
3589912774911670296,16.0
1484542834460282651,14.0
-3780452582396805474,27.0
1532249960797525190,21.0
1532249960797525190,23.0
1532249960797525190,21.0
8692405834444096922,12.0
-8928428202649726867,15.0
-8928428202649726867,16.0
-8928428202649726867,19.0
-458664721446908388,14.0
4087485459037740014,27.0
-4873075614181207858,12.0
-8993675534959689080,17.0
-8993675534959689080,22.0
7708191038975000369,24.0
-6289874722419061830,13.0
-6289874722419061830,21.0
-2312013739856114142,12.0
225226226646982867,23.0
-8659404739579738033,12.0
-8659404739579738033,19.0
-2575767131279873665,16.0
-2575767131279873665,16.0
-2575767131279873665,17.0
-2500070523286875699,23.0
-2500070523286875699,31.0
-2500070523286875699,18.0
-6525152599927900344,15.0
817543968614095114,22.0
3773668700451843725,23.0
3773668700451843725,24.0
-1095016967997700156,24.0
-8090189584974691216,25.0
-8352232581952957278,18.0
-3780452582396805474,31.0
1532249960797525190,21.0
1532249960797525190,17.0
1532249960797525190,18.0
1532249960797525190,23.0
1532249960797525190,20.0
8692405834444096922,17.0
8692405834444096922,19.0
8692405834444096922,23.0
-8928428202649726867,20.0
-1115201667562228350,29.0
-8769042030325953499,20.0
-4234372750442829205,6.0
-4873075614181207858,16.0
8805478484003283429,19.0
8805478484003283429,19.0
-4183220989401122518,27.0
1740609625029317924,13.0
1740609625029317924,14.0
1740609625029317924,11.0
7708191038975000369,13.0
-8891617624507360381,18.0
6339505631013617478,24.0
-8659404739579738033,10.0
-8659404739579738033,24.0
-2575767131279873665,17.0
-2575767131279873665,18.0
-2500070523286875699,22.0
-6525152599927900344,21.0
-6525152599927900344,9.0
3773668700451843725,22.0
3773668700451843725,23.0
3773668700451843725,18.0
3773668700451843725,14.0
3773668700451843725,16.0
3773668700451843725,24.0
-1095016967997700156,21.0
-1095016967997700156,19.0
-3210373572193940939,13.0
-8090189584974691216,26.0
-8492299714241840941,23.0
-8492299714241840941,32.0
-8492299714241840941,28.0
-6022656226246460545,22.0
1484542834460282651,14.0
-3780452582396805474,27.0
1532249960797525190,22.0
1532249960797525190,16.0
1532249960797525190,21.0
8692405834444096922,16.0
-8928428202649726867,19.0
-1115201667562228350,25.0
-8769042030325953499,16.0
-4234372750442829205,10.0
-4234372750442829205,16.0
6543064765547201849,17.0
-3024822967781525875,10.0
-8993675534959689080,16.0
-8993675534959689080,13.0
-8993675534959689080,13.0
2601314283911413076,15.0
2601314283911413076,22.0
3665089643642765251,19.0
3665089643642765251,18.0
-3611589607736625713,18.0
-3611589607736625713,16.0
8527170356523164323,21.0
-8993675534959689080,12.0
1740609625029317924,17.0
-6289874722419061830,22.0
-2312013739856114142,15.0
-2312013739856114142,12.0
3912882389848878631,17.0
-7437341330444582833,25.0
-7437341330444582833,25.0
-8659404739579738033,13.0
-8659404739579738033,15.0
-2575767131279873665,17.0
817543968614095114,14.0
3773668700451843725,27.0
3773668700451843725,22.0
-1095016967997700156,21.0
-8090189584974691216,26.0
-8352232581952957278,15.0
-8352232581952957278,32.0
5734523979606454056,23.0
-8205283012979532608,28.0
-8205283012979532608,25.0
-8492299714241840941,25.0
3589912774911670296,9.0
3589912774911670296,17.0
1484542834460282651,17.0
1484542834460282651,18.0
1484542834460282651,20.0
1484542834460282651,14.0
-3780452582396805474,24.0
-3780452582396805474,23.0
1532249960797525190,21.0
1532249960797525190,20.0
8692405834444096922,19.0
-8928428202649726867,20.0
-1115201667562228350,25.0
-8769042030325953499,21.0
-4234372750442829205,12.0
2631971469928551627,16.0
7633320537823105326,20.0
7633320537823105326,29.0
-458664721446908388,16.0
4087485459037740014,24.0
-3024822967781525875,12.0
-3024822967781525875,12.0
5548892236933978704,10.0
-4873075614181207858,15.0
3665089643642765251,13.0
3665089643642765251,19.0
4239478333578644568,14.0
2188642953583197091,14.0
8805478484003283429,16.0
8805478484003283429,22.0
-4183220989401122518,29.0
-3611589607736625713,14.0
-8993675534959689080,16.0
1740609625029317924,12.0
7708191038975000369,18.0
-6289874722419061830,22.0
-6289874722419061830,18.0
-2312013739856114142,14.0
-2312013739856114142,10.0
-8891617624507360381,14.0
225226226646982867,21.0
-7437341330444582833,22.0
3192038106523208432,23.0
-2575767131279873665,17.0
-2575767131279873665,18.0
-2575767131279873665,21.0
-2500070523286875699,21.0
-6525152599927900344,0.0
-6525152599927900344,22.0
-6525152599927900344,0.0
817543968614095114,18.0
817543968614095114,18.0
817543968614095114,26.0
3773668700451843725,24.0
-8090189584974691216,22.0
-8352232581952957278,21.0
-8205283012979532608,25.0
-8205283012979532608,21.0
4985579811051920670,19.0
-8492299714241840941,15.0
-8492299714241840941,17.0
-6022656226246460545,21.0
-6022656226246460545,21.0
3589912774911670296,23.0
-3780452582396805474,28.0
-3780452582396805474,18.0
1532249960797525190,19.0
8692405834444096922,16.0
-8928428202649726867,18.0
-8928428202649726867,12.0
-8928428202649726867,17.0
-8928428202649726867,19.0
-1115201667562228350,31.0
-4234372750442829205,10.0
2631971469928551627,13.0
7633320537823105326,20.0
-8993675534959689080,19.0
-4873075614181207858,16.0
-3611589607736625713,20.0
1740609625029317924,13.0
7708191038975000369,18.0
7708191038975000369,14.0
-6289874722419061830,11.0
6339505631013617478,24.0
6339505631013617478,24.0
225226226646982867,16.0
-8659404739579738033,14.0
-8659404739579738033,20.0
3192038106523208432,22.0
3192038106523208432,22.0
3192038106523208432,22.0
3192038106523208432,23.0
-2575767131279873665,23.0
-3420195391796315831,19.0
-3420195391796315831,12.0
-2500070523286875699,24.0
-2500070523286875699,31.0
-2500070523286875699,25.0
-2500070523286875699,20.0
-6525152599927900344,25.0
-6525152599927900344,9.0
817543968614095114,19.0
3773668700451843725,19.0
-1095016967997700156,16.0
-8090189584974691216,29.0
-8352232581952957278,40.0
-6022656226246460545,18.0
-6022656226246460545,14.0
-3780452582396805474,23.0
1532249960797525190,20.0
1532249960797525190,18.0
1532249960797525190,20.0
-8769042030325953499,16.0
-4234372750442829205,7.0
-4234372750442829205,10.0
6543064765547201849,19.0
7633320537823105326,21.0
2601314283911413076,19.0
-4873075614181207858,22.0
3665089643642765251,19.0
4239478333578644568,19.0
4239478333578644568,20.0
-4183220989401122518,23.0
-3611589607736625713,16.0
7708191038975000369,19.0
7708191038975000369,21.0
7708191038975000369,18.0
-6289874722419061830,20.0
-6289874722419061830,20.0
-6289874722419061830,11.0
-6289874722419061830,16.0
-6289874722419061830,12.0
-2312013739856114142,14.0
-2312013739856114142,16.0
6339505631013617478,24.0
225226226646982867,21.0
-8659404739579738033,13.0
-8659404739579738033,17.0
-8659404739579738033,14.0
3192038106523208432,22.0
-6525152599927900344,20.0
817543968614095114,10.0
3773668700451843725,21.0
-8090189584974691216,28.0
-8352232581952957278,20.0
-8352232581952957278,18.0
-8492299714241840941,15.0
-6022656226246460545,13.0
-6022656226246460545,18.0
3589912774911670296,8.0
1484542834460282651,19.0
1484542834460282651,22.0
-3780452582396805474,29.0
1532249960797525190,16.0
1532249960797525190,20.0
-8928428202649726867,17.0
-1115201667562228350,29.0
-1115201667562228350,24.0
-8769042030325953499,20.0
-8769042030325953499,21.0
-8769042030325953499,15.0
-4234372750442829205,17.0
-4234372750442829205,5.0
-4234372750442829205,6.0
5548892236933978704,33.0
2601314283911413076,14.0
3665089643642765251,14.0
4239478333578644568,18.0
2188642953583197091,18.0
-8993675534959689080,18.0
1740609625029317924,22.0
7708191038975000369,21.0
-6289874722419061830,21.0
-2312013739856114142,15.0
6339505631013617478,24.0
6339505631013617478,24.0
225226226646982867,20.0
-7437341330444582833,12.0
-8659404739579738033,16.0
-8659404739579738033,15.0
-8659404739579738033,16.0
-8659404739579738033,10.0
-8659404739579738033,17.0
-8659404739579738033,15.0
3192038106523208432,25.0
-2575767131279873665,23.0
-6525152599927900344,20.0
3773668700451843725,23.0
3773668700451843725,21.0
-3210373572193940939,10.0
-8205283012979532608,22.0
-8205283012979532608,20.0
4985579811051920670,14.0
4985579811051920670,17.0
-8492299714241840941,16.0
-8492299714241840941,15.0
-6022656226246460545,24.0
3589912774911670296,29.0
3589912774911670296,14.0
1484542834460282651,17.0
1484542834460282651,14.0
-3780452582396805474,26.0
-3780452582396805474,27.0
1532249960797525190,24.0
8692405834444096922,24.0
-8928428202649726867,18.0
-8769042030325953499,22.0
-4234372750442829205,8.0
6543064765547201849,24.0
7633320537823105326,20.0
7633320537823105326,20.0
-3024822967781525875,13.0
-8993675534959689080,15.0
3665089643642765251,17.0
4239478333578644568,25.0
8805478484003283429,15.0
-3611589607736625713,16.0
-3611589607736625713,19.0
-3611589607736625713,18.0
-8993675534959689080,20.0
-8993675534959689080,20.0
7708191038975000369,12.0
7708191038975000369,18.0
7708191038975000369,21.0
-6289874722419061830,17.0
-6289874722419061830,26.0
-6289874722419061830,17.0
3912882389848878631,22.0
3912882389848878631,12.0
225226226646982867,19.0
225226226646982867,16.0
-2575767131279873665,18.0
-2575767131279873665,20.0
-2575767131279873665,18.0
-3420195391796315831,16.0
-2500070523286875699,23.0
-6525152599927900344,19.0
-6525152599927900344,16.0
-6525152599927900344,14.0
3773668700451843725,29.0
-1095016967997700156,22.0
-3210373572193940939,12.0
-3210373572193940939,9.0
-3210373572193940939,10.0
5734523979606454056,18.0
5734523979606454056,20.0
-8205283012979532608,21.0
4985579811051920670,20.0
4985579811051920670,21.0
-8492299714241840941,16.0
-8492299714241840941,18.0
1532249960797525190,19.0
1532249960797525190,20.0
-1115201667562228350,18.0
-4234372750442829205,18.0
6543064765547201849,17.0
4087485459037740014,22.0
2601314283911413076,15.0
-4873075614181207858,16.0
4239478333578644568,13.0
2188642953583197091,16.0
8805478484003283429,14.0
-3611589607736625713,28.0
-3611589607736625713,19.0
1740609625029317924,18.0
7708191038975000369,17.0
-6289874722419061830,17.0
-8659404739579738033,23.0
-8659404739579738033,18.0
-8659404739579738033,11.0
3192038106523208432,17.0
-2575767131279873665,23.0
-2575767131279873665,25.0
-3420195391796315831,27.0
817543968614095114,21.0
817543968614095114,17.0
-1095016967997700156,21.0
-3210373572193940939,12.0
-3210373572193940939,11.0
-8090189584974691216,28.0
5734523979606454056,23.0
-8492299714241840941,15.0
-6022656226246460545,12.0
3589912774911670296,19.0
3589912774911670296,16.0
1484542834460282651,16.0
1532249960797525190,18.0
8692405834444096922,15.0
-1115201667562228350,25.0
-1115201667562228350,26.0
6543064765547201849,24.0
7633320537823105326,20.0
-8993675534959689080,14.0
-8993675534959689080,19.0
2601314283911413076,14.0
-4873075614181207858,14.0
2188642953583197091,17.0
8805478484003283429,19.0
-4183220989401122518,22.0
-4183220989401122518,23.0
-3611589607736625713,25.0
-8993675534959689080,17.0
1740609625029317924,13.0
7708191038975000369,21.0
7708191038975000369,24.0
7708191038975000369,28.0
-2312013739856114142,16.0
-2312013739856114142,11.0
6339505631013617478,25.0
-7437341330444582833,22.0
-8659404739579738033,15.0
3192038106523208432,24.0
3192038106523208432,29.0
-2575767131279873665,15.0
-3420195391796315831,17.0
-6525152599927900344,19.0
-6525152599927900344,9.0
817543968614095114,19.0
-1095016967997700156,21.0
-1095016967997700156,24.0
-3210373572193940939,12.0
-3210373572193940939,12.0
-8352232581952957278,20.0
5734523979606454056,18.0
-8492299714241840941,15.0
-6022656226246460545,15.0
-6022656226246460545,18.0
1484542834460282651,20.0
1484542834460282651,22.0
1484542834460282651,13.0
1484542834460282651,17.0
1484542834460282651,20.0
-3780452582396805474,27.0
-3780452582396805474,28.0
1532249960797525190,20.0
-8928428202649726867,10.0
-8928428202649726867,15.0
-1115201667562228350,25.0
-1115201667562228350,29.0
-1115201667562228350,28.0
-1115201667562228350,25.0
-8769042030325953499,22.0
-8769042030325953499,19.0
-8769042030325953499,19.0
-4234372750442829205,17.0
7633320537823105326,21.0
-458664721446908388,14.0
-458664721446908388,13.0
-8993675534959689080,17.0
4239478333578644568,18.0
4239478333578644568,17.0
4239478333578644568,13.0
2188642953583197091,16.0
-4183220989401122518,25.0
-3611589607736625713,22.0
8527170356523164323,16.0
7708191038975000369,15.0
7708191038975000369,17.0
7708191038975000369,20.0
7708191038975000369,17.0
-2312013739856114142,10.0
-8891617624507360381,16.0
-8891617624507360381,21.0
3192038106523208432,19.0
3192038106523208432,24.0
-2500070523286875699,26.0
-6525152599927900344,24.0
-6525152599927900344,0.0
-6525152599927900344,15.0
-6525152599927900344,22.0
-3210373572193940939,11.0
-8090189584974691216,26.0
-8090189584974691216,32.0
-8352232581952957278,29.0
4985579811051920670,15.0
4985579811051920670,17.0
-8492299714241840941,20.0
-6022656226246460545,12.0
-6022656226246460545,17.0
3589912774911670296,16.0
3589912774911670296,14.0
3589912774911670296,17.0
3589912774911670296,16.0
1484542834460282651,17.0
1532249960797525190,22.0
1532249960797525190,24.0
1532249960797525190,16.0
-8928428202649726867,19.0
-8928428202649726867,20.0
-1115201667562228350,24.0
-4234372750442829205,7.0
-4234372750442829205,10.0
6543064765547201849,22.0
-458664721446908388,6.0
-3024822967781525875,14.0
-8993675534959689080,18.0
2601314283911413076,25.0
2601314283911413076,15.0
-4183220989401122518,30.0
-8993675534959689080,18.0
-8993675534959689080,14.0
-8993675534959689080,14.0
1740609625029317924,11.0
-6289874722419061830,19.0
-6289874722419061830,19.0
225226226646982867,18.0
225226226646982867,18.0
225226226646982867,19.0
-7437341330444582833,15.0
-8659404739579738033,18.0
-8659404739579738033,15.0
-8659404739579738033,12.0
-8659404739579738033,14.0
-8659404739579738033,15.0
-2575767131279873665,21.0
-2575767131279873665,18.0
-6525152599927900344,16.0
-6525152599927900344,16.0
-6525152599927900344,20.0
817543968614095114,23.0
3773668700451843725,26.0
3773668700451843725,29.0
-3210373572193940939,13.0
-8352232581952957278,25.0
-8352232581952957278,21.0
5734523979606454056,19.0
-8492299714241840941,17.0
-8492299714241840941,20.0
-8492299714241840941,24.0
-8492299714241840941,20.0
-8492299714241840941,17.0
3589912774911670296,16.0
1532249960797525190,20.0
-1115201667562228350,26.0
-1115201667562228350,27.0
-8769042030325953499,18.0
-8769042030325953499,22.0
6543064765547201849,21.0
7633320537823105326,23.0
-3024822967781525875,16.0
-8993675534959689080,15.0
-3611589607736625713,19.0
-8993675534959689080,17.0
1740609625029317924,12.0
7708191038975000369,22.0
-6289874722419061830,16.0
-6289874722419061830,19.0
6339505631013617478,24.0
-8659404739579738033,21.0
-3420195391796315831,20.0
817543968614095114,20.0
3773668700451843725,19.0
-3210373572193940939,9.0
-8090189584974691216,29.0
-8090189584974691216,22.0
-8352232581952957278,22.0
4985579811051920670,16.0
4985579811051920670,14.0
-8492299714241840941,24.0
-8492299714241840941,15.0
3589912774911670296,16.0
1532249960797525190,19.0
8692405834444096922,18.0
8692405834444096922,26.0
-8928428202649726867,11.0
-8928428202649726867,19.0
-1115201667562228350,21.0
-8769042030325953499,16.0
-4234372750442829205,8.0
-4234372750442829205,7.0
7633320537823105326,14.0
7633320537823105326,19.0
-3024822967781525875,19.0
3665089643642765251,14.0
-8993675534959689080,16.0
1740609625029317924,16.0
-6289874722419061830,11.0
-6289874722419061830,28.0
3912882389848878631,14.0
6339505631013617478,23.0
6339505631013617478,25.0
6339505631013617478,24.0
6339505631013617478,24.0
6339505631013617478,26.0
225226226646982867,19.0
225226226646982867,17.0
225226226646982867,18.0
-2575767131279873665,23.0
-2575767131279873665,16.0
-3420195391796315831,20.0
-2500070523286875699,28.0
-2500070523286875699,25.0
-6525152599927900344,21.0
3773668700451843725,30.0
3773668700451843725,29.0
3773668700451843725,26.0
3773668700451843725,24.0
-3210373572193940939,9.0
-3210373572193940939,10.0
-8090189584974691216,14.0
-8090189584974691216,33.0
-8352232581952957278,26.0
-8352232581952957278,24.0
-8352232581952957278,24.0
-8492299714241840941,20.0
-6022656226246460545,20.0
-3780452582396805474,25.0
1532249960797525190,21.0
8692405834444096922,16.0
8692405834444096922,22.0
8692405834444096922,17.0
8692405834444096922,17.0
8692405834444096922,27.0
-8928428202649726867,20.0
-8928428202649726867,17.0
-1115201667562228350,27.0
-1115201667562228350,22.0
-4234372750442829205,12.0
7633320537823105326,22.0
7633320537823105326,20.0
7633320537823105326,20.0
-458664721446908388,19.0
4087485459037740014,30.0
2188642953583197091,19.0
2188642953583197091,16.0
8805478484003283429,17.0
8805478484003283429,20.0
-3611589607736625713,16.0
-3611589607736625713,16.0
-3611589607736625713,16.0
-3611589607736625713,21.0
-8993675534959689080,15.0
7708191038975000369,21.0
7708191038975000369,24.0
7708191038975000369,11.0
7708191038975000369,16.0
7708191038975000369,14.0
6339505631013617478,24.0
6339505631013617478,24.0
-8659404739579738033,25.0
-3420195391796315831,12.0
-2500070523286875699,20.0
3773668700451843725,19.0
-1095016967997700156,20.0
-8352232581952957278,24.0
-8352232581952957278,25.0
-8352232581952957278,20.0
-8352232581952957278,33.0
5734523979606454056,21.0
-8205283012979532608,30.0
-8205283012979532608,23.0
-8205283012979532608,19.0
4985579811051920670,13.0
-8492299714241840941,24.0
-8492299714241840941,14.0
-8492299714241840941,26.0
3589912774911670296,16.0
3589912774911670296,18.0
1532249960797525190,21.0
1532249960797525190,24.0
8692405834444096922,16.0
8692405834444096922,18.0
8692405834444096922,16.0
8692405834444096922,17.0
-1115201667562228350,24.0
-1115201667562228350,28.0
-4234372750442829205,13.0
2601314283911413076,22.0
8805478484003283429,18.0
8805478484003283429,21.0
-3611589607736625713,19.0
1740609625029317924,15.0
7708191038975000369,22.0
-2312013739856114142,16.0
3912882389848878631,12.0
6339505631013617478,18.0
-7437341330444582833,21.0
-2575767131279873665,15.0
-2575767131279873665,27.0
-2575767131279873665,14.0
-3420195391796315831,20.0
-2500070523286875699,25.0
3773668700451843725,30.0
3773668700451843725,18.0
3773668700451843725,32.0
-3210373572193940939,10.0
-8352232581952957278,19.0
5734523979606454056,21.0
-8205283012979532608,26.0
-8492299714241840941,21.0
1484542834460282651,18.0
1484542834460282651,14.0
-3780452582396805474,28.0
-3780452582396805474,30.0
1532249960797525190,21.0
8692405834444096922,16.0
-8928428202649726867,18.0
-1115201667562228350,25.0
-8769042030325953499,19.0
-4234372750442829205,12.0
-4234372750442829205,11.0
2631971469928551627,22.0
6543064765547201849,19.0
6543064765547201849,22.0
7633320537823105326,17.0
-3024822967781525875,11.0
-3024822967781525875,11.0
-4873075614181207858,9.0
-4873075614181207858,13.0
8805478484003283429,20.0
-3611589607736625713,24.0
-3611589607736625713,16.0
-8993675534959689080,15.0
1740609625029317924,18.0
7708191038975000369,16.0
7708191038975000369,16.0
7708191038975000369,22.0
7708191038975000369,20.0
-6289874722419061830,15.0
-6289874722419061830,19.0
-8891617624507360381,13.0
3912882389848878631,10.0
225226226646982867,18.0
225226226646982867,18.0
225226226646982867,21.0
-7437341330444582833,14.0
-8659404739579738033,19.0
-8659404739579738033,15.0
-8659404739579738033,16.0
-3420195391796315831,21.0
-2500070523286875699,16.0
3773668700451843725,23.0
3773668700451843725,35.0
-1095016967997700156,20.0
-1095016967997700156,23.0
-1095016967997700156,22.0
-8090189584974691216,23.0
-8352232581952957278,19.0
-8352232581952957278,16.0
-8352232581952957278,20.0
-8352232581952957278,20.0
3589912774911670296,16.0
3589912774911670296,18.0
1532249960797525190,27.0
1532249960797525190,20.0
1532249960797525190,20.0
8692405834444096922,18.0
8692405834444096922,23.0
-8928428202649726867,18.0
-8928428202649726867,20.0
-8928428202649726867,16.0
-1115201667562228350,25.0
-4234372750442829205,11.0
-4234372750442829205,12.0
2631971469928551627,11.0
-458664721446908388,8.0
-3024822967781525875,17.0
-8993675534959689080,13.0
-4873075614181207858,17.0
-4873075614181207858,17.0
-4873075614181207858,16.0
3665089643642765251,18.0
8805478484003283429,15.0
8805478484003283429,16.0
-3611589607736625713,16.0
-8993675534959689080,20.0
7708191038975000369,18.0
7708191038975000369,18.0
-6289874722419061830,18.0
-8891617624507360381,20.0
225226226646982867,19.0
-8659404739579738033,17.0
-2575767131279873665,21.0
-2500070523286875699,24.0
-6525152599927900344,22.0
-6525152599927900344,0.0
817543968614095114,14.0
3773668700451843725,18.0
3773668700451843725,36.0
3773668700451843725,23.0
-8090189584974691216,21.0
-8090189584974691216,33.0
5734523979606454056,23.0
-8205283012979532608,26.0
-6022656226246460545,17.0
-6022656226246460545,12.0
3589912774911670296,18.0
-3780452582396805474,26.0
1532249960797525190,22.0
1532249960797525190,21.0
8692405834444096922,17.0
-8928428202649726867,21.0
6543064765547201849,16.0
6543064765547201849,16.0
6543064765547201849,24.0
-458664721446908388,21.0
-4873075614181207858,16.0
2188642953583197091,14.0
-3611589607736625713,16.0
-3611589607736625713,17.0
8527170356523164323,19.0
-8993675534959689080,14.0
-8993675534959689080,20.0
7708191038975000369,9.0
7708191038975000369,14.0
7708191038975000369,14.0
7708191038975000369,17.0
7708191038975000369,17.0
7708191038975000369,17.0
-6289874722419061830,16.0
-2312013739856114142,15.0
3912882389848878631,10.0
-7437341330444582833,30.0
-8659404739579738033,28.0
-8659404739579738033,12.0
-2500070523286875699,24.0
-2500070523286875699,21.0
-8090189584974691216,26.0
-8352232581952957278,20.0
-8205283012979532608,22.0
-8205283012979532608,22.0
-8492299714241840941,16.0
-6022656226246460545,11.0
3589912774911670296,19.0
-3780452582396805474,23.0
1532249960797525190,17.0
-8928428202649726867,17.0
-8928428202649726867,22.0
-8928428202649726867,19.0
-1115201667562228350,28.0
-1115201667562228350,23.0
-1115201667562228350,26.0
-1115201667562228350,25.0
-8769042030325953499,13.0
-4234372750442829205,9.0
2631971469928551627,12.0
6543064765547201849,23.0
6543064765547201849,43.0
7633320537823105326,24.0
4087485459037740014,19.0
4087485459037740014,27.0
-3024822967781525875,19.0
-3024822967781525875,15.0
-8993675534959689080,15.0
5548892236933978704,18.0
-4873075614181207858,16.0
3665089643642765251,18.0
3665089643642765251,15.0
8805478484003283429,19.0
-4183220989401122518,29.0
8527170356523164323,24.0
-8993675534959689080,16.0
1740609625029317924,11.0
7708191038975000369,17.0
-6289874722419061830,21.0
-6289874722419061830,17.0
-2312013739856114142,17.0
6339505631013617478,23.0
6339505631013617478,23.0
6339505631013617478,21.0
-8659404739579738033,16.0
-8659404739579738033,18.0
-8659404739579738033,16.0
3192038106523208432,26.0
-2575767131279873665,20.0
-3420195391796315831,12.0
-6525152599927900344,25.0
-6525152599927900344,12.0
817543968614095114,22.0
817543968614095114,22.0
3773668700451843725,30.0
-1095016967997700156,23.0
-3210373572193940939,17.0
-3210373572193940939,12.0
-8352232581952957278,14.0
-8205283012979532608,23.0
-8492299714241840941,25.0
-8492299714241840941,29.0
-6022656226246460545,11.0
1484542834460282651,21.0
1484542834460282651,15.0
1484542834460282651,16.0
-3780452582396805474,25.0
-3780452582396805474,24.0
1532249960797525190,20.0
1532249960797525190,22.0
1532249960797525190,16.0
1532249960797525190,23.0
1532249960797525190,18.0
1532249960797525190,19.0
-8928428202649726867,18.0
-8928428202649726867,20.0
-8928428202649726867,18.0
-1115201667562228350,23.0
-1115201667562228350,23.0
-8769042030325953499,22.0
-4234372750442829205,7.0
-4234372750442829205,8.0
6543064765547201849,23.0
4087485459037740014,23.0
3665089643642765251,17.0
2188642953583197091,16.0
-3611589607736625713,28.0
-3611589607736625713,23.0
-3611589607736625713,18.0
-3611589607736625713,19.0
-6289874722419061830,18.0
-6289874722419061830,17.0
-6289874722419061830,20.0
-6289874722419061830,15.0
-2312013739856114142,10.0
-8891617624507360381,13.0
-8891617624507360381,18.0
-8891617624507360381,17.0
-8891617624507360381,17.0
6339505631013617478,20.0
6339505631013617478,24.0
225226226646982867,18.0
225226226646982867,27.0
-2575767131279873665,11.0
-3420195391796315831,15.0
-3420195391796315831,17.0
-6525152599927900344,0.0
3773668700451843725,20.0
-3210373572193940939,0.0
-8352232581952957278,23.0
5734523979606454056,11.0
4985579811051920670,16.0
-8492299714241840941,22.0
-6022656226246460545,14.0
-6022656226246460545,19.0
-6022656226246460545,20.0
-6022656226246460545,19.0
3589912774911670296,21.0
3589912774911670296,12.0
-3780452582396805474,20.0
1532249960797525190,16.0
8692405834444096922,16.0
8692405834444096922,24.0
-8928428202649726867,19.0
-8928428202649726867,12.0
-8928428202649726867,18.0
-8769042030325953499,19.0
-4234372750442829205,12.0
2631971469928551627,11.0
2631971469928551627,13.0
6543064765547201849,27.0
6543064765547201849,23.0
-4873075614181207858,19.0
-4873075614181207858,10.0
-4873075614181207858,12.0
8805478484003283429,7.0
-4183220989401122518,30.0
-3611589607736625713,20.0
-6289874722419061830,17.0
-6289874722419061830,17.0
225226226646982867,16.0
225226226646982867,20.0
-7437341330444582833,21.0
-8659404739579738033,7.0
-8659404739579738033,18.0
-8659404739579738033,12.0
-8659404739579738033,15.0
3192038106523208432,20.0
3192038106523208432,18.0
-3420195391796315831,12.0
-3420195391796315831,30.0
-6525152599927900344,0.0
-6525152599927900344,19.0
-6525152599927900344,16.0
817543968614095114,22.0
3773668700451843725,31.0
-3210373572193940939,11.0
-8352232581952957278,33.0
-8352232581952957278,29.0
-6022656226246460545,13.0
-6022656226246460545,16.0
-6022656226246460545,22.0
3589912774911670296,17.0
1484542834460282651,5.0
1532249960797525190,24.0
-8928428202649726867,17.0
-4234372750442829205,12.0
6543064765547201849,14.0
6543064765547201849,26.0
7633320537823105326,21.0
-3024822967781525875,17.0
-8993675534959689080,18.0
5548892236933978704,17.0
2601314283911413076,23.0
8805478484003283429,22.0
8805478484003283429,18.0
-4183220989401122518,28.0
1740609625029317924,12.0
7708191038975000369,16.0
7708191038975000369,13.0
-6289874722419061830,19.0
-2312013739856114142,10.0
-8891617624507360381,20.0
6339505631013617478,26.0
225226226646982867,17.0
-8659404739579738033,11.0
-8659404739579738033,9.0
-8659404739579738033,18.0
-8659404739579738033,18.0
-8659404739579738033,13.0
-6525152599927900344,20.0
-6525152599927900344,20.0
817543968614095114,20.0
3773668700451843725,24.0
3773668700451843725,25.0
3773668700451843725,32.0
-1095016967997700156,22.0
-3210373572193940939,10.0
5734523979606454056,18.0
5734523979606454056,22.0
-8492299714241840941,18.0
-8492299714241840941,15.0
-6022656226246460545,14.0
3589912774911670296,14.0
-3780452582396805474,27.0
1532249960797525190,20.0
8692405834444096922,13.0
8692405834444096922,21.0
-1115201667562228350,20.0
-4234372750442829205,9.0
2631971469928551627,12.0
7633320537823105326,20.0
-8993675534959689080,16.0
5548892236933978704,19.0
4239478333578644568,13.0
8805478484003283429,17.0
8805478484003283429,13.0
8805478484003283429,18.0
-4183220989401122518,23.0
-3611589607736625713,26.0
8527170356523164323,21.0
8527170356523164323,20.0
-8993675534959689080,17.0
7708191038975000369,19.0
7708191038975000369,19.0
7708191038975000369,14.0
7708191038975000369,15.0
7708191038975000369,16.0
3912882389848878631,19.0
225226226646982867,18.0
225226226646982867,18.0
225226226646982867,17.0
225226226646982867,19.0
-7437341330444582833,23.0
-8659404739579738033,18.0
-8659404739579738033,12.0
-8659404739579738033,19.0
3192038106523208432,21.0
-2575767131279873665,20.0
-3420195391796315831,16.0
-2500070523286875699,18.0
-6525152599927900344,8.0
3773668700451843725,32.0
3773668700451843725,30.0
3773668700451843725,26.0
-8090189584974691216,29.0
5734523979606454056,20.0
4985579811051920670,16.0
-8492299714241840941,15.0
-8492299714241840941,15.0
-8492299714241840941,15.0
-6022656226246460545,19.0
-6022656226246460545,23.0
1484542834460282651,14.0
8692405834444096922,18.0
-8928428202649726867,28.0
-8928428202649726867,14.0
-1115201667562228350,27.0
-8769042030325953499,20.0
-4234372750442829205,15.0
2631971469928551627,16.0
2631971469928551627,18.0
6543064765547201849,19.0
2601314283911413076,14.0
3665089643642765251,21.0
3665089643642765251,13.0
2188642953583197091,15.0
-3611589607736625713,18.0
-3611589607736625713,16.0
8527170356523164323,20.0
7708191038975000369,21.0
-6289874722419061830,15.0
-6289874722419061830,13.0
-6289874722419061830,26.0
225226226646982867,17.0
-7437341330444582833,29.0
3192038106523208432,21.0
-2575767131279873665,13.0
-2575767131279873665,24.0
-2575767131279873665,20.0
-2575767131279873665,21.0
-2575767131279873665,17.0
-2500070523286875699,31.0
3773668700451843725,23.0
-1095016967997700156,18.0
-8090189584974691216,22.0
5734523979606454056,14.0
4985579811051920670,18.0
-8492299714241840941,15.0
-6022656226246460545,15.0
3589912774911670296,14.0
-3780452582396805474,20.0
1532249960797525190,21.0
8692405834444096922,23.0
-8928428202649726867,17.0
-8928428202649726867,19.0
-4234372750442829205,30.0
-4234372750442829205,12.0
2631971469928551627,23.0
2631971469928551627,14.0
-4873075614181207858,10.0
2188642953583197091,15.0
-4183220989401122518,30.0
-3611589607736625713,17.0
-8993675534959689080,19.0
1740609625029317924,13.0
7708191038975000369,23.0
-6289874722419061830,22.0
-2312013739856114142,13.0
225226226646982867,17.0
-7437341330444582833,26.0
-7437341330444582833,13.0
-8659404739579738033,18.0
-3420195391796315831,17.0
-2500070523286875699,21.0
-6525152599927900344,14.0
-6525152599927900344,20.0
-1095016967997700156,19.0
-3210373572193940939,8.0
-8205283012979532608,21.0
4985579811051920670,21.0
-8492299714241840941,15.0
-8492299714241840941,15.0
-8492299714241840941,22.0
1532249960797525190,21.0
2631971469928551627,16.0
6543064765547201849,27.0
7633320537823105326,30.0
-458664721446908388,9.0
4087485459037740014,31.0
4087485459037740014,24.0
-8993675534959689080,17.0
-8993675534959689080,15.0
-8993675534959689080,24.0
-8993675534959689080,21.0
8527170356523164323,22.0
1740609625029317924,12.0
1740609625029317924,20.0
7708191038975000369,19.0
7708191038975000369,18.0
-6289874722419061830,22.0
-6289874722419061830,20.0
-6289874722419061830,11.0
-6289874722419061830,15.0
6339505631013617478,17.0
225226226646982867,17.0
-8659404739579738033,29.0
-2575767131279873665,16.0
-2500070523286875699,24.0
-6525152599927900344,18.0
817543968614095114,23.0
3773668700451843725,28.0
-1095016967997700156,19.0
-1095016967997700156,10.0
-8205283012979532608,31.0
-8205283012979532608,22.0
4985579811051920670,16.0
-8492299714241840941,28.0
-8492299714241840941,28.0
-8492299714241840941,17.0
-8492299714241840941,25.0
-6022656226246460545,13.0
-6022656226246460545,13.0
-6022656226246460545,18.0
-6022656226246460545,13.0
3589912774911670296,10.0
3589912774911670296,20.0
1484542834460282651,11.0
-3780452582396805474,23.0
1532249960797525190,16.0
-8928428202649726867,21.0
-8928428202649726867,17.0
-8928428202649726867,16.0
-8928428202649726867,21.0
-8769042030325953499,23.0
-4234372750442829205,7.0
2631971469928551627,16.0
4087485459037740014,27.0
-8993675534959689080,17.0
4239478333578644568,15.0
4239478333578644568,16.0
4239478333578644568,12.0
2188642953583197091,18.0
8805478484003283429,15.0
8805478484003283429,19.0
-6289874722419061830,11.0
-8891617624507360381,15.0
-8891617624507360381,13.0
6339505631013617478,24.0
6339505631013617478,24.0
225226226646982867,18.0
-8659404739579738033,9.0
-8659404739579738033,15.0
-8659404739579738033,10.0
-8659404739579738033,18.0
-8659404739579738033,19.0
-8659404739579738033,21.0
-2575767131279873665,18.0
-6525152599927900344,22.0
817543968614095114,18.0
-8352232581952957278,21.0
4985579811051920670,13.0
4985579811051920670,21.0
-8492299714241840941,23.0
-8492299714241840941,28.0
-8492299714241840941,23.0
-8492299714241840941,30.0
-6022656226246460545,20.0
-6022656226246460545,18.0
1484542834460282651,15.0
1484542834460282651,16.0
-3780452582396805474,27.0
8692405834444096922,13.0
-8928428202649726867,14.0
-8928428202649726867,13.0
7633320537823105326,14.0
-458664721446908388,10.0
4087485459037740014,43.0
2601314283911413076,17.0
-4873075614181207858,12.0
8805478484003283429,15.0
-4183220989401122518,20.0
-3611589607736625713,16.0
1740609625029317924,11.0
1740609625029317924,14.0
1740609625029317924,11.0
7708191038975000369,16.0
7708191038975000369,20.0
7708191038975000369,17.0
7708191038975000369,21.0
-6289874722419061830,20.0
-6289874722419061830,20.0
-8891617624507360381,18.0
-8891617624507360381,19.0
-8891617624507360381,15.0
-7437341330444582833,22.0
-8659404739579738033,10.0
-2575767131279873665,20.0
-2575767131279873665,24.0
-3420195391796315831,12.0
-2500070523286875699,22.0
-2500070523286875699,22.0
-2500070523286875699,28.0
-6525152599927900344,15.0
-6525152599927900344,25.0
3773668700451843725,24.0
-8352232581952957278,16.0
-8205283012979532608,23.0
-8492299714241840941,16.0
-6022656226246460545,18.0
-6022656226246460545,14.0
3589912774911670296,16.0
3589912774911670296,20.0
1484542834460282651,19.0
1484542834460282651,14.0
-3780452582396805474,24.0
-3780452582396805474,25.0
-3780452582396805474,29.0
1532249960797525190,20.0
1532249960797525190,19.0
8692405834444096922,17.0
-1115201667562228350,32.0
-8769042030325953499,17.0
-4234372750442829205,14.0
-4234372750442829205,9.0
-4234372750442829205,6.0
7633320537823105326,27.0
4087485459037740014,37.0
4087485459037740014,33.0
-3024822967781525875,10.0
-8993675534959689080,19.0
-8993675534959689080,15.0
-4873075614181207858,24.0
-4873075614181207858,19.0
2188642953583197091,14.0
-4183220989401122518,26.0
-4183220989401122518,22.0
-8993675534959689080,18.0
1740609625029317924,15.0
1740609625029317924,12.0
-6289874722419061830,22.0
-2312013739856114142,15.0
-8891617624507360381,14.0
-8891617624507360381,17.0
6339505631013617478,24.0
6339505631013617478,24.0
6339505631013617478,23.0
6339505631013617478,0.0
225226226646982867,20.0
-8659404739579738033,11.0
-8659404739579738033,13.0
-8659404739579738033,13.0
-8659404739579738033,15.0
3192038106523208432,17.0
-2500070523286875699,15.0
-6525152599927900344,17.0
-6525152599927900344,17.0
-8352232581952957278,24.0
-8352232581952957278,29.0
5734523979606454056,18.0
-8205283012979532608,26.0
4985579811051920670,18.0
-8492299714241840941,15.0
-8492299714241840941,20.0
-8492299714241840941,15.0
3589912774911670296,16.0
1484542834460282651,14.0
1484542834460282651,22.0
-3780452582396805474,16.0
1532249960797525190,17.0
1532249960797525190,17.0
8692405834444096922,21.0
-8928428202649726867,16.0
-1115201667562228350,27.0
-8769042030325953499,20.0
-4234372750442829205,13.0
2631971469928551627,16.0
2631971469928551627,16.0
2631971469928551627,23.0
7633320537823105326,20.0
-458664721446908388,16.0
4087485459037740014,28.0
-3024822967781525875,14.0
-8993675534959689080,20.0
-8993675534959689080,17.0
2601314283911413076,24.0
2601314283911413076,16.0
-4873075614181207858,11.0
8805478484003283429,18.0
-4183220989401122518,26.0
1740609625029317924,13.0
-6289874722419061830,29.0
-6289874722419061830,17.0
-6289874722419061830,21.0
-8891617624507360381,17.0
6339505631013617478,25.0
6339505631013617478,32.0
225226226646982867,20.0
225226226646982867,20.0
225226226646982867,17.0
3192038106523208432,24.0
-2575767131279873665,19.0
-2575767131279873665,22.0
-2575767131279873665,16.0
-3420195391796315831,14.0
-2500070523286875699,21.0
-6525152599927900344,20.0
817543968614095114,24.0
817543968614095114,23.0
-8352232581952957278,19.0
5734523979606454056,19.0
5734523979606454056,21.0
5734523979606454056,18.0
-8492299714241840941,26.0
3589912774911670296,17.0
3589912774911670296,22.0
1484542834460282651,22.0
1484542834460282651,11.0
-3780452582396805474,25.0
-3780452582396805474,23.0
1532249960797525190,21.0
1532249960797525190,21.0
8692405834444096922,18.0
8692405834444096922,19.0
8692405834444096922,19.0
-8928428202649726867,18.0
-1115201667562228350,26.0
-1115201667562228350,23.0
-8769042030325953499,26.0
-4234372750442829205,7.0
6543064765547201849,20.0
-8993675534959689080,13.0
-8993675534959689080,16.0
-8993675534959689080,21.0
2601314283911413076,14.0
2188642953583197091,19.0
-3611589607736625713,23.0
1740609625029317924,11.0
-6289874722419061830,21.0
-6289874722419061830,17.0
-2312013739856114142,15.0
-8891617624507360381,14.0
225226226646982867,16.0
225226226646982867,17.0
225226226646982867,18.0
-7437341330444582833,13.0
-2575767131279873665,23.0
-2575767131279873665,13.0
-2575767131279873665,17.0
-2500070523286875699,30.0
-2500070523286875699,21.0
817543968614095114,36.0
817543968614095114,18.0
817543968614095114,27.0
3773668700451843725,24.0
-8352232581952957278,19.0
-8352232581952957278,23.0
-8205283012979532608,22.0
4985579811051920670,15.0
4985579811051920670,18.0
-8492299714241840941,15.0
3589912774911670296,18.0
3589912774911670296,11.0
1484542834460282651,18.0
1484542834460282651,14.0
1484542834460282651,21.0
1532249960797525190,20.0
1532249960797525190,23.0
1532249960797525190,18.0
8692405834444096922,15.0
8692405834444096922,25.0
-8928428202649726867,19.0
-1115201667562228350,24.0
-8769042030325953499,20.0
-8769042030325953499,23.0
-4234372750442829205,7.0
6543064765547201849,22.0
7633320537823105326,16.0
-458664721446908388,19.0
-458664721446908388,15.0
4087485459037740014,26.0
4087485459037740014,18.0
-4873075614181207858,13.0
-4873075614181207858,17.0
3665089643642765251,16.0
-8993675534959689080,16.0
1740609625029317924,15.0
7708191038975000369,12.0
7708191038975000369,15.0
7708191038975000369,16.0
7708191038975000369,15.0
7708191038975000369,19.0
7708191038975000369,15.0
7708191038975000369,20.0
-6289874722419061830,15.0
-2312013739856114142,13.0
-8891617624507360381,16.0
225226226646982867,19.0
225226226646982867,23.0
-8659404739579738033,14.0
-8659404739579738033,11.0
3192038106523208432,21.0
-2575767131279873665,15.0
-2575767131279873665,23.0
-3420195391796315831,13.0
3773668700451843725,20.0
3773668700451843725,16.0
-1095016967997700156,18.0
-8090189584974691216,22.0
-8090189584974691216,28.0
-8352232581952957278,13.0
-8352232581952957278,15.0
-8205283012979532608,23.0
4985579811051920670,18.0
-8492299714241840941,16.0
-8492299714241840941,21.0
-8492299714241840941,16.0
-8492299714241840941,24.0
-6022656226246460545,19.0
-6022656226246460545,16.0
-6022656226246460545,20.0
3589912774911670296,17.0
3589912774911670296,23.0
-3780452582396805474,30.0
1532249960797525190,22.0
8692405834444096922,19.0
8692405834444096922,21.0
-8928428202649726867,18.0
-8928428202649726867,18.0
-8769042030325953499,26.0
2631971469928551627,16.0
4087485459037740014,32.0
-3024822967781525875,11.0
-3024822967781525875,15.0
-3024822967781525875,21.0
-4873075614181207858,16.0
3665089643642765251,17.0
8805478484003283429,12.0
8805478484003283429,10.0
-4183220989401122518,25.0
-4183220989401122518,35.0
-3611589607736625713,19.0
-3611589607736625713,17.0
-3611589607736625713,24.0
-8993675534959689080,14.0
-8993675534959689080,15.0
-8993675534959689080,18.0
7708191038975000369,18.0
7708191038975000369,19.0
-6289874722419061830,26.0
-6289874722419061830,16.0
-2312013739856114142,18.0
-2312013739856114142,14.0
-2312013739856114142,14.0
6339505631013617478,25.0
6339505631013617478,25.0
225226226646982867,18.0
-8659404739579738033,8.0
-8659404739579738033,9.0
3192038106523208432,19.0
-3420195391796315831,12.0
-3420195391796315831,20.0
-2500070523286875699,28.0
-6525152599927900344,20.0
3773668700451843725,31.0
3773668700451843725,25.0
-1095016967997700156,20.0
-8090189584974691216,24.0
-8090189584974691216,21.0
5734523979606454056,20.0
-8205283012979532608,23.0
3589912774911670296,15.0
1532249960797525190,16.0
-1115201667562228350,27.0
-1115201667562228350,27.0
-1115201667562228350,24.0
-1115201667562228350,25.0
-8769042030325953499,22.0
2631971469928551627,13.0
2631971469928551627,13.0
7633320537823105326,20.0
-8993675534959689080,18.0
2188642953583197091,13.0
-4183220989401122518,22.0
-4183220989401122518,23.0
-3611589607736625713,20.0
-8993675534959689080,19.0
1740609625029317924,9.0
7708191038975000369,16.0
7708191038975000369,14.0
7708191038975000369,16.0
-6289874722419061830,19.0
-2312013739856114142,15.0
-8891617624507360381,15.0
-8891617624507360381,15.0
-8891617624507360381,15.0
6339505631013617478,25.0
-8659404739579738033,16.0
-8659404739579738033,12.0
-8659404739579738033,14.0
-8659404739579738033,10.0
-8659404739579738033,18.0
-8659404739579738033,21.0
3192038106523208432,24.0
3192038106523208432,24.0
-2575767131279873665,25.0
-3420195391796315831,8.0
-2500070523286875699,18.0
3773668700451843725,26.0
-1095016967997700156,21.0
-1095016967997700156,18.0
-1095016967997700156,12.0
-3210373572193940939,9.0
-8090189584974691216,23.0
-8352232581952957278,16.0
5734523979606454056,18.0
5734523979606454056,15.0
5734523979606454056,10.0
5734523979606454056,23.0
5734523979606454056,19.0
5734523979606454056,19.0
4985579811051920670,16.0
-8492299714241840941,15.0
-6022656226246460545,19.0
-6022656226246460545,18.0
3589912774911670296,15.0
1484542834460282651,14.0
1532249960797525190,20.0
1532249960797525190,21.0
1532249960797525190,20.0
8692405834444096922,20.0
8692405834444096922,19.0
-1115201667562228350,22.0
-1115201667562228350,26.0
2631971469928551627,19.0
2631971469928551627,22.0
-3024822967781525875,14.0
4239478333578644568,15.0
7708191038975000369,18.0
-6289874722419061830,17.0
-6289874722419061830,19.0
-6289874722419061830,19.0
-2312013739856114142,16.0
-8891617624507360381,16.0
-8891617624507360381,21.0
3912882389848878631,19.0
-7437341330444582833,9.0
-7437341330444582833,12.0
-8659404739579738033,12.0
-2575767131279873665,20.0
-6525152599927900344,20.0
817543968614095114,20.0
3773668700451843725,24.0
-1095016967997700156,24.0
-8090189584974691216,21.0
-8205283012979532608,20.0
-8205283012979532608,21.0
4985579811051920670,17.0
4985579811051920670,17.0
-8492299714241840941,25.0
-8492299714241840941,19.0
-6022656226246460545,3.0
-3780452582396805474,25.0
-3780452582396805474,31.0
8692405834444096922,19.0
8692405834444096922,24.0
-1115201667562228350,23.0
-4234372750442829205,8.0
2631971469928551627,16.0
7633320537823105326,21.0
-8993675534959689080,14.0
2601314283911413076,23.0
-4873075614181207858,19.0
4239478333578644568,15.0
4239478333578644568,16.0
4239478333578644568,14.0
2188642953583197091,16.0
-3611589607736625713,18.0
1740609625029317924,13.0
-6289874722419061830,21.0
-6289874722419061830,15.0
-6289874722419061830,16.0
-2312013739856114142,13.0
-8891617624507360381,19.0
-8891617624507360381,15.0
6339505631013617478,20.0
-7437341330444582833,27.0
-8659404739579738033,20.0
-8659404739579738033,9.0
-8659404739579738033,16.0
-8659404739579738033,12.0
-8659404739579738033,15.0
-2575767131279873665,20.0
-2575767131279873665,20.0
-2575767131279873665,25.0
-2575767131279873665,15.0
-2500070523286875699,33.0
-6525152599927900344,12.0
-1095016967997700156,19.0
-8090189584974691216,17.0
-8352232581952957278,22.0
-8352232581952957278,18.0
-8205283012979532608,20.0
4985579811051920670,14.0
4985579811051920670,18.0
3589912774911670296,9.0
3589912774911670296,20.0
-3780452582396805474,30.0
1532249960797525190,20.0
-8928428202649726867,21.0
-8928428202649726867,17.0
-8928428202649726867,18.0
-1115201667562228350,14.0
-1115201667562228350,25.0
-1115201667562228350,22.0
-4234372750442829205,8.0
2631971469928551627,17.0
2631971469928551627,16.0
7633320537823105326,20.0
7633320537823105326,20.0
-3024822967781525875,13.0
-3024822967781525875,16.0
-3024822967781525875,17.0
3665089643642765251,14.0
4239478333578644568,16.0
2188642953583197091,15.0
8805478484003283429,5.0
-8993675534959689080,12.0
1740609625029317924,13.0
7708191038975000369,19.0
7708191038975000369,19.0
-6289874722419061830,16.0
-8891617624507360381,15.0
225226226646982867,19.0
225226226646982867,17.0
-8659404739579738033,11.0
-8659404739579738033,20.0
-8659404739579738033,13.0
-8659404739579738033,13.0
-2500070523286875699,23.0
-2500070523286875699,21.0
-6525152599927900344,21.0
817543968614095114,20.0
3773668700451843725,24.0
3773668700451843725,24.0
-3210373572193940939,10.0
-8090189584974691216,29.0
5734523979606454056,23.0
-8205283012979532608,23.0
-8492299714241840941,15.0
-6022656226246460545,14.0
3589912774911670296,27.0
3589912774911670296,13.0
-3780452582396805474,21.0
1532249960797525190,19.0
1532249960797525190,21.0
8692405834444096922,13.0
-8928428202649726867,19.0
-1115201667562228350,26.0
-1115201667562228350,27.0
-4234372750442829205,7.0
7633320537823105326,18.0
-8993675534959689080,15.0
-4873075614181207858,20.0
-4873075614181207858,10.0
3665089643642765251,18.0
4239478333578644568,16.0
8805478484003283429,12.0
-4183220989401122518,32.0
-4183220989401122518,24.0
-8993675534959689080,13.0
-8993675534959689080,14.0
1740609625029317924,13.0
1740609625029317924,12.0
7708191038975000369,15.0
7708191038975000369,20.0
-6289874722419061830,18.0
-6289874722419061830,20.0
-8891617624507360381,13.0
6339505631013617478,9.0
225226226646982867,20.0
225226226646982867,20.0
-8659404739579738033,15.0
-8659404739579738033,13.0
-8659404739579738033,24.0
-2575767131279873665,14.0
-6525152599927900344,17.0
-6525152599927900344,23.0
3773668700451843725,24.0
3773668700451843725,28.0
-1095016967997700156,22.0
-3210373572193940939,16.0
-3210373572193940939,8.0
-8352232581952957278,21.0
-8352232581952957278,26.0
-8205283012979532608,24.0
4985579811051920670,22.0
-6022656226246460545,19.0
-6022656226246460545,19.0
-6022656226246460545,19.0
-6022656226246460545,20.0
-6022656226246460545,16.0
3589912774911670296,8.0
3589912774911670296,14.0
1484542834460282651,22.0
1532249960797525190,23.0
1532249960797525190,16.0
-8928428202649726867,22.0
-8928428202649726867,16.0
-1115201667562228350,25.0
-4234372750442829205,8.0
7633320537823105326,23.0
7633320537823105326,29.0
-458664721446908388,18.0
-3024822967781525875,16.0
-4873075614181207858,16.0
2188642953583197091,16.0
-3611589607736625713,17.0
-3611589607736625713,16.0
1740609625029317924,12.0
7708191038975000369,15.0
-6289874722419061830,17.0
-6289874722419061830,13.0
-8891617624507360381,17.0
-7437341330444582833,12.0
-8659404739579738033,19.0
-8659404739579738033,25.0
-8659404739579738033,13.0
-8659404739579738033,10.0
-8659404739579738033,11.0
3192038106523208432,20.0
-2575767131279873665,22.0
-6525152599927900344,20.0
817543968614095114,19.0
-8492299714241840941,15.0
-8492299714241840941,15.0
-6022656226246460545,18.0
-6022656226246460545,10.0
3589912774911670296,16.0
-3780452582396805474,26.0
-3780452582396805474,30.0
1532249960797525190,20.0
1532249960797525190,20.0
8692405834444096922,18.0
-8928428202649726867,18.0
-1115201667562228350,26.0
-1115201667562228350,27.0
-8769042030325953499,19.0
-4234372750442829205,15.0
7633320537823105326,18.0
7633320537823105326,16.0
-8993675534959689080,16.0
-8993675534959689080,17.0
-8993675534959689080,18.0
5548892236933978704,18.0
6339505631013617478,20.0
-3210373572193940939,20.0
2631971469928551627,16.0
6339505631013617478,25.0
-6022656226246460545,14.0
817543968614095114,14.0
1532249960797525190,16.0
817543968614095114,20.0
-8492299714241840941,16.0
2601314283911413076,23.0
6339505631013617478,24.0
-8492299714241840941,16.0
-4873075614181207858,16.0
6339505631013617478,30.0
-6525152599927900344,16.0
7633320537823105326,20.0
3589912774911670296,17.0
-7437341330444582833,34.0
817543968614095114,30.0
7633320537823105326,19.0
-3611589607736625713,16.0
3589912774911670296,18.0
6339505631013617478,19.0
-3024822967781525875,17.0
6339505631013617478,27.0
-6022656226246460545,17.0
-3210373572193940939,12.0
-3611589607736625713,17.0
2631971469928551627,16.0
-3611589607736625713,17.0
7708191038975000369,24.0
-3420195391796315831,14.0
-6525152599927900344,23.0
2631971469928551627,16.0
6339505631013617478,24.0
6543064765547201849,19.0
-8492299714241840941,15.0
-3611589607736625713,16.0
3589912774911670296,21.0
1532249960797525190,23.0
6339505631013617478,24.0
-4873075614181207858,16.0
-7437341330444582833,23.0
-2575767131279873665,12.0
2601314283911413076,14.0
8805478484003283429,15.0
8805478484003283429,25.0
-3420195391796315831,12.0
-3024822967781525875,16.0
-3611589607736625713,17.0
1532249960797525190,23.0
817543968614095114,35.0
1532249960797525190,18.0
1532249960797525190,20.0
-3024822967781525875,16.0
-6525152599927900344,20.0
-8492299714241840941,17.0
1532249960797525190,17.0
-3420195391796315831,12.0
-3420195391796315831,14.0
-6525152599927900344,20.0
1532249960797525190,23.0
7633320537823105326,20.0
-8492299714241840941,15.0
1532249960797525190,16.0
2631971469928551627,16.0
-3611589607736625713,16.0
6339505631013617478,29.0
7708191038975000369,16.0
-6525152599927900344,23.0
-8492299714241840941,19.0
2601314283911413076,13.0
2601314283911413076,16.0
6339505631013617478,25.0
817543968614095114,21.0
817543968614095114,16.0
-4873075614181207858,16.0
1532249960797525190,17.0
-3611589607736625713,18.0
1484542834460282651,14.0
1532249960797525190,22.0
7633320537823105326,18.0
6339505631013617478,24.0
-3420195391796315831,12.0
-2500070523286875699,35.0
6543064765547201849,14.0
3589912774911670296,14.0
1532249960797525190,17.0
7708191038975000369,16.0
7708191038975000369,16.0
1532249960797525190,21.0
1741351032930224901,27.0
1741351032930224901,28.0
1741351032930224901,26.0
1741351032930224901,22.0
1741351032930224901,20.0
1741351032930224901,20.0
1741351032930224901,23.0
1741351032930224901,23.0
1741351032930224901,17.0
1741351032930224901,19.0
1741351032930224901,19.0
1741351032930224901,28.0
1741351032930224901,23.0
1741351032930224901,23.0
1741351032930224901,27.0
1741351032930224901,19.0
1741351032930224901,19.0
1741351032930224901,24.0
1741351032930224901,22.0
1741351032930224901,21.0
1741351032930224901,27.0
1741351032930224901,24.0
1741351032930224901,21.0
1741351032930224901,18.0
1741351032930224901,22.0
1741351032930224901,27.0
1741351032930224901,25.0
1741351032930224901,22.0
1741351032930224901,25.0
1741351032930224901,28.0
1741351032930224901,21.0
1741351032930224901,14.0
1741351032930224901,24.0
1741351032930224901,25.0
1741351032930224901,26.0
1741351032930224901,24.0
1741351032930224901,22.0
1741351032930224901,21.0
7262671035615120930,19.0
7262671035615120930,22.0
7262671035615120930,22.0
7262671035615120930,17.0
7262671035615120930,22.0
7262671035615120930,19.0
7262671035615120930,21.0
7262671035615120930,21.0
7262671035615120930,12.0
7262671035615120930,22.0
7262671035615120930,25.0
7262671035615120930,18.0
7262671035615120930,18.0
7262671035615120930,19.0
7262671035615120930,22.0
7262671035615120930,25.0
7262671035615120930,19.0
7262671035615120930,21.0
7262671035615120930,18.0
7262671035615120930,23.0
7262671035615120930,24.0
7262671035615120930,22.0
7262671035615120930,19.0
7262671035615120930,27.0
7262671035615120930,18.0
7262671035615120930,20.0
7262671035615120930,21.0
7262671035615120930,18.0
7262671035615120930,22.0
7262671035615120930,19.0
7262671035615120930,23.0
7262671035615120930,22.0
7262671035615120930,22.0
7262671035615120930,21.0
7262671035615120930,22.0
7262671035615120930,25.0
7262671035615120930,22.0
7262671035615120930,20.0
7262671035615120930,22.0
7262671035615120930,25.0
7262671035615120930,16.0
7262671035615120930,18.0
7262671035615120930,25.0
7262671035615120930,18.0
7262671035615120930,22.0
7262671035615120930,18.0
7262671035615120930,21.0
7262671035615120930,16.0
7262671035615120930,28.0
7262671035615120930,21.0
7262671035615120930,25.0
7262671035615120930,27.0
7262671035615120930,22.0
7262671035615120930,21.0
7262671035615120930,23.0
7262671035615120930,21.0
7262671035615120930,15.0
7262671035615120930,20.0
7262671035615120930,27.0
7262671035615120930,23.0
7262671035615120930,22.0
7262671035615120930,22.0
7262671035615120930,24.0
7262671035615120930,21.0
7262671035615120930,19.0
7262671035615120930,29.0
7262671035615120930,22.0
7262671035615120930,22.0
7262671035615120930,23.0
7262671035615120930,22.0
7262671035615120930,14.0
7262671035615120930,19.0
7262671035615120930,20.0
7262671035615120930,27.0
7262671035615120930,19.0
7262671035615120930,22.0
7262671035615120930,22.0
7262671035615120930,20.0
7262671035615120930,22.0
7262671035615120930,18.0
7262671035615120930,24.0
7262671035615120930,26.0
7262671035615120930,22.0
7262671035615120930,22.0
7262671035615120930,24.0
7262671035615120930,22.0
7262671035615120930,18.0
7262671035615120930,21.0
7262671035615120930,22.0
7262671035615120930,24.0
7262671035615120930,22.0
7262671035615120930,19.0
7262671035615120930,18.0
7262671035615120930,22.0
7262671035615120930,29.0
7262671035615120930,22.0
7262671035615120930,26.0
7262671035615120930,15.0
7262671035615120930,0.0
7262671035615120930,17.0
7262671035615120930,21.0
7262671035615120930,21.0
7262671035615120930,22.0
7262671035615120930,20.0
7262671035615120930,25.0
7262671035615120930,23.0
7262671035615120930,22.0
7262671035615120930,19.0
7262671035615120930,17.0
7262671035615120930,22.0
7262671035615120930,18.0
7262671035615120930,22.0
7262671035615120930,21.0
7262671035615120930,22.0
7262671035615120930,6.0
7262671035615120930,20.0
7262671035615120930,15.0
7262671035615120930,17.0
7262671035615120930,24.0
7262671035615120930,20.0
7262671035615120930,20.0
7262671035615120930,21.0
7262671035615120930,22.0
7262671035615120930,22.0
7262671035615120930,18.0
7262671035615120930,22.0
7262671035615120930,26.0
7262671035615120930,24.0
7262671035615120930,22.0
7262671035615120930,22.0
7262671035615120930,22.0
7262671035615120930,22.0
7262671035615120930,23.0
7262671035615120930,22.0
7262671035615120930,26.0
7262671035615120930,25.0
7262671035615120930,26.0
7262671035615120930,18.0
-5342370696241135313,15.0
-5342370696241135313,18.0
-5342370696241135313,9.0
-5342370696241135313,12.0
-5342370696241135313,17.0
-5342370696241135313,16.0
-5342370696241135313,13.0
-5342370696241135313,19.0
-5342370696241135313,22.0
-5342370696241135313,12.0
-5342370696241135313,12.0
-5342370696241135313,0.0
-5342370696241135313,19.0
-5342370696241135313,19.0
-5342370696241135313,15.0
-5342370696241135313,15.0
-5342370696241135313,18.0
-5342370696241135313,13.0
-5342370696241135313,12.0
-5342370696241135313,15.0
-5342370696241135313,11.0
-5342370696241135313,16.0
-5342370696241135313,8.0
-5342370696241135313,9.0
-5342370696241135313,17.0
-5342370696241135313,9.0
-5342370696241135313,16.0
-5342370696241135313,13.0
-5342370696241135313,22.0
-5342370696241135313,19.0
-5342370696241135313,23.0
-5342370696241135313,16.0
-5342370696241135313,15.0
-5342370696241135313,15.0
-5342370696241135313,15.0
-5342370696241135313,18.0
-5342370696241135313,16.0
-5342370696241135313,12.0
-5342370696241135313,18.0
-5342370696241135313,15.0
-5342370696241135313,21.0
-5342370696241135313,20.0
-5342370696241135313,7.0
-5342370696241135313,18.0
-5342370696241135313,14.0
-5342370696241135313,14.0
-5342370696241135313,13.0
-5342370696241135313,17.0
-5342370696241135313,22.0
-5342370696241135313,13.0
-5342370696241135313,17.0
-5342370696241135313,24.0
-5342370696241135313,17.0
-5342370696241135313,20.0
-5342370696241135313,11.0
-5342370696241135313,9.0
-5342370696241135313,21.0
-5342370696241135313,12.0
-5342370696241135313,20.0
-5342370696241135313,12.0
-5342370696241135313,11.0
-5342370696241135313,15.0
-5342370696241135313,19.0
-5342370696241135313,14.0
-5342370696241135313,8.0
-5342370696241135313,18.0
-5342370696241135313,9.0
-5342370696241135313,22.0
-5342370696241135313,23.0
-5342370696241135313,19.0
-5342370696241135313,21.0
-5342370696241135313,8.0
-5342370696241135313,11.0
-5342370696241135313,12.0
-5342370696241135313,14.0
-5342370696241135313,16.0
-5342370696241135313,15.0
-5342370696241135313,21.0
-5342370696241135313,16.0
-5342370696241135313,15.0
-5342370696241135313,10.0
-5342370696241135313,15.0
-5342370696241135313,0.0
-5342370696241135313,18.0
-5342370696241135313,16.0
-5342370696241135313,17.0
-5342370696241135313,10.0
-5342370696241135313,18.0
-5342370696241135313,7.0
-5342370696241135313,12.0
-5342370696241135313,16.0
-5342370696241135313,15.0
-5342370696241135313,18.0
-5342370696241135313,20.0
-5342370696241135313,17.0
-5342370696241135313,18.0
-5342370696241135313,26.0
-5342370696241135313,18.0
-5342370696241135313,17.0
-5342370696241135313,17.0
-5342370696241135313,14.0
-5342370696241135313,24.0
-5342370696241135313,15.0
-5342370696241135313,10.0
-5342370696241135313,16.0
-5342370696241135313,19.0
-5342370696241135313,16.0
-5342370696241135313,9.0
-5342370696241135313,21.0
-5342370696241135313,22.0
-5342370696241135313,20.0
-5342370696241135313,13.0
-5342370696241135313,13.0
-5342370696241135313,17.0
-5342370696241135313,13.0
-5342370696241135313,17.0
-5342370696241135313,11.0
-5342370696241135313,9.0
-5342370696241135313,16.0
-5342370696241135313,16.0
-5342370696241135313,14.0
-5342370696241135313,10.0
-5342370696241135313,20.0
-5342370696241135313,17.0
-5342370696241135313,27.0
-5342370696241135313,16.0
-5342370696241135313,17.0
-5342370696241135313,16.0
-5342370696241135313,21.0
-5342370696241135313,13.0
-5342370696241135313,17.0
-5342370696241135313,20.0
-5342370696241135313,14.0
-5342370696241135313,15.0
-5342370696241135313,17.0
-5342370696241135313,10.0
-5342370696241135313,16.0
-5342370696241135313,15.0
-5342370696241135313,6.0
-5342370696241135313,13.0
-5342370696241135313,15.0
-5342370696241135313,13.0
-5342370696241135313,18.0
-5342370696241135313,16.0
-5342370696241135313,12.0
-5342370696241135313,11.0
-5342370696241135313,17.0
-5342370696241135313,16.0
-5342370696241135313,11.0
-5342370696241135313,16.0
-5342370696241135313,12.0
-5342370696241135313,12.0
-5342370696241135313,0.0
-5342370696241135313,16.0
-5342370696241135313,22.0
-5342370696241135313,16.0
-5342370696241135313,12.0
-5342370696241135313,16.0
-5342370696241135313,13.0
-5342370696241135313,16.0
-5342370696241135313,20.0
-5342370696241135313,14.0
-5342370696241135313,18.0
-5342370696241135313,17.0
-5342370696241135313,16.0
-5342370696241135313,16.0
-5342370696241135313,17.0
-5342370696241135313,8.0
-5342370696241135313,14.0
-5342370696241135313,8.0
-5342370696241135313,16.0
-5342370696241135313,18.0
-5342370696241135313,16.0
-5342370696241135313,7.0
-5342370696241135313,17.0
-5342370696241135313,15.0
-5342370696241135313,16.0
-5342370696241135313,13.0
-5342370696241135313,11.0
-5342370696241135313,9.0
-5342370696241135313,14.0
-5342370696241135313,26.0
-5342370696241135313,12.0
-5342370696241135313,16.0
-5342370696241135313,15.0
-5342370696241135313,16.0
-5342370696241135313,14.0
-5342370696241135313,15.0
-5342370696241135313,17.0
-5342370696241135313,19.0
-5342370696241135313,12.0
-5342370696241135313,14.0
-5342370696241135313,14.0
-5342370696241135313,16.0
-5342370696241135313,16.0
-5342370696241135313,16.0
-5342370696241135313,13.0
-5342370696241135313,22.0
-5342370696241135313,16.0
-5342370696241135313,14.0
-5342370696241135313,16.0
-5342370696241135313,12.0
-5342370696241135313,26.0
-5342370696241135313,12.0
-5342370696241135313,16.0
-7671795861352464589,22.0
-7671795861352464589,28.0
-7671795861352464589,25.0
-7671795861352464589,21.0
-7671795861352464589,24.0
-7671795861352464589,24.0
-7671795861352464589,28.0
-7671795861352464589,26.0
-7671795861352464589,19.0
-7671795861352464589,26.0
-7671795861352464589,26.0
-7671795861352464589,26.0
-7671795861352464589,19.0
-7671795861352464589,25.0
-7671795861352464589,26.0
-7671795861352464589,21.0
-7671795861352464589,27.0
-7671795861352464589,26.0
-7671795861352464589,23.0
-7671795861352464589,19.0
-7671795861352464589,25.0
-7671795861352464589,21.0
-7671795861352464589,25.0
-7671795861352464589,24.0
-7671795861352464589,26.0
-7671795861352464589,21.0
-7671795861352464589,36.0
-7671795861352464589,24.0
-7671795861352464589,22.0
-7671795861352464589,24.0
-7671795861352464589,23.0
-7671795861352464589,20.0
-7671795861352464589,22.0
-7671795861352464589,24.0
-7671795861352464589,24.0
-7671795861352464589,20.0
-7671795861352464589,26.0
-7671795861352464589,26.0
-7671795861352464589,19.0
-7671795861352464589,24.0
-7671795861352464589,36.0
-7671795861352464589,25.0
-7671795861352464589,24.0
-7671795861352464589,26.0
-7671795861352464589,28.0
-7671795861352464589,32.0
-7671795861352464589,23.0
-7671795861352464589,28.0
-7671795861352464589,21.0
-7671795861352464589,24.0
-7671795861352464589,23.0
-7671795861352464589,23.0
-7671795861352464589,17.0
-7671795861352464589,26.0
-7671795861352464589,19.0
-7671795861352464589,23.0
-7671795861352464589,25.0
-7671795861352464589,25.0
-7671795861352464589,28.0
-7671795861352464589,24.0
-7671795861352464589,21.0
-7671795861352464589,20.0
-7671795861352464589,24.0
-7671795861352464589,24.0
-7671795861352464589,22.0
-7671795861352464589,19.0
-7671795861352464589,24.0
-7671795861352464589,20.0
-7671795861352464589,22.0
-7671795861352464589,24.0
-7671795861352464589,20.0
-7671795861352464589,19.0
-7671795861352464589,23.0
-7671795861352464589,28.0
-7671795861352464589,23.0
-7671795861352464589,18.0
-7671795861352464589,23.0
-7671795861352464589,27.0
-7671795861352464589,29.0
-7671795861352464589,19.0
-7671795861352464589,22.0
-7671795861352464589,22.0
-7671795861352464589,23.0
-7671795861352464589,21.0
-7671795861352464589,26.0
-7671795861352464589,25.0
-7671795861352464589,23.0
-7671795861352464589,12.0
-7671795861352464589,23.0
-7671795861352464589,27.0
-7671795861352464589,26.0
-7671795861352464589,26.0
-7671795861352464589,23.0
-7671795861352464589,21.0
-7671795861352464589,22.0
-7671795861352464589,26.0
-7671795861352464589,28.0
-7671795861352464589,21.0
-7671795861352464589,24.0
-7671795861352464589,25.0
-7671795861352464589,26.0
-7671795861352464589,26.0
-7671795861352464589,24.0
-7671795861352464589,24.0
-7671795861352464589,21.0
-7671795861352464589,18.0
-7671795861352464589,24.0
-7671795861352464589,24.0
-7671795861352464589,26.0
-7671795861352464589,24.0
-7671795861352464589,31.0
-7671795861352464589,25.0
-7671795861352464589,26.0
-7671795861352464589,26.0
-7671795861352464589,19.0
-7671795861352464589,25.0
-7671795861352464589,25.0
-7671795861352464589,26.0
-7671795861352464589,22.0
-7671795861352464589,25.0
-7671795861352464589,25.0
-7671795861352464589,20.0
-7671795861352464589,25.0
-7671795861352464589,23.0
-7671795861352464589,24.0
-7671795861352464589,27.0
-7671795861352464589,21.0
-9066461348710750663,23.0
-9066461348710750663,35.0
-9066461348710750663,35.0
-9066461348710750663,35.0
-9066461348710750663,35.0
-9066461348710750663,32.0
-9066461348710750663,25.0
-9066461348710750663,27.0
-9066461348710750663,35.0
-9066461348710750663,22.0
-9066461348710750663,37.0
-9066461348710750663,35.0
-9066461348710750663,35.0
-9066461348710750663,21.0
-9066461348710750663,18.0
-9066461348710750663,18.0
-9066461348710750663,35.0
-9066461348710750663,26.0
-9066461348710750663,34.0
-9066461348710750663,13.0
-9066461348710750663,19.0
-9066461348710750663,12.0
-9066461348710750663,0.0
-9066461348710750663,28.0
-9066461348710750663,35.0
-9066461348710750663,19.0
-9066461348710750663,29.0
-9066461348710750663,16.0
-9066461348710750663,35.0
-9066461348710750663,22.0
-9066461348710750663,36.0
-9066461348710750663,18.0
-9066461348710750663,35.0
-9066461348710750663,30.0
-9066461348710750663,35.0
-9066461348710750663,35.0
-9066461348710750663,26.0
-9066461348710750663,33.0
-9066461348710750663,32.0
-9066461348710750663,16.0
-9066461348710750663,28.0
-9066461348710750663,27.0
-9066461348710750663,17.0
-9066461348710750663,16.0
-9066461348710750663,32.0
-9066461348710750663,28.0
-9066461348710750663,35.0
-9066461348710750663,19.0
-9066461348710750663,32.0
-9066461348710750663,35.0
-9066461348710750663,26.0
-9066461348710750663,31.0
-9066461348710750663,30.0
-9066461348710750663,14.0
-9066461348710750663,33.0
-9066461348710750663,35.0
-9066461348710750663,37.0
-9066461348710750663,13.0
-9066461348710750663,35.0
-9066461348710750663,20.0
-9066461348710750663,20.0
-9066461348710750663,35.0
-9066461348710750663,16.0
-9066461348710750663,30.0
-9066461348710750663,32.0
-9066461348710750663,35.0
-9066461348710750663,18.0
-9066461348710750663,13.0
-9066461348710750663,35.0
-9066461348710750663,35.0
-9066461348710750663,34.0
-9066461348710750663,35.0
-9066461348710750663,35.0
-9066461348710750663,24.0
-9066461348710750663,23.0
-9066461348710750663,26.0
-9066461348710750663,23.0
-9066461348710750663,35.0
-9066461348710750663,0.0
-9066461348710750663,31.0
-9066461348710750663,27.0
-9066461348710750663,3.0
-9066461348710750663,35.0
-9066461348710750663,26.0
-9066461348710750663,35.0
-9066461348710750663,25.0
-9066461348710750663,23.0
-9066461348710750663,22.0
-9066461348710750663,35.0
-9066461348710750663,15.0
-9066461348710750663,16.0
-9066461348710750663,29.0
-9066461348710750663,32.0
-9066461348710750663,35.0
-9066461348710750663,36.0
-9066461348710750663,27.0
-9066461348710750663,30.0
-9066461348710750663,39.0
-9066461348710750663,37.0
-9066461348710750663,27.0
-9066461348710750663,21.0
-9066461348710750663,20.0
-9066461348710750663,35.0
-9066461348710750663,27.0
-9066461348710750663,32.0
-9066461348710750663,14.0
-9066461348710750663,35.0
-9066461348710750663,35.0
-9066461348710750663,22.0
-9066461348710750663,31.0
-9066461348710750663,35.0
-9066461348710750663,25.0
-9066461348710750663,0.0
-9066461348710750663,37.0
-9066461348710750663,35.0
-9066461348710750663,18.0
-9066461348710750663,37.0
-9066461348710750663,13.0
-9066461348710750663,31.0
-9066461348710750663,35.0
-9066461348710750663,39.0
-9066461348710750663,36.0
-9066461348710750663,35.0
-9066461348710750663,38.0
-9066461348710750663,38.0
-9066461348710750663,38.0
-9066461348710750663,32.0
-9066461348710750663,35.0
-9066461348710750663,34.0
-9066461348710750663,38.0
-9066461348710750663,35.0
-9066461348710750663,37.0
-9066461348710750663,33.0
-9066461348710750663,32.0
-9066461348710750663,36.0
-9066461348710750663,13.0
-9066461348710750663,35.0
-9066461348710750663,37.0
-9066461348710750663,32.0
-9066461348710750663,35.0
-9066461348710750663,35.0
-9066461348710750663,35.0
-9066461348710750663,32.0
-9066461348710750663,21.0
-9066461348710750663,35.0
-9066461348710750663,35.0
-9066461348710750663,37.0
-9066461348710750663,38.0
-9066461348710750663,35.0
-9066461348710750663,38.0
-9066461348710750663,38.0
-9066461348710750663,15.0
-9066461348710750663,32.0
-9066461348710750663,35.0
-9066461348710750663,37.0
-9066461348710750663,35.0
-9066461348710750663,32.0
1258460361496302149,24.0
1258460361496302149,21.0
1258460361496302149,26.0
1258460361496302149,16.0
1258460361496302149,24.0
1258460361496302149,18.0
1258460361496302149,24.0
1258460361496302149,30.0
1258460361496302149,21.0
1258460361496302149,21.0
1258460361496302149,26.0
1258460361496302149,18.0
1258460361496302149,25.0
1258460361496302149,22.0
1258460361496302149,17.0
1258460361496302149,21.0
1258460361496302149,22.0
1258460361496302149,20.0
1258460361496302149,19.0
1258460361496302149,18.0
1258460361496302149,24.0
1258460361496302149,23.0
1258460361496302149,20.0
1258460361496302149,27.0
1258460361496302149,28.0
1258460361496302149,20.0
1258460361496302149,34.0
1258460361496302149,18.0
1258460361496302149,24.0
1258460361496302149,19.0
1258460361496302149,30.0
1258460361496302149,16.0
1258460361496302149,19.0
1258460361496302149,27.0
1258460361496302149,36.0
1258460361496302149,16.0
1258460361496302149,17.0
1258460361496302149,34.0
1258460361496302149,18.0
1258460361496302149,19.0
1258460361496302149,22.0
1258460361496302149,20.0
1258460361496302149,24.0
1258460361496302149,18.0
1258460361496302149,19.0
1258460361496302149,19.0
1258460361496302149,19.0
1258460361496302149,21.0
1258460361496302149,22.0
1258460361496302149,25.0
1258460361496302149,23.0
1258460361496302149,17.0
1258460361496302149,16.0
1258460361496302149,16.0
1258460361496302149,30.0
1258460361496302149,26.0
1258460361496302149,19.0
1258460361496302149,23.0
1258460361496302149,25.0
1258460361496302149,19.0
1258460361496302149,22.0
1258460361496302149,23.0
1258460361496302149,25.0
1258460361496302149,19.0
1258460361496302149,18.0
1258460361496302149,21.0
1258460361496302149,15.0
1258460361496302149,19.0
1258460361496302149,21.0
1258460361496302149,24.0
1258460361496302149,22.0
1258460361496302149,24.0
1258460361496302149,26.0
1258460361496302149,26.0
1258460361496302149,27.0
1258460361496302149,23.0
1258460361496302149,22.0
1258460361496302149,20.0
1258460361496302149,18.0
1258460361496302149,26.0
1258460361496302149,26.0
1258460361496302149,27.0
1258460361496302149,19.0
1258460361496302149,24.0
1258460361496302149,14.0
1258460361496302149,20.0
1258460361496302149,21.0
1258460361496302149,22.0
1258460361496302149,22.0
1258460361496302149,19.0
1258460361496302149,23.0
1258460361496302149,23.0
1258460361496302149,29.0
1258460361496302149,24.0
1258460361496302149,27.0
1258460361496302149,19.0
1258460361496302149,27.0
1258460361496302149,21.0
1258460361496302149,33.0
1258460361496302149,23.0
1258460361496302149,31.0
1258460361496302149,18.0
1258460361496302149,16.0
1258460361496302149,35.0
1258460361496302149,17.0
1258460361496302149,24.0
1258460361496302149,20.0
1258460361496302149,31.0
1258460361496302149,19.0
1258460361496302149,18.0
1258460361496302149,24.0
1258460361496302149,31.0
1258460361496302149,18.0
1258460361496302149,20.0
1258460361496302149,26.0
1258460361496302149,28.0
1258460361496302149,21.0
1258460361496302149,28.0
1258460361496302149,28.0
-7391666713304457659,18.0
-7391666713304457659,20.0
-7391666713304457659,28.0
-7391666713304457659,23.0
-7391666713304457659,23.0
-7391666713304457659,19.0
-7391666713304457659,17.0
-7391666713304457659,17.0
-7391666713304457659,20.0
-7391666713304457659,21.0
-7391666713304457659,19.0
-7391666713304457659,18.0
-7391666713304457659,13.0
-7391666713304457659,21.0
-7391666713304457659,19.0
-7391666713304457659,18.0
-7391666713304457659,23.0
-7391666713304457659,21.0
-7391666713304457659,21.0
-7391666713304457659,21.0
-7391666713304457659,16.0
-7391666713304457659,15.0
-7391666713304457659,22.0
-7391666713304457659,22.0
-7391666713304457659,19.0
-7391666713304457659,17.0
-7391666713304457659,18.0
-7391666713304457659,18.0
-7391666713304457659,28.0
-7391666713304457659,26.0
-7391666713304457659,21.0
-7391666713304457659,18.0
-7391666713304457659,20.0
-7391666713304457659,17.0
-7391666713304457659,23.0
-7391666713304457659,23.0
-7391666713304457659,18.0
-7391666713304457659,19.0
-7391666713304457659,20.0
-7391666713304457659,17.0
-7391666713304457659,19.0
-7391666713304457659,23.0
-7391666713304457659,20.0
-7391666713304457659,22.0
-7391666713304457659,17.0
-7391666713304457659,20.0
-7391666713304457659,20.0
-7391666713304457659,13.0
-7391666713304457659,21.0
-7391666713304457659,18.0
-7391666713304457659,22.0
-7391666713304457659,17.0
-7391666713304457659,18.0
-7391666713304457659,22.0
-7391666713304457659,18.0
-7391666713304457659,19.0
-7391666713304457659,20.0
-7391666713304457659,27.0
-7391666713304457659,19.0
-7391666713304457659,16.0
-7391666713304457659,23.0
-7391666713304457659,28.0
-7391666713304457659,22.0
-7391666713304457659,21.0
-7391666713304457659,17.0
-7391666713304457659,20.0
-7391666713304457659,25.0
-7391666713304457659,17.0
-7391666713304457659,15.0
-7391666713304457659,19.0
-7391666713304457659,21.0
-7391666713304457659,23.0
-7391666713304457659,20.0
-7391666713304457659,27.0
-7391666713304457659,22.0
-7391666713304457659,23.0
-7391666713304457659,19.0
-7391666713304457659,15.0
-7391666713304457659,20.0
-7391666713304457659,24.0
-7391666713304457659,21.0
-7391666713304457659,21.0
-7391666713304457659,14.0
-7391666713304457659,14.0
-7391666713304457659,24.0
-7391666713304457659,17.0
-7391666713304457659,19.0
-7391666713304457659,30.0
-7391666713304457659,19.0
-7391666713304457659,14.0
-7391666713304457659,22.0
-7391666713304457659,20.0
-7391666713304457659,20.0
-7391666713304457659,19.0
-7391666713304457659,22.0
-7391666713304457659,25.0
-7391666713304457659,15.0
-7391666713304457659,21.0
-7391666713304457659,20.0
-7391666713304457659,21.0
-7391666713304457659,21.0
-7391666713304457659,18.0
-7391666713304457659,19.0
-7391666713304457659,18.0
-7391666713304457659,18.0
-7391666713304457659,16.0
-7391666713304457659,17.0
-7391666713304457659,15.0
-7391666713304457659,19.0
-7391666713304457659,17.0
-7391666713304457659,21.0
-7391666713304457659,14.0
-7391666713304457659,12.0
-7391666713304457659,20.0
-7391666713304457659,19.0
-7391666713304457659,22.0
-7391666713304457659,15.0
-7391666713304457659,18.0
-7391666713304457659,18.0
-7391666713304457659,18.0
-7391666713304457659,25.0
-7391666713304457659,19.0
-7391666713304457659,23.0
2161418207209636934,26.0
2161418207209636934,18.0
2161418207209636934,20.0
2161418207209636934,18.0
2161418207209636934,23.0
2161418207209636934,16.0
2161418207209636934,15.0
2161418207209636934,16.0
2161418207209636934,22.0
2161418207209636934,15.0
2161418207209636934,25.0
2161418207209636934,20.0
2161418207209636934,20.0
2161418207209636934,17.0
2161418207209636934,21.0
2161418207209636934,23.0
2161418207209636934,14.0
2161418207209636934,24.0
2161418207209636934,25.0
2161418207209636934,19.0
2161418207209636934,25.0
2161418207209636934,27.0
2161418207209636934,24.0
2161418207209636934,17.0
2161418207209636934,24.0
2161418207209636934,16.0
2161418207209636934,17.0
2161418207209636934,16.0
2161418207209636934,21.0
2161418207209636934,20.0
2161418207209636934,26.0
2161418207209636934,21.0
2161418207209636934,23.0
2161418207209636934,25.0
2161418207209636934,22.0
2161418207209636934,24.0
2161418207209636934,23.0
2161418207209636934,18.0
2161418207209636934,17.0
2161418207209636934,17.0
2161418207209636934,24.0
2161418207209636934,16.0
2161418207209636934,22.0
2161418207209636934,20.0
2161418207209636934,20.0
2161418207209636934,23.0
2161418207209636934,14.0
2161418207209636934,23.0
2161418207209636934,20.0
2161418207209636934,17.0
2161418207209636934,20.0
2161418207209636934,21.0
2161418207209636934,19.0
2161418207209636934,28.0
2161418207209636934,27.0
2161418207209636934,19.0
2161418207209636934,23.0
2161418207209636934,17.0
2161418207209636934,22.0
2161418207209636934,13.0
2161418207209636934,23.0
2161418207209636934,23.0
2161418207209636934,25.0
2161418207209636934,27.0
2161418207209636934,22.0
2161418207209636934,23.0
2161418207209636934,22.0
2161418207209636934,20.0
2161418207209636934,19.0
2161418207209636934,21.0
2161418207209636934,22.0
2161418207209636934,20.0
2161418207209636934,22.0
2161418207209636934,24.0
2161418207209636934,26.0
2161418207209636934,23.0
2161418207209636934,25.0
2161418207209636934,19.0
2161418207209636934,24.0
2161418207209636934,21.0
2161418207209636934,23.0
2161418207209636934,22.0
2161418207209636934,21.0
2161418207209636934,21.0
2161418207209636934,19.0
2161418207209636934,19.0
2161418207209636934,16.0
2161418207209636934,19.0
2161418207209636934,19.0
2161418207209636934,25.0
2161418207209636934,24.0
2161418207209636934,25.0
2161418207209636934,23.0
2161418207209636934,24.0
2161418207209636934,26.0
2161418207209636934,19.0
2161418207209636934,20.0
2161418207209636934,21.0
2161418207209636934,17.0
2161418207209636934,24.0
2161418207209636934,22.0
2161418207209636934,25.0
2161418207209636934,26.0
2161418207209636934,21.0
2161418207209636934,22.0
2161418207209636934,16.0
2161418207209636934,20.0
2161418207209636934,18.0
2161418207209636934,21.0
2161418207209636934,35.0
2161418207209636934,17.0
2161418207209636934,22.0
2161418207209636934,19.0
2161418207209636934,17.0
2161418207209636934,15.0
2161418207209636934,27.0
2161418207209636934,21.0
2161418207209636934,22.0
2161418207209636934,20.0
2161418207209636934,16.0
2161418207209636934,17.0
2161418207209636934,24.0
2161418207209636934,23.0
2161418207209636934,22.0
2161418207209636934,26.0
2161418207209636934,25.0
2161418207209636934,16.0
2161418207209636934,25.0
2161418207209636934,24.0
2161418207209636934,18.0
2161418207209636934,22.0
2161418207209636934,21.0
2161418207209636934,16.0
2161418207209636934,20.0
2161418207209636934,24.0
2161418207209636934,24.0
2161418207209636934,21.0
2161418207209636934,26.0
2161418207209636934,27.0
2161418207209636934,17.0
2161418207209636934,17.0
2161418207209636934,20.0
2161418207209636934,15.0
2161418207209636934,29.0
2161418207209636934,19.0
2161418207209636934,19.0
2161418207209636934,21.0
2161418207209636934,23.0
2161418207209636934,19.0
2161418207209636934,18.0
2161418207209636934,16.0
2161418207209636934,15.0
2161418207209636934,13.0
2161418207209636934,27.0
2161418207209636934,20.0
2161418207209636934,17.0
2161418207209636934,20.0
2161418207209636934,22.0
8090044958540695372,12.0
8090044958540695372,21.0
8090044958540695372,26.0
8090044958540695372,15.0
8090044958540695372,28.0
8090044958540695372,13.0
8090044958540695372,14.0
8090044958540695372,24.0
8090044958540695372,15.0
8090044958540695372,13.0
8090044958540695372,17.0
8090044958540695372,15.0
8090044958540695372,14.0
8090044958540695372,15.0
8090044958540695372,15.0
8090044958540695372,16.0
8090044958540695372,14.0
8090044958540695372,17.0
8090044958540695372,13.0
8090044958540695372,21.0
8090044958540695372,11.0
8090044958540695372,15.0
8090044958540695372,15.0
8090044958540695372,15.0
8090044958540695372,16.0
8090044958540695372,16.0
8090044958540695372,19.0
8090044958540695372,15.0
8090044958540695372,9.0
8090044958540695372,11.0
8090044958540695372,20.0
8090044958540695372,14.0
8090044958540695372,11.0
8090044958540695372,22.0
8090044958540695372,12.0
8090044958540695372,16.0
8090044958540695372,23.0
8090044958540695372,14.0
8090044958540695372,19.0
8090044958540695372,25.0
8090044958540695372,9.0
8090044958540695372,13.0
8090044958540695372,12.0
8090044958540695372,15.0
8090044958540695372,15.0
8090044958540695372,14.0
8090044958540695372,27.0
8090044958540695372,10.0
8090044958540695372,15.0
8090044958540695372,20.0
8090044958540695372,19.0
8090044958540695372,15.0
8090044958540695372,15.0
8090044958540695372,15.0
8090044958540695372,26.0
8090044958540695372,18.0
8090044958540695372,17.0
8090044958540695372,20.0
8090044958540695372,15.0
8090044958540695372,22.0
8090044958540695372,19.0
8090044958540695372,19.0
8090044958540695372,13.0
8090044958540695372,21.0
8090044958540695372,23.0
8090044958540695372,12.0
8090044958540695372,20.0
8090044958540695372,15.0
8090044958540695372,19.0
8090044958540695372,11.0
8090044958540695372,32.0
8090044958540695372,21.0
8090044958540695372,22.0
8090044958540695372,15.0
8090044958540695372,19.0
8090044958540695372,11.0
8090044958540695372,13.0
8090044958540695372,15.0
8090044958540695372,16.0
8090044958540695372,15.0
8090044958540695372,19.0
8090044958540695372,15.0
8090044958540695372,12.0
8090044958540695372,11.0
8090044958540695372,9.0
8090044958540695372,17.0
8090044958540695372,14.0
8090044958540695372,22.0
8090044958540695372,17.0
8090044958540695372,23.0
8090044958540695372,18.0
8090044958540695372,18.0
8090044958540695372,16.0
8090044958540695372,16.0
8090044958540695372,24.0
8090044958540695372,12.0
8090044958540695372,17.0
8090044958540695372,10.0
8090044958540695372,15.0
8090044958540695372,22.0
8090044958540695372,14.0
8090044958540695372,16.0
8090044958540695372,24.0
8090044958540695372,13.0
8090044958540695372,15.0
8090044958540695372,17.0
8090044958540695372,11.0
8090044958540695372,18.0
8090044958540695372,13.0
8090044958540695372,16.0
8090044958540695372,16.0
8090044958540695372,21.0
8090044958540695372,12.0
8090044958540695372,21.0
8090044958540695372,21.0
8090044958540695372,11.0
8090044958540695372,9.0
8090044958540695372,15.0
8090044958540695372,18.0
8090044958540695372,13.0
8090044958540695372,30.0
8090044958540695372,24.0
8090044958540695372,15.0
8090044958540695372,18.0
8090044958540695372,14.0
8090044958540695372,13.0
8090044958540695372,18.0
8090044958540695372,18.0
8090044958540695372,16.0
8090044958540695372,15.0
8090044958540695372,20.0
8090044958540695372,16.0
8090044958540695372,10.0
8090044958540695372,18.0
8090044958540695372,18.0
8090044958540695372,20.0
8090044958540695372,13.0
8090044958540695372,14.0
8090044958540695372,14.0
8090044958540695372,14.0
8090044958540695372,12.0
8090044958540695372,35.0
8090044958540695372,13.0
8090044958540695372,13.0
8090044958540695372,12.0
8090044958540695372,12.0
8090044958540695372,19.0
8090044958540695372,23.0
8090044958540695372,14.0
8090044958540695372,17.0
8090044958540695372,9.0
8090044958540695372,15.0
8090044958540695372,10.0
8090044958540695372,11.0
8090044958540695372,15.0
8090044958540695372,10.0
8090044958540695372,15.0
8090044958540695372,12.0
8090044958540695372,11.0
8090044958540695372,27.0
8090044958540695372,18.0
8090044958540695372,18.0
8090044958540695372,16.0
8090044958540695372,13.0
8090044958540695372,14.0
8090044958540695372,15.0
8090044958540695372,12.0
8090044958540695372,15.0
8090044958540695372,18.0
8090044958540695372,21.0
8090044958540695372,18.0
8090044958540695372,31.0
8090044958540695372,17.0
8090044958540695372,14.0
8090044958540695372,15.0
8090044958540695372,10.0
8090044958540695372,14.0
8090044958540695372,18.0
8090044958540695372,15.0
8090044958540695372,16.0
8090044958540695372,22.0
8090044958540695372,16.0
8090044958540695372,15.0
8090044958540695372,15.0
8090044958540695372,15.0
8090044958540695372,13.0
8090044958540695372,23.0
8090044958540695372,13.0
8090044958540695372,18.0
8090044958540695372,19.0
8090044958540695372,16.0
8090044958540695372,13.0
8090044958540695372,16.0
8090044958540695372,15.0
8090044958540695372,15.0
8090044958540695372,16.0
8090044958540695372,15.0
8090044958540695372,15.0
8090044958540695372,9.0
8090044958540695372,15.0
8090044958540695372,15.0
8090044958540695372,15.0
-8254164865273971123,23.0
-8254164865273971123,22.0
-8254164865273971123,29.0
-8254164865273971123,19.0
-8254164865273971123,26.0
-8254164865273971123,18.0
-8254164865273971123,25.0
-8254164865273971123,21.0
-8254164865273971123,28.0
-8254164865273971123,26.0
-8254164865273971123,18.0
-8254164865273971123,25.0
-8254164865273971123,8.0
-8254164865273971123,26.0
-8254164865273971123,25.0
-8254164865273971123,24.0
-8254164865273971123,31.0
-8254164865273971123,34.0
-8254164865273971123,29.0
-8254164865273971123,23.0
-8254164865273971123,25.0
-8254164865273971123,22.0
-8254164865273971123,24.0
-8254164865273971123,16.0
-8254164865273971123,22.0
-8254164865273971123,14.0
-8254164865273971123,31.0
-8254164865273971123,32.0
-8254164865273971123,15.0
-8254164865273971123,23.0
-8254164865273971123,30.0
-8254164865273971123,27.0
-8254164865273971123,18.0
-8254164865273971123,19.0
-8254164865273971123,20.0
-8254164865273971123,20.0
-8254164865273971123,22.0
-8254164865273971123,24.0
-8254164865273971123,25.0
-8254164865273971123,14.0
-8254164865273971123,41.0
-8254164865273971123,32.0
-8254164865273971123,30.0
-8254164865273971123,21.0
-8254164865273971123,25.0
-8254164865273971123,17.0
-8254164865273971123,28.0
-8254164865273971123,29.0
-8254164865273971123,21.0
-8254164865273971123,21.0
-8254164865273971123,32.0
-8254164865273971123,16.0
-8254164865273971123,23.0
-8254164865273971123,27.0
-8254164865273971123,19.0
-8254164865273971123,18.0
-8254164865273971123,19.0
-8254164865273971123,30.0
-8254164865273971123,22.0
-8254164865273971123,24.0
-8254164865273971123,21.0
-8254164865273971123,21.0
-8254164865273971123,25.0
-8254164865273971123,27.0
-8254164865273971123,19.0
-8254164865273971123,32.0
-8254164865273971123,20.0
-8254164865273971123,24.0
-8254164865273971123,32.0
-8254164865273971123,24.0
-8254164865273971123,37.0
-8254164865273971123,20.0
-8254164865273971123,20.0
-8254164865273971123,26.0
-8254164865273971123,22.0
-8254164865273971123,33.0
-8254164865273971123,23.0
-8254164865273971123,19.0
-8254164865273971123,25.0
-8254164865273971123,23.0
-8254164865273971123,36.0
-8254164865273971123,29.0
-8254164865273971123,25.0
-8254164865273971123,24.0
-8254164865273971123,21.0
-8254164865273971123,22.0
-8254164865273971123,30.0
-8254164865273971123,25.0
-8254164865273971123,35.0
-8254164865273971123,10.0
-8254164865273971123,29.0
-8254164865273971123,22.0
-8254164865273971123,33.0
-8254164865273971123,23.0
-8254164865273971123,17.0
-8254164865273971123,21.0
-8254164865273971123,15.0
-8254164865273971123,24.0
-8254164865273971123,22.0
-8254164865273971123,29.0
-8254164865273971123,33.0
-8254164865273971123,14.0
-8254164865273971123,24.0
-8254164865273971123,30.0
-8254164865273971123,33.0
-8254164865273971123,15.0
-8254164865273971123,31.0
-8254164865273971123,21.0
-8254164865273971123,31.0
-8254164865273971123,30.0
-8254164865273971123,15.0
-8254164865273971123,26.0
-8254164865273971123,40.0
-8254164865273971123,18.0
-8254164865273971123,27.0
-8254164865273971123,27.0
-8254164865273971123,16.0
-8254164865273971123,32.0
-8254164865273971123,25.0
-8254164865273971123,23.0
-8254164865273971123,30.0
-8254164865273971123,23.0
-8254164865273971123,24.0
-8254164865273971123,21.0
-8254164865273971123,25.0
-8254164865273971123,30.0
-8254164865273971123,18.0
-8254164865273971123,40.0
-8254164865273971123,25.0
-8254164865273971123,13.0
-8254164865273971123,24.0
-8254164865273971123,36.0
-8254164865273971123,22.0
-8254164865273971123,29.0
-8254164865273971123,38.0
-8254164865273971123,18.0
-8254164865273971123,25.0
-8254164865273971123,24.0
-8254164865273971123,31.0
-8254164865273971123,35.0
-8254164865273971123,19.0
-8254164865273971123,19.0
-8254164865273971123,21.0
-8254164865273971123,30.0
-8254164865273971123,18.0
-8254164865273971123,19.0
-8254164865273971123,18.0
-8254164865273971123,22.0
-8254164865273971123,31.0
-8254164865273971123,21.0
-8254164865273971123,30.0
-8254164865273971123,30.0
-8254164865273971123,9.0
-8254164865273971123,22.0
-8254164865273971123,18.0
-8254164865273971123,29.0
-8254164865273971123,22.0
-8254164865273971123,22.0
-8254164865273971123,15.0
-8254164865273971123,30.0
-8254164865273971123,17.0
-8254164865273971123,20.0
-8254164865273971123,26.0
-8254164865273971123,16.0
-8254164865273971123,22.0
-8254164865273971123,7.0
-8254164865273971123,36.0
-8254164865273971123,29.0
-8254164865273971123,20.0
-8254164865273971123,21.0
-8254164865273971123,25.0
-8254164865273971123,22.0
-8254164865273971123,20.0
-8254164865273971123,25.0
-8254164865273971123,32.0
-8254164865273971123,25.0
-8254164865273971123,18.0
-8254164865273971123,23.0
-8254164865273971123,38.0
-8254164865273971123,23.0
-8254164865273971123,20.0
-8254164865273971123,20.0
-8254164865273971123,34.0
-8254164865273971123,26.0
-8254164865273971123,28.0
-8254164865273971123,18.0
-8254164865273971123,29.0
-8254164865273971123,24.0
-8254164865273971123,18.0
-8254164865273971123,24.0
-8254164865273971123,19.0
-8254164865273971123,17.0
-8254164865273971123,19.0
-8254164865273971123,27.0
-8254164865273971123,20.0
-8254164865273971123,21.0
-8254164865273971123,34.0
-8254164865273971123,34.0
-8254164865273971123,23.0
-8254164865273971123,23.0
-8254164865273971123,27.0
-8254164865273971123,30.0
-8254164865273971123,35.0
-8254164865273971123,40.0
-8254164865273971123,8.0
-8254164865273971123,16.0
-8254164865273971123,19.0
-8254164865273971123,24.0
-8254164865273971123,29.0
-8254164865273971123,21.0
-8254164865273971123,25.0
-8254164865273971123,32.0
-8254164865273971123,24.0
-8254164865273971123,16.0
-8254164865273971123,32.0
-8254164865273971123,23.0
-8254164865273971123,27.0
-8254164865273971123,21.0
-8254164865273971123,22.0
-8254164865273971123,21.0
-8254164865273971123,30.0
-8254164865273971123,18.0
-8254164865273971123,18.0
-8254164865273971123,18.0
-8254164865273971123,18.0
-8254164865273971123,24.0
-8254164865273971123,29.0
-8254164865273971123,24.0
-8254164865273971123,22.0
-8254164865273971123,17.0
-8254164865273971123,42.0
-8254164865273971123,24.0
-8254164865273971123,18.0
-8254164865273971123,17.0
-8254164865273971123,26.0
-8254164865273971123,18.0
-8254164865273971123,19.0
-8254164865273971123,23.0
-8254164865273971123,32.0
-8254164865273971123,28.0
-8254164865273971123,17.0
-8254164865273971123,18.0
-8254164865273971123,38.0
-8254164865273971123,23.0
-8254164865273971123,27.0
-8254164865273971123,25.0
-8254164865273971123,29.0
-8254164865273971123,28.0
-8254164865273971123,18.0
-8254164865273971123,28.0
-8254164865273971123,28.0
-8254164865273971123,25.0
-8254164865273971123,32.0
-8254164865273971123,25.0
-8254164865273971123,39.0
-8254164865273971123,31.0
-8254164865273971123,18.0
-8254164865273971123,23.0
-8254164865273971123,21.0
-8254164865273971123,29.0
-8254164865273971123,34.0
-8254164865273971123,25.0
-8254164865273971123,15.0
-8254164865273971123,13.0
-8254164865273971123,23.0
-8254164865273971123,26.0
-8254164865273971123,33.0
-8254164865273971123,23.0
-8254164865273971123,30.0
-8254164865273971123,28.0
-8254164865273971123,31.0
-8254164865273971123,26.0
-8254164865273971123,20.0
-8254164865273971123,32.0
-8254164865273971123,20.0
-8254164865273971123,29.0
-8254164865273971123,26.0
-8254164865273971123,31.0
-8254164865273971123,19.0
-8254164865273971123,17.0
-8254164865273971123,17.0
-8254164865273971123,26.0
-8254164865273971123,18.0
-8254164865273971123,28.0
-8254164865273971123,18.0
-8254164865273971123,33.0
-8254164865273971123,25.0
-8254164865273971123,24.0
-8254164865273971123,30.0
-8254164865273971123,30.0
-8254164865273971123,30.0
-8254164865273971123,19.0
-8254164865273971123,30.0
-8254164865273971123,25.0
-8254164865273971123,20.0
-8254164865273971123,25.0
-8254164865273971123,26.0
-8254164865273971123,23.0
-8254164865273971123,17.0
-8254164865273971123,21.0
-8254164865273971123,28.0
-8254164865273971123,18.0
-8254164865273971123,19.0
-8254164865273971123,23.0
-8254164865273971123,23.0
-8254164865273971123,15.0
-8254164865273971123,20.0
-8254164865273971123,20.0
-8254164865273971123,18.0
-8254164865273971123,20.0
-8254164865273971123,39.0
-8254164865273971123,31.0
-8254164865273971123,25.0
-8254164865273971123,18.0
-8254164865273971123,24.0
-8254164865273971123,20.0
-8254164865273971123,18.0
-8254164865273971123,28.0
-8254164865273971123,38.0
-8254164865273971123,17.0
-8254164865273971123,27.0
-8254164865273971123,17.0
-8254164865273971123,18.0
-8254164865273971123,21.0
-8254164865273971123,24.0
-8254164865273971123,23.0
-8254164865273971123,16.0
-8254164865273971123,33.0
-8254164865273971123,39.0
-8254164865273971123,22.0
-8254164865273971123,21.0
-8254164865273971123,18.0
-8254164865273971123,18.0
-8254164865273971123,19.0
-8254164865273971123,18.0
-8254164865273971123,20.0
-8254164865273971123,17.0
-8254164865273971123,22.0
-8254164865273971123,28.0
-8254164865273971123,21.0
-8254164865273971123,29.0
-8254164865273971123,21.0
-8254164865273971123,35.0
-8254164865273971123,17.0
-8254164865273971123,26.0
-8254164865273971123,15.0
-8254164865273971123,18.0
-8254164865273971123,34.0
-8254164865273971123,24.0
-8254164865273971123,24.0
-8254164865273971123,33.0
-8254164865273971123,18.0
-8254164865273971123,28.0
-8254164865273971123,18.0
-8254164865273971123,28.0
-8254164865273971123,15.0
-8254164865273971123,17.0
-8254164865273971123,22.0
-8254164865273971123,18.0
-8254164865273971123,21.0
-8254164865273971123,19.0
-8254164865273971123,17.0
-8254164865273971123,26.0
-8254164865273971123,16.0
-8254164865273971123,36.0
-8254164865273971123,21.0
-8254164865273971123,25.0
-8254164865273971123,7.0
-8254164865273971123,29.0
-8254164865273971123,26.0
-8254164865273971123,20.0
-8254164865273971123,17.0
-8254164865273971123,18.0
-8254164865273971123,23.0
-8254164865273971123,19.0
-8254164865273971123,25.0
-8254164865273971123,24.0
-8254164865273971123,21.0
-8254164865273971123,20.0
-8254164865273971123,29.0
-8254164865273971123,21.0
-8254164865273971123,25.0
-8254164865273971123,17.0
-8254164865273971123,18.0
-8254164865273971123,20.0
-8254164865273971123,27.0
-8254164865273971123,30.0
-8254164865273971123,18.0
-8254164865273971123,16.0
-8254164865273971123,26.0
-8254164865273971123,17.0
-8254164865273971123,28.0
-8254164865273971123,29.0
-8254164865273971123,15.0
-8254164865273971123,29.0
-8254164865273971123,23.0
-8254164865273971123,27.0
-8254164865273971123,29.0
-8254164865273971123,30.0
-8254164865273971123,23.0
-8254164865273971123,20.0
-8254164865273971123,10.0
-8254164865273971123,20.0
-8254164865273971123,42.0
-8254164865273971123,15.0
-8254164865273971123,18.0
-8254164865273971123,23.0
-8254164865273971123,25.0
-8254164865273971123,26.0
-8254164865273971123,13.0
-8254164865273971123,25.0
-8254164865273971123,21.0
-8254164865273971123,22.0
-8254164865273971123,18.0
-8254164865273971123,16.0
-8254164865273971123,18.0
-8254164865273971123,24.0
-8254164865273971123,16.0
-8254164865273971123,25.0
-8254164865273971123,14.0
-8254164865273971123,16.0
-8254164865273971123,20.0
-8254164865273971123,21.0
-8254164865273971123,36.0
-8254164865273971123,29.0
-8254164865273971123,19.0
-8254164865273971123,18.0
-8254164865273971123,22.0
-8254164865273971123,26.0
-8254164865273971123,20.0
-8254164865273971123,26.0
-8254164865273971123,21.0
-8254164865273971123,18.0
-8254164865273971123,36.0
-8254164865273971123,21.0
-8254164865273971123,22.0
-8254164865273971123,39.0
-8254164865273971123,22.0
-8254164865273971123,33.0
-8254164865273971123,33.0
-8254164865273971123,20.0
-8254164865273971123,24.0
-8254164865273971123,33.0
-8254164865273971123,19.0
-8254164865273971123,33.0
-8254164865273971123,31.0
-8254164865273971123,26.0
-8254164865273971123,22.0
-8254164865273971123,16.0
-8254164865273971123,20.0
-8254164865273971123,16.0
-8254164865273971123,22.0
-8254164865273971123,27.0
-8254164865273971123,34.0
-8254164865273971123,18.0
-8254164865273971123,18.0
-8254164865273971123,23.0
-8254164865273971123,23.0
-8254164865273971123,21.0
-8254164865273971123,32.0
-8254164865273971123,28.0
-8254164865273971123,22.0
-8254164865273971123,26.0
-8254164865273971123,28.0
-8254164865273971123,25.0
-8254164865273971123,24.0
-8254164865273971123,19.0
-8254164865273971123,25.0
-8254164865273971123,25.0
-8254164865273971123,18.0
-8254164865273971123,22.0
-8254164865273971123,20.0
-8254164865273971123,22.0
-8254164865273971123,25.0
-8254164865273971123,36.0
-8254164865273971123,27.0
-8254164865273971123,26.0
-8254164865273971123,33.0
-8254164865273971123,34.0
-8254164865273971123,18.0
-8254164865273971123,19.0
-8254164865273971123,19.0
-8254164865273971123,28.0
-8254164865273971123,14.0
-8254164865273971123,29.0
-8254164865273971123,19.0
-8254164865273971123,19.0
-8254164865273971123,20.0
-8254164865273971123,18.0
-8254164865273971123,24.0
-8254164865273971123,17.0
-8254164865273971123,25.0
-8254164865273971123,39.0
-8254164865273971123,22.0
-8254164865273971123,29.0
-8254164865273971123,23.0
-8254164865273971123,18.0
-8254164865273971123,25.0
-8254164865273971123,24.0
-8254164865273971123,34.0
-8254164865273971123,16.0
-8254164865273971123,18.0
-8254164865273971123,22.0
-8254164865273971123,24.0
-8254164865273971123,30.0
-8254164865273971123,33.0
-8254164865273971123,23.0
-8254164865273971123,24.0
-8254164865273971123,36.0
-8254164865273971123,22.0
-8254164865273971123,18.0
-8254164865273971123,31.0
-8254164865273971123,24.0
-8254164865273971123,27.0
-8254164865273971123,30.0
-8254164865273971123,24.0
-8254164865273971123,26.0
-8254164865273971123,19.0
-8254164865273971123,25.0
-8254164865273971123,23.0
-8254164865273971123,16.0
-8254164865273971123,43.0
-8254164865273971123,36.0
-8254164865273971123,18.0
-8254164865273971123,18.0
-8254164865273971123,23.0
-8254164865273971123,29.0
-8254164865273971123,25.0
-8254164865273971123,17.0
-8254164865273971123,21.0
-8254164865273971123,26.0
-8254164865273971123,21.0
-8254164865273971123,22.0
-8254164865273971123,24.0
-8254164865273971123,20.0
-8254164865273971123,25.0
-8254164865273971123,29.0
-8254164865273971123,32.0
-8254164865273971123,30.0
-8254164865273971123,23.0
-8254164865273971123,35.0
-8254164865273971123,38.0
-8254164865273971123,18.0
-8254164865273971123,18.0
-8254164865273971123,25.0
-8254164865273971123,36.0
-8254164865273971123,38.0
-8254164865273971123,18.0
-8254164865273971123,35.0
-8254164865273971123,40.0
-8254164865273971123,22.0
-8254164865273971123,24.0
-8254164865273971123,39.0
-8254164865273971123,26.0
-8254164865273971123,28.0
-8254164865273971123,24.0
-8254164865273971123,22.0
-8254164865273971123,35.0
-8254164865273971123,37.0
-8254164865273971123,26.0
-8254164865273971123,39.0
-8254164865273971123,28.0
-8254164865273971123,30.0
-8254164865273971123,18.0
-8254164865273971123,16.0
-8254164865273971123,18.0
-8254164865273971123,14.0
-8254164865273971123,31.0
-8254164865273971123,31.0
-8254164865273971123,28.0
-8254164865273971123,44.0
-8254164865273971123,30.0
-8254164865273971123,14.0
-8254164865273971123,30.0
-8254164865273971123,18.0
-8254164865273971123,28.0
-8254164865273971123,16.0
-8254164865273971123,18.0
-8254164865273971123,15.0
-8254164865273971123,18.0
-8254164865273971123,26.0
-8254164865273971123,28.0
-8254164865273971123,18.0
-8254164865273971123,20.0
-8254164865273971123,18.0
-8254164865273971123,21.0
-8254164865273971123,19.0
-8254164865273971123,24.0
-8254164865273971123,39.0
-8254164865273971123,35.0
-8254164865273971123,31.0
-626229666378242477,20.0
-626229666378242477,28.0
-626229666378242477,24.0
-626229666378242477,28.0
-626229666378242477,25.0
-626229666378242477,22.0
-626229666378242477,25.0
-626229666378242477,18.0
-626229666378242477,22.0
-626229666378242477,20.0
-626229666378242477,20.0
-626229666378242477,18.0
-626229666378242477,13.0
-626229666378242477,25.0
-626229666378242477,28.0
-626229666378242477,24.0
-626229666378242477,39.0
-626229666378242477,23.0
-626229666378242477,28.0
-626229666378242477,26.0
-626229666378242477,25.0
-626229666378242477,18.0
-626229666378242477,20.0
-626229666378242477,13.0
-626229666378242477,14.0
-626229666378242477,11.0
-626229666378242477,16.0
-626229666378242477,16.0
-626229666378242477,33.0
-626229666378242477,24.0
-626229666378242477,34.0
-626229666378242477,28.0
-626229666378242477,24.0
-626229666378242477,22.0
-626229666378242477,27.0
-626229666378242477,26.0
-626229666378242477,18.0
-626229666378242477,23.0
-626229666378242477,17.0
-626229666378242477,14.0
-626229666378242477,14.0
-626229666378242477,22.0
-626229666378242477,13.0
-626229666378242477,23.0
-626229666378242477,22.0
-626229666378242477,14.0
-626229666378242477,19.0
-626229666378242477,28.0
-626229666378242477,26.0
-626229666378242477,20.0
-626229666378242477,20.0
-626229666378242477,20.0
-626229666378242477,15.0
-626229666378242477,15.0
-626229666378242477,20.0
-626229666378242477,29.0
-626229666378242477,27.0
-626229666378242477,19.0
-626229666378242477,24.0
-626229666378242477,18.0
-626229666378242477,17.0
-626229666378242477,12.0
-626229666378242477,27.0
-626229666378242477,16.0
-626229666378242477,21.0
-626229666378242477,25.0
-626229666378242477,34.0
-626229666378242477,25.0
-626229666378242477,29.0
-626229666378242477,21.0
-626229666378242477,37.0
-626229666378242477,30.0
-626229666378242477,22.0
-626229666378242477,22.0
-626229666378242477,24.0
-626229666378242477,22.0
-626229666378242477,17.0
-626229666378242477,22.0
-626229666378242477,20.0
-626229666378242477,16.0
-626229666378242477,12.0
-626229666378242477,21.0
-626229666378242477,31.0
-626229666378242477,27.0
-626229666378242477,24.0
-626229666378242477,14.0
-626229666378242477,20.0
-626229666378242477,23.0
-626229666378242477,31.0
-626229666378242477,22.0
-626229666378242477,22.0
-626229666378242477,18.0
-626229666378242477,18.0
-626229666378242477,17.0
-626229666378242477,21.0
-626229666378242477,13.0
-626229666378242477,12.0
-626229666378242477,15.0
-626229666378242477,21.0
-626229666378242477,28.0
-626229666378242477,17.0
-626229666378242477,21.0
-626229666378242477,22.0
-626229666378242477,17.0
-626229666378242477,19.0
-626229666378242477,19.0
-626229666378242477,18.0
-626229666378242477,16.0
-626229666378242477,26.0
-626229666378242477,23.0
-626229666378242477,18.0
-626229666378242477,25.0
-626229666378242477,24.0
-626229666378242477,24.0
-626229666378242477,16.0
-626229666378242477,25.0
-626229666378242477,20.0
-626229666378242477,12.0
-626229666378242477,15.0
-626229666378242477,14.0
-626229666378242477,22.0
-626229666378242477,22.0
-626229666378242477,25.0
-626229666378242477,27.0
-626229666378242477,18.0
-626229666378242477,15.0
-626229666378242477,12.0
-626229666378242477,12.0
-626229666378242477,20.0
-626229666378242477,13.0
-626229666378242477,32.0
-626229666378242477,25.0
-626229666378242477,17.0
-626229666378242477,26.0
-626229666378242477,24.0
-626229666378242477,15.0
-626229666378242477,21.0
-626229666378242477,28.0
-626229666378242477,12.0
-626229666378242477,19.0
-626229666378242477,16.0
-626229666378242477,16.0
-626229666378242477,16.0
-626229666378242477,32.0
-626229666378242477,25.0
-626229666378242477,21.0
-626229666378242477,26.0
-626229666378242477,20.0
-626229666378242477,21.0
-626229666378242477,20.0
-626229666378242477,21.0
-626229666378242477,14.0
-626229666378242477,14.0
-626229666378242477,14.0
-626229666378242477,23.0
-626229666378242477,19.0
-626229666378242477,14.0
-626229666378242477,42.0
-626229666378242477,18.0
-626229666378242477,17.0
-626229666378242477,19.0
-626229666378242477,20.0
-626229666378242477,23.0
-626229666378242477,25.0
-626229666378242477,20.0
-626229666378242477,17.0
-626229666378242477,24.0
-626229666378242477,20.0
-626229666378242477,22.0
-626229666378242477,20.0
-626229666378242477,15.0
-626229666378242477,21.0
-626229666378242477,11.0
-626229666378242477,24.0
-626229666378242477,25.0
-626229666378242477,18.0
-626229666378242477,26.0
-626229666378242477,31.0
-626229666378242477,27.0
-626229666378242477,20.0
-626229666378242477,20.0
-626229666378242477,18.0
-626229666378242477,18.0
-626229666378242477,20.0
-626229666378242477,17.0
-626229666378242477,16.0
-626229666378242477,20.0
-626229666378242477,21.0
-626229666378242477,34.0
-626229666378242477,17.0
-626229666378242477,25.0
-626229666378242477,19.0
-626229666378242477,20.0
-626229666378242477,23.0
-626229666378242477,20.0
-626229666378242477,22.0
-626229666378242477,18.0
-626229666378242477,21.0
-626229666378242477,17.0
-626229666378242477,24.0
-626229666378242477,24.0
-626229666378242477,0.0
-626229666378242477,25.0
-626229666378242477,23.0
-626229666378242477,25.0
-626229666378242477,35.0
-626229666378242477,16.0
-626229666378242477,29.0
-626229666378242477,33.0
-626229666378242477,19.0
-626229666378242477,19.0
-626229666378242477,18.0
-626229666378242477,18.0
-626229666378242477,23.0
-626229666378242477,19.0
-626229666378242477,21.0
-626229666378242477,25.0
-626229666378242477,26.0
-626229666378242477,25.0
-626229666378242477,20.0
-626229666378242477,21.0
-626229666378242477,23.0
-626229666378242477,20.0
-626229666378242477,18.0
-626229666378242477,22.0
-626229666378242477,20.0
-626229666378242477,10.0
-626229666378242477,13.0
-626229666378242477,20.0
-626229666378242477,16.0
-626229666378242477,14.0
-626229666378242477,14.0
-626229666378242477,14.0
-626229666378242477,14.0
-626229666378242477,25.0
-626229666378242477,16.0
-626229666378242477,16.0
-626229666378242477,17.0
-626229666378242477,27.0
-626229666378242477,16.0
-626229666378242477,27.0
-626229666378242477,31.0
-626229666378242477,27.0
-626229666378242477,22.0
-626229666378242477,16.0
-626229666378242477,20.0
-626229666378242477,12.0
-626229666378242477,11.0
-626229666378242477,22.0
-626229666378242477,26.0
-626229666378242477,23.0
-626229666378242477,28.0
-626229666378242477,24.0
-626229666378242477,26.0
-626229666378242477,18.0
-626229666378242477,17.0
-626229666378242477,18.0
-626229666378242477,18.0
-626229666378242477,18.0
-626229666378242477,22.0
-626229666378242477,13.0
-626229666378242477,27.0
-626229666378242477,24.0
-626229666378242477,28.0
-626229666378242477,23.0
-626229666378242477,23.0
-626229666378242477,18.0
-626229666378242477,20.0
-626229666378242477,13.0
-626229666378242477,14.0
-626229666378242477,20.0
-626229666378242477,18.0
-626229666378242477,34.0
-626229666378242477,17.0
-626229666378242477,22.0
-626229666378242477,16.0
-626229666378242477,21.0
-626229666378242477,24.0
-626229666378242477,23.0
-626229666378242477,23.0
-626229666378242477,20.0
-626229666378242477,22.0
-626229666378242477,21.0
-626229666378242477,25.0
-626229666378242477,18.0
-626229666378242477,11.0
-626229666378242477,15.0
-626229666378242477,14.0
-626229666378242477,12.0
-626229666378242477,28.0
-626229666378242477,19.0
-626229666378242477,29.0
-626229666378242477,21.0
-626229666378242477,20.0
-626229666378242477,24.0
-626229666378242477,24.0
-626229666378242477,27.0
-626229666378242477,25.0
-626229666378242477,18.0
-626229666378242477,26.0
-626229666378242477,22.0
-626229666378242477,18.0
-626229666378242477,26.0
-626229666378242477,18.0
-626229666378242477,16.0
-626229666378242477,17.0
-626229666378242477,11.0
-626229666378242477,28.0
-626229666378242477,31.0
-626229666378242477,24.0
-626229666378242477,22.0
-626229666378242477,21.0
-626229666378242477,25.0
-626229666378242477,18.0
-626229666378242477,20.0
-626229666378242477,21.0
-626229666378242477,26.0
-626229666378242477,16.0
-626229666378242477,19.0
-626229666378242477,17.0
-626229666378242477,21.0
-626229666378242477,12.0
-626229666378242477,20.0
-626229666378242477,22.0
-626229666378242477,22.0
-626229666378242477,26.0
-626229666378242477,33.0
-626229666378242477,26.0
-626229666378242477,23.0
-626229666378242477,24.0
-626229666378242477,22.0
-626229666378242477,22.0
-626229666378242477,20.0
-626229666378242477,13.0
-626229666378242477,12.0
-626229666378242477,14.0
-626229666378242477,23.0
-626229666378242477,18.0
-626229666378242477,26.0
-626229666378242477,26.0
-626229666378242477,27.0
-626229666378242477,29.0
-626229666378242477,29.0
-626229666378242477,19.0
-626229666378242477,22.0
-626229666378242477,16.0
-626229666378242477,27.0
-626229666378242477,20.0
-626229666378242477,24.0
-626229666378242477,19.0
-626229666378242477,19.0
-626229666378242477,18.0
-626229666378242477,21.0
-626229666378242477,15.0
-626229666378242477,16.0
-626229666378242477,15.0
-626229666378242477,21.0
-626229666378242477,26.0
-626229666378242477,27.0
-626229666378242477,28.0
-626229666378242477,35.0
-626229666378242477,31.0
-626229666378242477,23.0
-626229666378242477,23.0
-626229666378242477,20.0
-626229666378242477,23.0
-626229666378242477,16.0
-626229666378242477,15.0
-626229666378242477,14.0
-626229666378242477,20.0
-626229666378242477,17.0
-626229666378242477,29.0
-626229666378242477,18.0
-626229666378242477,24.0
-626229666378242477,20.0
-626229666378242477,20.0
-626229666378242477,16.0
-626229666378242477,23.0
-626229666378242477,18.0
-626229666378242477,25.0
-626229666378242477,41.0
-626229666378242477,31.0
-626229666378242477,31.0
-626229666378242477,26.0
-626229666378242477,23.0
-626229666378242477,28.0
-626229666378242477,24.0
-626229666378242477,23.0
-626229666378242477,24.0
-626229666378242477,16.0
-626229666378242477,18.0
-626229666378242477,26.0
-626229666378242477,21.0
-626229666378242477,19.0
-626229666378242477,14.0
-626229666378242477,15.0
-626229666378242477,13.0
-626229666378242477,15.0
-626229666378242477,19.0
-626229666378242477,4.0
-626229666378242477,24.0
-626229666378242477,26.0
-626229666378242477,16.0
-626229666378242477,18.0
-626229666378242477,22.0
-626229666378242477,22.0
-626229666378242477,25.0
-626229666378242477,21.0
-626229666378242477,23.0
-626229666378242477,17.0
-626229666378242477,12.0
-626229666378242477,24.0
-626229666378242477,18.0
-626229666378242477,13.0
-626229666378242477,25.0
-626229666378242477,27.0
-626229666378242477,22.0
-626229666378242477,27.0
-626229666378242477,23.0
-626229666378242477,22.0
-626229666378242477,22.0
-626229666378242477,15.0
-626229666378242477,14.0
-626229666378242477,23.0
-626229666378242477,24.0
-626229666378242477,23.0
-626229666378242477,19.0
-626229666378242477,22.0
-626229666378242477,20.0
-626229666378242477,13.0
-626229666378242477,16.0
-626229666378242477,12.0
-626229666378242477,15.0
-626229666378242477,24.0
-626229666378242477,33.0
-626229666378242477,15.0
-626229666378242477,20.0
-626229666378242477,13.0
-626229666378242477,27.0
-626229666378242477,18.0
-626229666378242477,21.0
-626229666378242477,26.0
-626229666378242477,24.0
-626229666378242477,24.0
-626229666378242477,22.0
-626229666378242477,18.0
-626229666378242477,18.0
-626229666378242477,18.0
-626229666378242477,12.0
-626229666378242477,17.0
-626229666378242477,23.0
-626229666378242477,26.0
-626229666378242477,28.0
-626229666378242477,29.0
-626229666378242477,22.0
-626229666378242477,22.0
-626229666378242477,18.0
-626229666378242477,25.0
-626229666378242477,25.0
-626229666378242477,19.0
-626229666378242477,18.0
-626229666378242477,20.0
-626229666378242477,15.0
-626229666378242477,29.0
-626229666378242477,27.0
-626229666378242477,22.0
-626229666378242477,26.0
-626229666378242477,27.0
-626229666378242477,17.0
-626229666378242477,28.0
-626229666378242477,17.0
-626229666378242477,17.0
-626229666378242477,14.0
-626229666378242477,13.0
-626229666378242477,19.0
-626229666378242477,28.0
-626229666378242477,28.0
-626229666378242477,30.0
-626229666378242477,18.0
-626229666378242477,31.0
-626229666378242477,29.0
-626229666378242477,24.0
-626229666378242477,31.0
-626229666378242477,18.0
-626229666378242477,19.0
-626229666378242477,17.0
-626229666378242477,12.0
-626229666378242477,14.0
-626229666378242477,18.0
-626229666378242477,13.0
-626229666378242477,19.0
-626229666378242477,12.0
-626229666378242477,25.0
-626229666378242477,10.0
-626229666378242477,16.0
-626229666378242477,20.0
-626229666378242477,16.0
-626229666378242477,30.0
-626229666378242477,22.0
-626229666378242477,15.0
-626229666378242477,21.0
-626229666378242477,14.0
-626229666378242477,18.0
-626229666378242477,20.0
-626229666378242477,20.0
-626229666378242477,15.0
-626229666378242477,23.0
-626229666378242477,16.0
-626229666378242477,18.0
-626229666378242477,29.0
-626229666378242477,17.0
-626229666378242477,26.0
-626229666378242477,21.0
-626229666378242477,12.0
-626229666378242477,13.0
-626229666378242477,32.0
-626229666378242477,26.0
-626229666378242477,28.0
-626229666378242477,23.0
-626229666378242477,22.0
-626229666378242477,30.0
-626229666378242477,20.0
-626229666378242477,22.0
-626229666378242477,25.0
-626229666378242477,22.0
-626229666378242477,30.0
-626229666378242477,14.0
-626229666378242477,22.0
-626229666378242477,24.0
-626229666378242477,15.0
-626229666378242477,18.0
-626229666378242477,14.0
-626229666378242477,19.0
-626229666378242477,24.0
-626229666378242477,26.0
-626229666378242477,20.0
-626229666378242477,25.0
-626229666378242477,25.0
-626229666378242477,18.0
-626229666378242477,20.0
-626229666378242477,26.0
-626229666378242477,18.0
-626229666378242477,16.0
-626229666378242477,16.0
-626229666378242477,12.0
-626229666378242477,13.0
-626229666378242477,12.0
-626229666378242477,27.0
-626229666378242477,34.0
-626229666378242477,27.0
-626229666378242477,24.0
-626229666378242477,23.0
-626229666378242477,19.0
-626229666378242477,18.0
-626229666378242477,17.0
-626229666378242477,23.0
-626229666378242477,26.0
-626229666378242477,22.0
-626229666378242477,23.0
-626229666378242477,19.0
-626229666378242477,26.0
-626229666378242477,14.0
-626229666378242477,33.0
-626229666378242477,18.0
-626229666378242477,28.0
-626229666378242477,17.0
-626229666378242477,17.0
-626229666378242477,13.0
-626229666378242477,17.0
-626229666378242477,18.0
-626229666378242477,20.0
-626229666378242477,21.0
-626229666378242477,18.0
-626229666378242477,25.0
-626229666378242477,32.0
-626229666378242477,17.0
-626229666378242477,20.0
-626229666378242477,20.0
-626229666378242477,22.0
-626229666378242477,14.0
-626229666378242477,27.0
-626229666378242477,14.0
-626229666378242477,21.0
-626229666378242477,16.0
-626229666378242477,24.0
-626229666378242477,26.0
-626229666378242477,19.0
-626229666378242477,20.0
-626229666378242477,26.0
-626229666378242477,24.0
-626229666378242477,17.0
-626229666378242477,22.0
-626229666378242477,21.0
-626229666378242477,19.0
-626229666378242477,17.0
-626229666378242477,22.0
-626229666378242477,26.0
-626229666378242477,14.0
-626229666378242477,21.0
-626229666378242477,24.0
-626229666378242477,16.0
-626229666378242477,24.0
-626229666378242477,27.0
-626229666378242477,24.0
-626229666378242477,26.0
-626229666378242477,24.0
-626229666378242477,18.0
-626229666378242477,22.0
-626229666378242477,14.0
-626229666378242477,14.0
-626229666378242477,11.0
-626229666378242477,12.0
-626229666378242477,23.0
-626229666378242477,20.0
-626229666378242477,19.0
-626229666378242477,21.0
-626229666378242477,20.0
-626229666378242477,14.0
-626229666378242477,18.0
-626229666378242477,20.0
-626229666378242477,20.0
-626229666378242477,19.0
-626229666378242477,18.0
-626229666378242477,18.0
-626229666378242477,22.0
-626229666378242477,15.0
-626229666378242477,14.0
-626229666378242477,25.0
-626229666378242477,12.0
-626229666378242477,15.0
-626229666378242477,17.0
-626229666378242477,33.0
-626229666378242477,30.0
-626229666378242477,24.0
-626229666378242477,13.0
-626229666378242477,14.0
-626229666378242477,32.0
-626229666378242477,18.0
-626229666378242477,31.0
-626229666378242477,43.0
-626229666378242477,23.0
-626229666378242477,25.0
-626229666378242477,16.0
-626229666378242477,23.0
-626229666378242477,20.0
-626229666378242477,22.0
-626229666378242477,11.0
-626229666378242477,16.0
-626229666378242477,23.0
-626229666378242477,25.0
-626229666378242477,27.0
-626229666378242477,18.0
-626229666378242477,25.0
-626229666378242477,20.0
-626229666378242477,18.0
-626229666378242477,20.0
-626229666378242477,19.0
-626229666378242477,21.0
-626229666378242477,22.0
-626229666378242477,31.0
-626229666378242477,18.0
-626229666378242477,20.0
-626229666378242477,22.0
1105072502834179413,18.0
1105072502834179413,20.0
1105072502834179413,11.0
1105072502834179413,17.0
1105072502834179413,14.0
1105072502834179413,11.0
1105072502834179413,13.0
1105072502834179413,20.0
1105072502834179413,17.0
1105072502834179413,16.0
1105072502834179413,12.0
1105072502834179413,15.0
1105072502834179413,22.0
1105072502834179413,20.0
1105072502834179413,12.0
1105072502834179413,19.0
1105072502834179413,23.0
1105072502834179413,17.0
1105072502834179413,13.0
1105072502834179413,16.0
1105072502834179413,16.0
1105072502834179413,20.0
1105072502834179413,16.0
1105072502834179413,18.0
1105072502834179413,16.0
1105072502834179413,19.0
1105072502834179413,27.0
1105072502834179413,17.0
1105072502834179413,14.0
1105072502834179413,13.0
1105072502834179413,20.0
1105072502834179413,18.0
1105072502834179413,12.0
1105072502834179413,18.0
1105072502834179413,17.0
1105072502834179413,24.0
1105072502834179413,15.0
1105072502834179413,10.0
1105072502834179413,16.0
1105072502834179413,19.0
1105072502834179413,22.0
1105072502834179413,22.0
1105072502834179413,12.0
1105072502834179413,19.0
1105072502834179413,18.0
1105072502834179413,18.0
1105072502834179413,14.0
1105072502834179413,16.0
1105072502834179413,13.0
1105072502834179413,23.0
1105072502834179413,16.0
1105072502834179413,14.0
1105072502834179413,18.0
1105072502834179413,21.0
1105072502834179413,20.0
1105072502834179413,17.0
1105072502834179413,21.0
1105072502834179413,18.0
1105072502834179413,18.0
1105072502834179413,16.0
1105072502834179413,14.0
1105072502834179413,16.0
1105072502834179413,9.0
1105072502834179413,19.0
1105072502834179413,17.0
1105072502834179413,16.0
1105072502834179413,21.0
1105072502834179413,28.0
1105072502834179413,13.0
1105072502834179413,18.0
1105072502834179413,20.0
1105072502834179413,20.0
1105072502834179413,23.0
1105072502834179413,15.0
1105072502834179413,18.0
1105072502834179413,11.0
1105072502834179413,17.0
1105072502834179413,16.0
1105072502834179413,17.0
1105072502834179413,18.0
1105072502834179413,17.0
1105072502834179413,16.0
1105072502834179413,10.0
1105072502834179413,15.0
1105072502834179413,18.0
1105072502834179413,20.0
1105072502834179413,24.0
1105072502834179413,16.0
1105072502834179413,17.0
1105072502834179413,13.0
1105072502834179413,6.0
1105072502834179413,16.0
1105072502834179413,20.0
1105072502834179413,24.0
1105072502834179413,17.0
1105072502834179413,17.0
1105072502834179413,13.0
1105072502834179413,18.0
1105072502834179413,23.0
1105072502834179413,20.0
1105072502834179413,14.0
1105072502834179413,18.0
1105072502834179413,22.0
1105072502834179413,11.0
1105072502834179413,18.0
1105072502834179413,20.0
1105072502834179413,19.0
1105072502834179413,17.0
1105072502834179413,19.0
1105072502834179413,14.0
1105072502834179413,9.0
1105072502834179413,18.0
1105072502834179413,19.0
1105072502834179413,22.0
1105072502834179413,18.0
1105072502834179413,20.0
1105072502834179413,15.0
1105072502834179413,16.0
1105072502834179413,20.0
1105072502834179413,17.0
1105072502834179413,19.0
1105072502834179413,12.0
1105072502834179413,11.0
1105072502834179413,21.0
1105072502834179413,21.0
1105072502834179413,21.0
1105072502834179413,16.0
1105072502834179413,19.0
1105072502834179413,19.0
1105072502834179413,19.0
1105072502834179413,18.0
1105072502834179413,13.0
1105072502834179413,18.0
1105072502834179413,15.0
1105072502834179413,16.0
1105072502834179413,18.0
1105072502834179413,18.0
1105072502834179413,17.0
1105072502834179413,20.0
1105072502834179413,12.0
1105072502834179413,19.0
1105072502834179413,24.0
1105072502834179413,19.0
1105072502834179413,14.0
1105072502834179413,15.0
1105072502834179413,19.0
1105072502834179413,18.0
1105072502834179413,21.0
1105072502834179413,15.0
1105072502834179413,20.0
1105072502834179413,12.0
1105072502834179413,18.0
1105072502834179413,11.0
1105072502834179413,16.0
1105072502834179413,18.0
1105072502834179413,21.0
1105072502834179413,23.0
1105072502834179413,14.0
1105072502834179413,23.0
1105072502834179413,12.0
1105072502834179413,12.0
1105072502834179413,15.0
1105072502834179413,18.0
1105072502834179413,18.0
1105072502834179413,18.0
1105072502834179413,26.0
1105072502834179413,20.0
1105072502834179413,18.0
1105072502834179413,19.0
1105072502834179413,18.0
1105072502834179413,9.0
1105072502834179413,27.0
1105072502834179413,21.0
1105072502834179413,21.0
1105072502834179413,21.0
1105072502834179413,14.0
1105072502834179413,18.0
1105072502834179413,21.0
1105072502834179413,10.0
1105072502834179413,17.0
1105072502834179413,21.0
1105072502834179413,15.0
1105072502834179413,11.0
1105072502834179413,20.0
1105072502834179413,20.0
1105072502834179413,24.0
1105072502834179413,15.0
1105072502834179413,21.0
1105072502834179413,18.0
1105072502834179413,18.0
1105072502834179413,18.0
1105072502834179413,17.0
1105072502834179413,18.0
1105072502834179413,23.0
1105072502834179413,21.0
1105072502834179413,16.0
1105072502834179413,20.0
1105072502834179413,20.0
1105072502834179413,22.0
1105072502834179413,17.0
1105072502834179413,17.0
1105072502834179413,10.0
1105072502834179413,16.0
5894416985828315484,23.0
5894416985828315484,21.0
5894416985828315484,14.0
5894416985828315484,16.0
5894416985828315484,21.0
5894416985828315484,12.0
5894416985828315484,18.0
5894416985828315484,18.0
5894416985828315484,14.0
5894416985828315484,19.0
5894416985828315484,22.0
5894416985828315484,14.0
5894416985828315484,20.0
5894416985828315484,15.0
5894416985828315484,24.0
5894416985828315484,20.0
5894416985828315484,17.0
5894416985828315484,20.0
5894416985828315484,16.0
5894416985828315484,15.0
5894416985828315484,19.0
5894416985828315484,15.0
5894416985828315484,17.0
5894416985828315484,21.0
5894416985828315484,8.0
5894416985828315484,16.0
5894416985828315484,22.0
5894416985828315484,17.0
5894416985828315484,21.0
5894416985828315484,14.0
5894416985828315484,17.0
5894416985828315484,14.0
5894416985828315484,22.0
5894416985828315484,19.0
5894416985828315484,10.0
5894416985828315484,19.0
5894416985828315484,18.0
5894416985828315484,18.0
5894416985828315484,21.0
5894416985828315484,15.0
5894416985828315484,16.0
5894416985828315484,21.0
5894416985828315484,19.0
5894416985828315484,22.0
5894416985828315484,10.0
5894416985828315484,19.0
5894416985828315484,18.0
5894416985828315484,21.0
5894416985828315484,18.0
5894416985828315484,15.0
5894416985828315484,13.0
5894416985828315484,17.0
5894416985828315484,13.0
5894416985828315484,14.0
5894416985828315484,19.0
5894416985828315484,18.0
5894416985828315484,17.0
5894416985828315484,16.0
5894416985828315484,14.0
5894416985828315484,18.0
5894416985828315484,15.0
5894416985828315484,12.0
5894416985828315484,19.0
5894416985828315484,16.0
5894416985828315484,14.0
5894416985828315484,20.0
5894416985828315484,18.0
5894416985828315484,15.0
5894416985828315484,17.0
5894416985828315484,19.0
5894416985828315484,12.0
5894416985828315484,14.0
5894416985828315484,14.0
5894416985828315484,28.0
5894416985828315484,12.0
5894416985828315484,16.0
5894416985828315484,13.0
5894416985828315484,14.0
5894416985828315484,17.0
5894416985828315484,20.0
5894416985828315484,12.0
5894416985828315484,11.0
5894416985828315484,21.0
5894416985828315484,14.0
5894416985828315484,20.0
5894416985828315484,16.0
5894416985828315484,17.0
5894416985828315484,21.0
5894416985828315484,12.0
5894416985828315484,14.0
5894416985828315484,15.0
5894416985828315484,14.0
5894416985828315484,22.0
5894416985828315484,13.0
5894416985828315484,14.0
421426604671948641,21.0
421426604671948641,15.0
421426604671948641,26.0
421426604671948641,17.0
421426604671948641,18.0
421426604671948641,7.0
421426604671948641,18.0
421426604671948641,20.0
421426604671948641,22.0
421426604671948641,15.0
421426604671948641,17.0
421426604671948641,15.0
421426604671948641,18.0
421426604671948641,18.0
421426604671948641,15.0
421426604671948641,15.0
421426604671948641,17.0
421426604671948641,15.0
421426604671948641,21.0
421426604671948641,27.0
421426604671948641,20.0
421426604671948641,15.0
421426604671948641,15.0
421426604671948641,23.0
421426604671948641,16.0
421426604671948641,15.0
421426604671948641,18.0
421426604671948641,15.0
421426604671948641,16.0
421426604671948641,15.0
421426604671948641,15.0
421426604671948641,14.0
421426604671948641,26.0
421426604671948641,26.0
421426604671948641,15.0
421426604671948641,19.0
421426604671948641,22.0
421426604671948641,19.0
421426604671948641,11.0
421426604671948641,15.0
421426604671948641,22.0
421426604671948641,18.0
421426604671948641,20.0
421426604671948641,18.0
421426604671948641,16.0
421426604671948641,16.0
421426604671948641,13.0
421426604671948641,13.0
421426604671948641,22.0
421426604671948641,20.0
421426604671948641,20.0
421426604671948641,15.0
421426604671948641,16.0
421426604671948641,15.0
421426604671948641,15.0
421426604671948641,10.0
421426604671948641,19.0
421426604671948641,15.0
421426604671948641,22.0
421426604671948641,18.0
421426604671948641,24.0
421426604671948641,20.0
421426604671948641,16.0
421426604671948641,13.0
421426604671948641,16.0
421426604671948641,15.0
421426604671948641,20.0
421426604671948641,16.0
421426604671948641,15.0
421426604671948641,18.0
421426604671948641,16.0
421426604671948641,14.0
421426604671948641,21.0
421426604671948641,19.0
421426604671948641,20.0
421426604671948641,17.0
421426604671948641,14.0
421426604671948641,26.0
421426604671948641,21.0
421426604671948641,14.0
421426604671948641,15.0
421426604671948641,15.0
421426604671948641,22.0
421426604671948641,18.0
421426604671948641,20.0
421426604671948641,12.0
421426604671948641,17.0
421426604671948641,19.0
421426604671948641,12.0
421426604671948641,15.0
421426604671948641,26.0
421426604671948641,16.0
421426604671948641,14.0
421426604671948641,36.0
421426604671948641,17.0
421426604671948641,20.0
421426604671948641,20.0
421426604671948641,15.0
421426604671948641,15.0
421426604671948641,15.0
421426604671948641,23.0
421426604671948641,19.0
421426604671948641,16.0
421426604671948641,15.0
421426604671948641,18.0
421426604671948641,12.0
421426604671948641,15.0
421426604671948641,11.0
421426604671948641,19.0
421426604671948641,16.0
421426604671948641,22.0
421426604671948641,15.0
421426604671948641,18.0
421426604671948641,15.0
421426604671948641,22.0
421426604671948641,21.0
421426604671948641,18.0
421426604671948641,15.0
421426604671948641,10.0
421426604671948641,22.0
421426604671948641,15.0
421426604671948641,29.0
421426604671948641,23.0
421426604671948641,15.0
421426604671948641,21.0
421426604671948641,16.0
421426604671948641,20.0
421426604671948641,15.0
421426604671948641,18.0
421426604671948641,17.0
421426604671948641,17.0
421426604671948641,15.0
421426604671948641,18.0
421426604671948641,15.0
421426604671948641,12.0
421426604671948641,15.0
421426604671948641,11.0
421426604671948641,15.0
421426604671948641,15.0
421426604671948641,16.0
421426604671948641,15.0
421426604671948641,17.0
421426604671948641,15.0
421426604671948641,19.0
421426604671948641,27.0
421426604671948641,15.0
421426604671948641,15.0
421426604671948641,16.0
421426604671948641,24.0
421426604671948641,15.0
421426604671948641,23.0
421426604671948641,24.0
421426604671948641,20.0
421426604671948641,13.0
421426604671948641,15.0
421426604671948641,17.0
421426604671948641,11.0
421426604671948641,22.0
421426604671948641,15.0
421426604671948641,12.0
421426604671948641,8.0
421426604671948641,25.0
421426604671948641,24.0
421426604671948641,25.0
421426604671948641,15.0
421426604671948641,11.0
421426604671948641,16.0
421426604671948641,13.0
421426604671948641,14.0
421426604671948641,15.0
421426604671948641,24.0
421426604671948641,19.0
421426604671948641,17.0
421426604671948641,28.0
421426604671948641,15.0
421426604671948641,17.0
421426604671948641,18.0
421426604671948641,18.0
421426604671948641,14.0
421426604671948641,40.0
421426604671948641,16.0
421426604671948641,15.0
421426604671948641,17.0
421426604671948641,22.0
421426604671948641,20.0
421426604671948641,16.0
421426604671948641,19.0
421426604671948641,24.0
421426604671948641,20.0
421426604671948641,19.0
421426604671948641,20.0
421426604671948641,19.0
421426604671948641,12.0
421426604671948641,17.0
421426604671948641,15.0
421426604671948641,16.0
421426604671948641,15.0
421426604671948641,16.0
421426604671948641,19.0
421426604671948641,18.0
421426604671948641,15.0
421426604671948641,27.0
421426604671948641,13.0
421426604671948641,15.0
421426604671948641,20.0
421426604671948641,15.0
421426604671948641,15.0
421426604671948641,17.0
421426604671948641,28.0
421426604671948641,15.0
421426604671948641,15.0
421426604671948641,15.0
421426604671948641,20.0
421426604671948641,19.0
421426604671948641,13.0
421426604671948641,15.0
421426604671948641,20.0
421426604671948641,20.0
421426604671948641,22.0
421426604671948641,20.0
421426604671948641,15.0
421426604671948641,15.0
421426604671948641,18.0
421426604671948641,12.0
421426604671948641,19.0
421426604671948641,15.0
421426604671948641,18.0
421426604671948641,19.0
421426604671948641,14.0
421426604671948641,11.0
421426604671948641,15.0
421426604671948641,24.0
421426604671948641,15.0
421426604671948641,14.0
421426604671948641,23.0
421426604671948641,14.0
421426604671948641,24.0
421426604671948641,15.0
421426604671948641,19.0
421426604671948641,16.0
421426604671948641,15.0
421426604671948641,24.0
421426604671948641,22.0
421426604671948641,13.0
421426604671948641,15.0
421426604671948641,17.0
421426604671948641,21.0
421426604671948641,16.0
421426604671948641,18.0
421426604671948641,23.0
421426604671948641,20.0
421426604671948641,15.0
421426604671948641,23.0
421426604671948641,15.0
421426604671948641,16.0
421426604671948641,15.0
421426604671948641,23.0
421426604671948641,18.0
421426604671948641,25.0
421426604671948641,26.0
421426604671948641,15.0
421426604671948641,18.0
421426604671948641,15.0
421426604671948641,24.0
421426604671948641,21.0
421426604671948641,12.0
421426604671948641,12.0
421426604671948641,27.0
421426604671948641,15.0
421426604671948641,18.0
421426604671948641,26.0
421426604671948641,15.0
421426604671948641,15.0
421426604671948641,29.0
421426604671948641,15.0
421426604671948641,19.0
421426604671948641,21.0
421426604671948641,15.0
421426604671948641,19.0
421426604671948641,20.0
421426604671948641,17.0
421426604671948641,23.0
421426604671948641,17.0
421426604671948641,14.0
421426604671948641,16.0
421426604671948641,24.0
421426604671948641,15.0
421426604671948641,15.0
-4502092208250381979,20.0
-4502092208250381979,20.0
-4502092208250381979,12.0
-4502092208250381979,16.0
-4502092208250381979,18.0
-4502092208250381979,24.0
-4502092208250381979,16.0
-4502092208250381979,21.0
-4502092208250381979,18.0
-4502092208250381979,22.0
-4502092208250381979,19.0
-4502092208250381979,18.0
-4502092208250381979,14.0
-4502092208250381979,13.0
-4502092208250381979,15.0
-4502092208250381979,15.0
-4502092208250381979,23.0
-4502092208250381979,15.0
-4502092208250381979,15.0
-4502092208250381979,24.0
-4502092208250381979,22.0
-4502092208250381979,22.0
-4502092208250381979,22.0
-4502092208250381979,13.0
-4502092208250381979,22.0
-4502092208250381979,15.0
-4502092208250381979,16.0
-4502092208250381979,14.0
-4502092208250381979,18.0
-4502092208250381979,20.0
-4502092208250381979,16.0
-4502092208250381979,20.0
-4502092208250381979,15.0
-4502092208250381979,19.0
-4502092208250381979,14.0
-4502092208250381979,17.0
-4502092208250381979,18.0
-4502092208250381979,25.0
-4502092208250381979,24.0
-4502092208250381979,20.0
-4502092208250381979,21.0
-4502092208250381979,19.0
-4502092208250381979,16.0
-4502092208250381979,20.0
-4502092208250381979,19.0
-4502092208250381979,18.0
-4502092208250381979,26.0
-4502092208250381979,15.0
-4502092208250381979,19.0
-4502092208250381979,16.0
-4502092208250381979,21.0
-4502092208250381979,22.0
-4502092208250381979,19.0
-4502092208250381979,12.0
-4502092208250381979,27.0
-4502092208250381979,16.0
-4502092208250381979,18.0
-4502092208250381979,20.0
-4502092208250381979,19.0
-4502092208250381979,14.0
-4502092208250381979,16.0
-4502092208250381979,20.0
-4502092208250381979,23.0
-4502092208250381979,14.0
-4502092208250381979,18.0
-4502092208250381979,21.0
-4502092208250381979,15.0
-4502092208250381979,11.0
-4502092208250381979,20.0
-4502092208250381979,27.0
-4502092208250381979,21.0
-4502092208250381979,15.0
-4502092208250381979,24.0
-4502092208250381979,20.0
-4502092208250381979,21.0
-4502092208250381979,21.0
-4502092208250381979,19.0
-4502092208250381979,12.0
-4502092208250381979,17.0
-4502092208250381979,16.0
-4502092208250381979,15.0
-4502092208250381979,24.0
-4502092208250381979,23.0
-4502092208250381979,22.0
-4502092208250381979,22.0
-4502092208250381979,14.0
-4502092208250381979,22.0
-4502092208250381979,21.0
-4502092208250381979,19.0
-4502092208250381979,22.0
-4502092208250381979,19.0
-4502092208250381979,18.0
-4502092208250381979,20.0
-4502092208250381979,19.0
-4502092208250381979,13.0
-4502092208250381979,18.0
-4502092208250381979,19.0
-4502092208250381979,24.0
-4502092208250381979,16.0
-4502092208250381979,19.0
-4502092208250381979,15.0
-4502092208250381979,20.0
-4502092208250381979,21.0
-4502092208250381979,22.0
-4502092208250381979,19.0
-4502092208250381979,22.0
-4502092208250381979,18.0
-4502092208250381979,21.0
-4502092208250381979,19.0
-4502092208250381979,23.0
-4502092208250381979,18.0
-4502092208250381979,20.0
-4502092208250381979,16.0
-4502092208250381979,17.0
-4502092208250381979,20.0
-4502092208250381979,21.0
-4502092208250381979,25.0
-4502092208250381979,17.0
-4502092208250381979,15.0
-4502092208250381979,20.0
-4502092208250381979,19.0
-4502092208250381979,21.0
-4502092208250381979,19.0
-4502092208250381979,19.0
-4502092208250381979,21.0
-4502092208250381979,19.0
-4502092208250381979,20.0
-4502092208250381979,24.0
-4502092208250381979,18.0
-4502092208250381979,16.0
-4502092208250381979,18.0
-4502092208250381979,17.0
-4502092208250381979,23.0
-4502092208250381979,26.0
-4502092208250381979,14.0
-4502092208250381979,15.0
-4502092208250381979,13.0
-4502092208250381979,11.0
-4502092208250381979,16.0
-4502092208250381979,15.0
-4502092208250381979,19.0
-4502092208250381979,16.0
-4502092208250381979,21.0
-4502092208250381979,22.0
-4502092208250381979,24.0
-4502092208250381979,19.0
-4502092208250381979,11.0
-4502092208250381979,20.0
-4502092208250381979,17.0
-4502092208250381979,21.0
-4502092208250381979,14.0
-4502092208250381979,19.0
-4502092208250381979,23.0
-4502092208250381979,15.0
-4502092208250381979,22.0
-4502092208250381979,15.0
-4502092208250381979,23.0
-4502092208250381979,25.0
-4502092208250381979,23.0
-4502092208250381979,12.0
-4502092208250381979,19.0
-4502092208250381979,19.0
-4502092208250381979,19.0
-4502092208250381979,18.0
-4502092208250381979,12.0
-4502092208250381979,26.0
-4502092208250381979,20.0
-4502092208250381979,21.0
-4502092208250381979,20.0
-4502092208250381979,20.0
-4502092208250381979,19.0
-4502092208250381979,21.0
-4502092208250381979,20.0
-4502092208250381979,13.0
-4502092208250381979,17.0
-4502092208250381979,16.0
-4502092208250381979,17.0
-4502092208250381979,17.0
-4502092208250381979,25.0
-4502092208250381979,19.0
-4502092208250381979,16.0
-4502092208250381979,13.0
-4502092208250381979,23.0
-4502092208250381979,24.0
3129727379702505063,15.0
3129727379702505063,13.0
3129727379702505063,15.0
3129727379702505063,25.0
3129727379702505063,13.0
3129727379702505063,18.0
3129727379702505063,14.0
3129727379702505063,14.0
3129727379702505063,13.0
3129727379702505063,16.0
3129727379702505063,13.0
3129727379702505063,14.0
3129727379702505063,13.0
3129727379702505063,20.0
3129727379702505063,13.0
3129727379702505063,26.0
3129727379702505063,13.0
3129727379702505063,17.0
3129727379702505063,12.0
3129727379702505063,14.0
3129727379702505063,15.0
3129727379702505063,18.0
3129727379702505063,19.0
3129727379702505063,14.0
3129727379702505063,13.0
3129727379702505063,16.0
3129727379702505063,14.0
3129727379702505063,13.0
3129727379702505063,19.0
3129727379702505063,12.0
3129727379702505063,17.0
3129727379702505063,22.0
3129727379702505063,15.0
3129727379702505063,12.0
3129727379702505063,16.0
3129727379702505063,19.0
3129727379702505063,21.0
3129727379702505063,17.0
3129727379702505063,16.0
3129727379702505063,13.0
3129727379702505063,15.0
3129727379702505063,24.0
3129727379702505063,13.0
3129727379702505063,13.0
4668337230155062633,21.0
4668337230155062633,16.0
4668337230155062633,26.0
4668337230155062633,14.0
4668337230155062633,18.0
4668337230155062633,16.0
4668337230155062633,28.0
4668337230155062633,16.0
4668337230155062633,24.0
4668337230155062633,23.0
4668337230155062633,17.0
4668337230155062633,30.0
4668337230155062633,22.0
4668337230155062633,17.0
4668337230155062633,24.0
4668337230155062633,13.0
4668337230155062633,19.0
4668337230155062633,11.0
4668337230155062633,26.0
4668337230155062633,27.0
4668337230155062633,20.0
4668337230155062633,16.0
4668337230155062633,22.0
4668337230155062633,15.0
4668337230155062633,29.0
4668337230155062633,25.0
4668337230155062633,30.0
4668337230155062633,25.0
4668337230155062633,20.0
4668337230155062633,21.0
4668337230155062633,15.0
4668337230155062633,16.0
4668337230155062633,24.0
4668337230155062633,14.0
4668337230155062633,25.0
4668337230155062633,16.0
4668337230155062633,22.0
4668337230155062633,22.0
4668337230155062633,20.0
4668337230155062633,23.0
4668337230155062633,20.0
4668337230155062633,25.0
4668337230155062633,26.0
4668337230155062633,15.0
4668337230155062633,26.0
4668337230155062633,29.0
4668337230155062633,18.0
4668337230155062633,22.0
4668337230155062633,13.0
4668337230155062633,20.0
4668337230155062633,12.0
4668337230155062633,18.0
4668337230155062633,0.0
4668337230155062633,35.0
4668337230155062633,12.0
4668337230155062633,18.0
4668337230155062633,22.0
4668337230155062633,19.0
4668337230155062633,17.0
4668337230155062633,18.0
4668337230155062633,18.0
4668337230155062633,13.0
4668337230155062633,15.0
4668337230155062633,23.0
4668337230155062633,18.0
4668337230155062633,17.0
4668337230155062633,17.0
4668337230155062633,22.0
4668337230155062633,13.0
4668337230155062633,17.0
4668337230155062633,19.0
4668337230155062633,20.0
4668337230155062633,22.0
4668337230155062633,23.0
4668337230155062633,32.0
4668337230155062633,22.0
4668337230155062633,27.0
4668337230155062633,10.0
4668337230155062633,27.0
4668337230155062633,20.0
4668337230155062633,15.0
4668337230155062633,15.0
4668337230155062633,11.0
4668337230155062633,15.0
4668337230155062633,19.0
4668337230155062633,21.0
4668337230155062633,32.0
4668337230155062633,21.0
4668337230155062633,18.0
4668337230155062633,25.0
4668337230155062633,16.0
4668337230155062633,22.0
4668337230155062633,21.0
4668337230155062633,17.0
4668337230155062633,16.0
4668337230155062633,14.0
4668337230155062633,25.0
4668337230155062633,25.0
4668337230155062633,16.0
4668337230155062633,25.0
4668337230155062633,25.0
4668337230155062633,18.0
4668337230155062633,27.0
4668337230155062633,12.0
4668337230155062633,20.0
4668337230155062633,18.0
4668337230155062633,24.0
4668337230155062633,19.0
4668337230155062633,18.0
4668337230155062633,18.0
4668337230155062633,18.0
4668337230155062633,19.0
4668337230155062633,28.0
4668337230155062633,18.0
4668337230155062633,23.0
4668337230155062633,16.0
4668337230155062633,22.0
4668337230155062633,19.0
4668337230155062633,19.0
4668337230155062633,24.0
4668337230155062633,9.0
4668337230155062633,16.0
4668337230155062633,15.0
4668337230155062633,22.0
4668337230155062633,28.0
4668337230155062633,21.0
4668337230155062633,16.0
4668337230155062633,28.0
4668337230155062633,12.0
4668337230155062633,23.0
4668337230155062633,24.0
4668337230155062633,22.0
4668337230155062633,16.0
4668337230155062633,16.0
4668337230155062633,22.0
4668337230155062633,20.0
4668337230155062633,20.0
4668337230155062633,28.0
4668337230155062633,11.0
4668337230155062633,18.0
4668337230155062633,25.0
4668337230155062633,32.0
4668337230155062633,19.0
4668337230155062633,15.0
4668337230155062633,12.0
4668337230155062633,16.0
4668337230155062633,28.0
4668337230155062633,17.0
4668337230155062633,19.0
4668337230155062633,17.0
4668337230155062633,25.0
4668337230155062633,18.0
4668337230155062633,17.0
4668337230155062633,17.0
4668337230155062633,18.0
4668337230155062633,19.0
4668337230155062633,23.0
4668337230155062633,22.0
4668337230155062633,21.0
4668337230155062633,21.0
4668337230155062633,10.0
4668337230155062633,17.0
4668337230155062633,24.0
4668337230155062633,13.0
4668337230155062633,13.0
4668337230155062633,21.0
4668337230155062633,20.0
4668337230155062633,18.0
4668337230155062633,18.0
4668337230155062633,25.0
4668337230155062633,21.0
4668337230155062633,26.0
4668337230155062633,24.0
4668337230155062633,20.0
4668337230155062633,21.0
4668337230155062633,23.0
4668337230155062633,20.0
4668337230155062633,22.0
4668337230155062633,22.0
4668337230155062633,19.0
4668337230155062633,17.0
4668337230155062633,22.0
4668337230155062633,22.0
4668337230155062633,20.0
4668337230155062633,15.0
4668337230155062633,27.0
4668337230155062633,20.0
4668337230155062633,19.0
4668337230155062633,24.0
4668337230155062633,19.0
4668337230155062633,14.0
4668337230155062633,25.0
4668337230155062633,16.0
4668337230155062633,20.0
4668337230155062633,33.0
4668337230155062633,13.0
4668337230155062633,10.0
4668337230155062633,20.0
4668337230155062633,7.0
4668337230155062633,25.0
4668337230155062633,19.0
4668337230155062633,22.0
4668337230155062633,18.0
4668337230155062633,14.0
4668337230155062633,18.0
4668337230155062633,21.0
4668337230155062633,19.0
4668337230155062633,19.0
4668337230155062633,16.0
4668337230155062633,11.0
4668337230155062633,7.0
4668337230155062633,16.0
4668337230155062633,15.0
4668337230155062633,22.0
4668337230155062633,16.0
4668337230155062633,23.0
4668337230155062633,19.0
4668337230155062633,17.0
4668337230155062633,15.0
4668337230155062633,22.0
4668337230155062633,17.0
4668337230155062633,22.0
4668337230155062633,17.0
4668337230155062633,18.0
4668337230155062633,18.0
4668337230155062633,22.0
4668337230155062633,18.0
4668337230155062633,14.0
4668337230155062633,16.0
4668337230155062633,13.0
4668337230155062633,17.0
4668337230155062633,15.0
4668337230155062633,30.0
4668337230155062633,11.0
4668337230155062633,26.0
4668337230155062633,21.0
4668337230155062633,18.0
4668337230155062633,34.0
4668337230155062633,16.0
4668337230155062633,11.0
4668337230155062633,11.0
4668337230155062633,16.0
4668337230155062633,20.0
4668337230155062633,20.0
4668337230155062633,24.0
4668337230155062633,20.0
4668337230155062633,22.0
4668337230155062633,22.0
4668337230155062633,16.0
4668337230155062633,23.0
4668337230155062633,21.0
4668337230155062633,22.0
4668337230155062633,21.0
4668337230155062633,13.0
4668337230155062633,24.0
4668337230155062633,22.0
4668337230155062633,19.0
4668337230155062633,17.0
4668337230155062633,25.0
4668337230155062633,16.0
4668337230155062633,18.0
4668337230155062633,20.0
4668337230155062633,21.0
4668337230155062633,13.0
4668337230155062633,13.0
4668337230155062633,18.0
4668337230155062633,13.0
4668337230155062633,15.0
4668337230155062633,18.0
4668337230155062633,17.0
4668337230155062633,17.0
4668337230155062633,19.0
4668337230155062633,17.0
4668337230155062633,11.0
4668337230155062633,18.0
4668337230155062633,16.0
4668337230155062633,20.0
4668337230155062633,11.0
4668337230155062633,24.0
4668337230155062633,19.0
4668337230155062633,17.0
4668337230155062633,18.0
4668337230155062633,20.0
4668337230155062633,21.0
4668337230155062633,20.0
4668337230155062633,33.0
4668337230155062633,22.0
4668337230155062633,16.0
4668337230155062633,25.0
4668337230155062633,23.0
4668337230155062633,23.0
4668337230155062633,22.0
4668337230155062633,19.0
4668337230155062633,29.0
4668337230155062633,18.0
4668337230155062633,23.0
4668337230155062633,22.0
4668337230155062633,31.0
4668337230155062633,13.0
4668337230155062633,26.0
4668337230155062633,12.0
4668337230155062633,17.0
4668337230155062633,12.0
4668337230155062633,13.0
4668337230155062633,19.0
4668337230155062633,12.0
4668337230155062633,18.0
4668337230155062633,29.0
4668337230155062633,13.0
4668337230155062633,16.0
4668337230155062633,25.0
4668337230155062633,22.0
4668337230155062633,15.0
4668337230155062633,18.0
4668337230155062633,28.0
4668337230155062633,21.0
4668337230155062633,16.0
4668337230155062633,22.0
4668337230155062633,28.0
4668337230155062633,17.0
4668337230155062633,25.0
4668337230155062633,23.0
4668337230155062633,18.0
4668337230155062633,16.0
4668337230155062633,22.0
4668337230155062633,17.0
4668337230155062633,15.0
4668337230155062633,20.0
4668337230155062633,15.0
4668337230155062633,22.0
4668337230155062633,18.0
4668337230155062633,22.0
4668337230155062633,15.0
4668337230155062633,22.0
4668337230155062633,16.0
4668337230155062633,29.0
4668337230155062633,22.0
4668337230155062633,30.0
4668337230155062633,18.0
4668337230155062633,19.0
4668337230155062633,15.0
4668337230155062633,20.0
4668337230155062633,34.0
4668337230155062633,20.0
4668337230155062633,12.0
4668337230155062633,0.0
4668337230155062633,22.0
4668337230155062633,36.0
4668337230155062633,26.0
4668337230155062633,11.0
4668337230155062633,22.0
4668337230155062633,25.0
4668337230155062633,20.0
4668337230155062633,24.0
4668337230155062633,16.0
4668337230155062633,21.0
4668337230155062633,17.0
4668337230155062633,12.0
4668337230155062633,13.0
4668337230155062633,22.0
4668337230155062633,19.0
4668337230155062633,19.0
4668337230155062633,13.0
4668337230155062633,31.0
4668337230155062633,24.0
4668337230155062633,26.0
4668337230155062633,23.0
4668337230155062633,17.0
4668337230155062633,17.0
4668337230155062633,22.0
4668337230155062633,22.0
4668337230155062633,29.0
4668337230155062633,18.0
4668337230155062633,30.0
4668337230155062633,22.0
4668337230155062633,13.0
4668337230155062633,26.0
4668337230155062633,17.0
4668337230155062633,17.0
4668337230155062633,18.0
4668337230155062633,23.0
4668337230155062633,12.0
4668337230155062633,19.0
4668337230155062633,16.0
4668337230155062633,13.0
4668337230155062633,23.0
4668337230155062633,21.0
4668337230155062633,18.0
4668337230155062633,13.0
4668337230155062633,22.0
4668337230155062633,22.0
4668337230155062633,18.0
4668337230155062633,19.0
4668337230155062633,35.0
4668337230155062633,20.0
4668337230155062633,28.0
4668337230155062633,15.0
4668337230155062633,22.0
4668337230155062633,15.0
4668337230155062633,24.0
4668337230155062633,22.0
4668337230155062633,24.0
4668337230155062633,16.0
4668337230155062633,23.0
4668337230155062633,26.0
4668337230155062633,24.0
4668337230155062633,15.0
4668337230155062633,20.0
4668337230155062633,17.0
4668337230155062633,15.0
4668337230155062633,15.0
4668337230155062633,19.0
4668337230155062633,22.0
4668337230155062633,18.0
4668337230155062633,29.0
4668337230155062633,20.0
4668337230155062633,27.0
4668337230155062633,31.0
4668337230155062633,19.0
4668337230155062633,18.0
4668337230155062633,25.0
4668337230155062633,20.0
4668337230155062633,26.0
4668337230155062633,24.0
4668337230155062633,24.0
4668337230155062633,22.0
4668337230155062633,15.0
4668337230155062633,18.0
4668337230155062633,13.0
4668337230155062633,19.0
4668337230155062633,17.0
4668337230155062633,13.0
4668337230155062633,22.0
4668337230155062633,15.0
4668337230155062633,16.0
4668337230155062633,24.0
4668337230155062633,15.0
4668337230155062633,35.0
4668337230155062633,22.0
4668337230155062633,13.0
4668337230155062633,35.0
4668337230155062633,25.0
4668337230155062633,19.0
4668337230155062633,18.0
4668337230155062633,18.0
4668337230155062633,16.0
4668337230155062633,13.0
4668337230155062633,22.0
4668337230155062633,21.0
4668337230155062633,21.0
4668337230155062633,20.0
4668337230155062633,21.0
4668337230155062633,20.0
4668337230155062633,12.0
4668337230155062633,25.0
4668337230155062633,23.0
4668337230155062633,21.0
4668337230155062633,17.0
4668337230155062633,20.0
4668337230155062633,21.0
4668337230155062633,18.0
4668337230155062633,23.0
4668337230155062633,17.0
4668337230155062633,22.0
4668337230155062633,16.0
4668337230155062633,22.0
4668337230155062633,15.0
4668337230155062633,22.0
4668337230155062633,26.0
4668337230155062633,14.0
4668337230155062633,11.0
4668337230155062633,18.0
4668337230155062633,23.0
4668337230155062633,18.0
4668337230155062633,32.0
4668337230155062633,24.0
4668337230155062633,21.0
4668337230155062633,39.0
4668337230155062633,22.0
4668337230155062633,24.0
4668337230155062633,21.0
4668337230155062633,12.0
4668337230155062633,11.0
4668337230155062633,22.0
4668337230155062633,16.0
4668337230155062633,33.0
4668337230155062633,26.0
4668337230155062633,39.0
4668337230155062633,19.0
4668337230155062633,22.0
4668337230155062633,26.0
4668337230155062633,18.0
4668337230155062633,18.0
4668337230155062633,18.0
4668337230155062633,19.0
4668337230155062633,36.0
4668337230155062633,20.0
4668337230155062633,21.0
4668337230155062633,16.0
4668337230155062633,14.0
4668337230155062633,28.0
4668337230155062633,20.0
4668337230155062633,19.0
4668337230155062633,18.0
4668337230155062633,25.0
4668337230155062633,17.0
4668337230155062633,19.0
4668337230155062633,17.0
4668337230155062633,18.0
4668337230155062633,25.0
4668337230155062633,28.0
4668337230155062633,14.0
4668337230155062633,21.0
4668337230155062633,24.0
4668337230155062633,29.0
4668337230155062633,23.0
4668337230155062633,24.0
4668337230155062633,15.0
4668337230155062633,26.0
4668337230155062633,20.0
4668337230155062633,14.0
4668337230155062633,22.0
4668337230155062633,25.0
4668337230155062633,27.0
4668337230155062633,31.0
4668337230155062633,21.0
4668337230155062633,16.0
4668337230155062633,22.0
4668337230155062633,18.0
4668337230155062633,24.0
4668337230155062633,18.0
4668337230155062633,26.0
4668337230155062633,27.0
4668337230155062633,22.0
4668337230155062633,13.0
4668337230155062633,18.0
4668337230155062633,15.0
4668337230155062633,22.0
4668337230155062633,19.0
4668337230155062633,22.0
4668337230155062633,33.0
4668337230155062633,16.0
4668337230155062633,20.0
4668337230155062633,12.0
4668337230155062633,21.0
4668337230155062633,18.0
-7636167699948083600,15.0
-7636167699948083600,16.0
-7636167699948083600,25.0
-7636167699948083600,16.0
-7636167699948083600,18.0
-7636167699948083600,14.0
-7636167699948083600,13.0
-7636167699948083600,13.0
-7636167699948083600,17.0
-7636167699948083600,15.0
-7636167699948083600,13.0
-7636167699948083600,24.0
-7636167699948083600,20.0
-7636167699948083600,20.0
-7636167699948083600,21.0
-7636167699948083600,22.0
-7636167699948083600,18.0
-7636167699948083600,16.0
-7636167699948083600,21.0
-7636167699948083600,26.0
-7636167699948083600,16.0
-7636167699948083600,14.0
-7636167699948083600,18.0
-7636167699948083600,14.0
-7636167699948083600,12.0
-7636167699948083600,19.0
-7636167699948083600,23.0
-7636167699948083600,13.0
-7636167699948083600,16.0
-7636167699948083600,15.0
-7636167699948083600,16.0
-7636167699948083600,13.0
-7636167699948083600,21.0
-7636167699948083600,20.0
-7636167699948083600,20.0
-7636167699948083600,16.0
-7636167699948083600,15.0
-7636167699948083600,11.0
-7636167699948083600,24.0
-7636167699948083600,17.0
-7636167699948083600,10.0
-7636167699948083600,20.0
-7636167699948083600,15.0
-7636167699948083600,14.0
-7636167699948083600,23.0
-7636167699948083600,17.0
-7636167699948083600,22.0
-7636167699948083600,15.0
-7636167699948083600,20.0
-7636167699948083600,21.0
-7636167699948083600,19.0
-7636167699948083600,18.0
-7636167699948083600,12.0
-7636167699948083600,19.0
-7636167699948083600,11.0
-7636167699948083600,15.0
-7636167699948083600,18.0
-7636167699948083600,11.0
-7636167699948083600,16.0
-7636167699948083600,15.0
-7636167699948083600,21.0
-7636167699948083600,23.0
-7636167699948083600,15.0
-7636167699948083600,17.0
-7636167699948083600,22.0
-7636167699948083600,16.0
-7636167699948083600,18.0
-7636167699948083600,18.0
-7636167699948083600,16.0
-7636167699948083600,11.0
-7636167699948083600,16.0
-7636167699948083600,13.0
-7636167699948083600,16.0
-7636167699948083600,19.0
-7636167699948083600,12.0
-7636167699948083600,17.0
-7636167699948083600,12.0
-7636167699948083600,14.0
-7636167699948083600,18.0
1194579079287927665,23.0
1194579079287927665,18.0
1194579079287927665,13.0
1194579079287927665,21.0
1194579079287927665,25.0
1194579079287927665,18.0
1194579079287927665,22.0
1194579079287927665,20.0
1194579079287927665,32.0
1194579079287927665,18.0
1194579079287927665,22.0
1194579079287927665,36.0
1194579079287927665,21.0
1194579079287927665,26.0
1194579079287927665,18.0
1194579079287927665,23.0
1194579079287927665,21.0
1194579079287927665,22.0
1194579079287927665,18.0
1194579079287927665,24.0
1194579079287927665,21.0
1194579079287927665,27.0
1194579079287927665,32.0
1194579079287927665,23.0
1194579079287927665,25.0
1194579079287927665,19.0
1194579079287927665,16.0
1194579079287927665,21.0
1194579079287927665,18.0
1194579079287927665,25.0
1194579079287927665,22.0
1194579079287927665,28.0
1194579079287927665,25.0
1194579079287927665,28.0
1194579079287927665,23.0
1194579079287927665,24.0
1194579079287927665,28.0
1194579079287927665,15.0
1194579079287927665,20.0
1194579079287927665,21.0
1194579079287927665,24.0
1194579079287927665,23.0
1194579079287927665,21.0
1194579079287927665,20.0
1194579079287927665,18.0
1194579079287927665,20.0
1194579079287927665,20.0
1194579079287927665,24.0
1194579079287927665,20.0
1194579079287927665,20.0
1194579079287927665,23.0
1194579079287927665,17.0
1194579079287927665,26.0
1194579079287927665,18.0
1194579079287927665,25.0
1194579079287927665,17.0
1194579079287927665,22.0
1194579079287927665,18.0
1194579079287927665,19.0
1194579079287927665,19.0
1194579079287927665,18.0
1194579079287927665,28.0
1194579079287927665,11.0
1194579079287927665,22.0
1194579079287927665,17.0
1194579079287927665,27.0
1194579079287927665,23.0
1194579079287927665,37.0
1194579079287927665,25.0
1194579079287927665,26.0
1194579079287927665,20.0
1194579079287927665,28.0
1194579079287927665,24.0
1194579079287927665,17.0
1194579079287927665,25.0
1194579079287927665,20.0
1194579079287927665,22.0
1194579079287927665,24.0
1194579079287927665,17.0
1194579079287927665,28.0
1194579079287927665,15.0
1194579079287927665,23.0
1194579079287927665,19.0
1194579079287927665,18.0
1194579079287927665,23.0
1194579079287927665,40.0
1194579079287927665,28.0
1194579079287927665,21.0
1194579079287927665,15.0
1194579079287927665,30.0
1194579079287927665,26.0
1194579079287927665,13.0
1194579079287927665,18.0
1194579079287927665,16.0
1194579079287927665,21.0
1194579079287927665,24.0
1194579079287927665,23.0
1194579079287927665,18.0
1194579079287927665,10.0
1194579079287927665,25.0
1194579079287927665,28.0
1194579079287927665,17.0
1194579079287927665,18.0
1194579079287927665,24.0
1194579079287927665,16.0
1194579079287927665,17.0
1194579079287927665,19.0
1194579079287927665,21.0
1194579079287927665,24.0
1194579079287927665,16.0
1194579079287927665,22.0
1194579079287927665,14.0
1194579079287927665,23.0
1194579079287927665,23.0
1194579079287927665,18.0
1194579079287927665,23.0
1194579079287927665,29.0
1194579079287927665,24.0
1194579079287927665,26.0
1194579079287927665,20.0
1194579079287927665,23.0
1194579079287927665,25.0
1194579079287927665,19.0
1194579079287927665,21.0
1194579079287927665,23.0
1194579079287927665,24.0
1194579079287927665,26.0
1194579079287927665,19.0
1194579079287927665,19.0
1194579079287927665,19.0
1194579079287927665,13.0
1194579079287927665,28.0
1194579079287927665,18.0
1194579079287927665,17.0
1194579079287927665,21.0
1194579079287927665,17.0
1194579079287927665,17.0
1194579079287927665,21.0
1194579079287927665,18.0
1194579079287927665,19.0
1194579079287927665,29.0
1194579079287927665,16.0
1194579079287927665,26.0
1194579079287927665,23.0
1194579079287927665,18.0
1194579079287927665,21.0
1194579079287927665,22.0
1194579079287927665,15.0
1194579079287927665,26.0
1194579079287927665,20.0
1194579079287927665,20.0
1194579079287927665,14.0
1194579079287927665,28.0
1194579079287927665,23.0
1194579079287927665,20.0
1194579079287927665,28.0
1194579079287927665,24.0
1194579079287927665,25.0
1194579079287927665,10.0
1194579079287927665,20.0
1194579079287927665,22.0
1194579079287927665,28.0
1194579079287927665,15.0
1194579079287927665,13.0
1194579079287927665,20.0
1194579079287927665,25.0
1194579079287927665,21.0
1194579079287927665,19.0
1194579079287927665,24.0
1194579079287927665,26.0
1194579079287927665,20.0
1194579079287927665,19.0
1194579079287927665,24.0
1194579079287927665,20.0
1194579079287927665,22.0
1194579079287927665,24.0
1194579079287927665,24.0
1194579079287927665,18.0
1194579079287927665,23.0
1194579079287927665,23.0
1194579079287927665,17.0
1194579079287927665,21.0
1194579079287927665,22.0
1194579079287927665,21.0
1194579079287927665,22.0
1194579079287927665,22.0
1194579079287927665,29.0
1194579079287927665,25.0
1194579079287927665,25.0
1194579079287927665,15.0
1194579079287927665,24.0
1194579079287927665,22.0
1194579079287927665,17.0
1194579079287927665,21.0
1194579079287927665,26.0
1194579079287927665,25.0
1194579079287927665,23.0
1194579079287927665,17.0
1194579079287927665,18.0
1194579079287927665,23.0
1194579079287927665,14.0
1194579079287927665,25.0
1194579079287927665,18.0
1194579079287927665,22.0
1194579079287927665,17.0
1194579079287927665,23.0
1194579079287927665,12.0
1194579079287927665,13.0
1194579079287927665,21.0
1194579079287927665,25.0
1194579079287927665,19.0
1194579079287927665,20.0
1194579079287927665,17.0
1194579079287927665,24.0
1194579079287927665,21.0
1194579079287927665,24.0
1194579079287927665,20.0
1194579079287927665,22.0
1194579079287927665,29.0
1194579079287927665,21.0
1194579079287927665,23.0
1194579079287927665,25.0
1194579079287927665,17.0
1194579079287927665,17.0
1194579079287927665,22.0
1194579079287927665,14.0
1194579079287927665,19.0
1194579079287927665,25.0
1194579079287927665,24.0
1194579079287927665,17.0
1194579079287927665,25.0
1194579079287927665,20.0
1194579079287927665,21.0
1194579079287927665,15.0
1194579079287927665,19.0
1194579079287927665,27.0
1194579079287927665,25.0
1194579079287927665,25.0
1194579079287927665,28.0
1194579079287927665,21.0
1194579079287927665,17.0
1194579079287927665,22.0
1194579079287927665,22.0
1194579079287927665,27.0
1194579079287927665,23.0
1194579079287927665,21.0
1194579079287927665,20.0
1194579079287927665,24.0
1194579079287927665,25.0
1194579079287927665,13.0
1194579079287927665,26.0
1194579079287927665,23.0
1194579079287927665,27.0
1194579079287927665,14.0
1194579079287927665,15.0
1194579079287927665,13.0
1194579079287927665,16.0
1194579079287927665,25.0
1194579079287927665,27.0
1194579079287927665,18.0
1194579079287927665,20.0
1194579079287927665,0.0
-4353160957725823366,20.0
-4353160957725823366,23.0
-4353160957725823366,24.0
-4353160957725823366,21.0
-4353160957725823366,18.0
-4353160957725823366,18.0
-4353160957725823366,20.0
-4353160957725823366,19.0
-4353160957725823366,20.0
-4353160957725823366,20.0
-4353160957725823366,22.0
-4353160957725823366,22.0
-4353160957725823366,24.0
-4353160957725823366,23.0
-4353160957725823366,24.0
-4353160957725823366,16.0
-4353160957725823366,23.0
-4353160957725823366,22.0
-4353160957725823366,15.0
-4353160957725823366,24.0
-4353160957725823366,20.0
-4353160957725823366,24.0
-4353160957725823366,23.0
-4353160957725823366,20.0
-4353160957725823366,22.0
-4353160957725823366,22.0
-4353160957725823366,22.0
-4353160957725823366,21.0
-4353160957725823366,24.0
-4353160957725823366,24.0
-4353160957725823366,23.0
-4353160957725823366,22.0
-4353160957725823366,22.0
-4353160957725823366,22.0
-4353160957725823366,23.0
-4353160957725823366,22.0
-4353160957725823366,26.0
-4353160957725823366,12.0
-4353160957725823366,19.0
-4353160957725823366,23.0
-4353160957725823366,20.0
-4353160957725823366,17.0
-4353160957725823366,20.0
-4353160957725823366,17.0
-4353160957725823366,19.0
-4353160957725823366,20.0
-4353160957725823366,21.0
-4353160957725823366,26.0
-4353160957725823366,24.0
-4353160957725823366,21.0
-4353160957725823366,21.0
-4353160957725823366,18.0
-4353160957725823366,21.0
-4353160957725823366,16.0
-4353160957725823366,17.0
-4353160957725823366,25.0
-4353160957725823366,24.0
-4353160957725823366,24.0
-4353160957725823366,24.0
-4353160957725823366,27.0
-4353160957725823366,22.0
-4353160957725823366,19.0
-4353160957725823366,18.0
-4353160957725823366,30.0
-4353160957725823366,24.0
-4353160957725823366,22.0
-4353160957725823366,25.0
-4353160957725823366,26.0
-4353160957725823366,24.0
-4353160957725823366,20.0
-4353160957725823366,17.0
-4353160957725823366,19.0
-4353160957725823366,18.0
-4353160957725823366,25.0
-4353160957725823366,22.0
-4353160957725823366,21.0
-4353160957725823366,20.0
-4353160957725823366,18.0
-4353160957725823366,21.0
-4353160957725823366,16.0
-4353160957725823366,17.0
-4353160957725823366,24.0
-4353160957725823366,20.0
-4353160957725823366,23.0
-4353160957725823366,22.0
-4353160957725823366,25.0
-4353160957725823366,13.0
-4353160957725823366,20.0
-4353160957725823366,27.0
-4353160957725823366,23.0
-4353160957725823366,21.0
-4353160957725823366,20.0
-4353160957725823366,24.0
-4353160957725823366,20.0
-4353160957725823366,20.0
-4353160957725823366,20.0
-4353160957725823366,33.0
-4353160957725823366,16.0
-4353160957725823366,23.0
-4353160957725823366,24.0
-4353160957725823366,27.0
-4353160957725823366,21.0
-4353160957725823366,24.0
-4353160957725823366,24.0
-4353160957725823366,19.0
-4353160957725823366,22.0
-4353160957725823366,24.0
-4353160957725823366,24.0
-4353160957725823366,20.0
-4353160957725823366,21.0
-4353160957725823366,19.0
-4353160957725823366,23.0
-4353160957725823366,24.0
-4353160957725823366,22.0
-4353160957725823366,22.0
-4353160957725823366,27.0
-4353160957725823366,37.0
-4353160957725823366,24.0
-4353160957725823366,30.0
-4353160957725823366,25.0
-4353160957725823366,18.0
-4353160957725823366,20.0
-4353160957725823366,18.0
-4353160957725823366,29.0
-4353160957725823366,23.0
-4353160957725823366,26.0
-4353160957725823366,22.0
-4353160957725823366,21.0
-4353160957725823366,20.0
-4353160957725823366,21.0
-4353160957725823366,18.0
-4353160957725823366,16.0
-4353160957725823366,10.0
-4353160957725823366,16.0
-4353160957725823366,22.0
-4353160957725823366,20.0
-4353160957725823366,25.0
-4353160957725823366,26.0
-4353160957725823366,27.0
-4353160957725823366,22.0
-4353160957725823366,21.0
-4353160957725823366,24.0
-4353160957725823366,22.0
-4353160957725823366,21.0
-4353160957725823366,24.0
-4353160957725823366,24.0
-4353160957725823366,25.0
-4353160957725823366,21.0
-4353160957725823366,24.0
-4353160957725823366,20.0
-4353160957725823366,17.0
-4353160957725823366,26.0
-4353160957725823366,28.0
-4353160957725823366,16.0
-4353160957725823366,21.0
-4353160957725823366,18.0
-4353160957725823366,20.0
-4353160957725823366,22.0
-4353160957725823366,20.0
-4353160957725823366,19.0
-4353160957725823366,22.0
-4353160957725823366,24.0
-4353160957725823366,18.0
-4353160957725823366,23.0
-4353160957725823366,24.0
-4353160957725823366,26.0
-4353160957725823366,17.0
-4353160957725823366,20.0
-4353160957725823366,20.0
-4353160957725823366,20.0
-4353160957725823366,22.0
-4353160957725823366,16.0
-4353160957725823366,12.0
-4353160957725823366,18.0
-4353160957725823366,22.0
-4353160957725823366,25.0
-4353160957725823366,26.0
-4353160957725823366,24.0
-4353160957725823366,18.0
-4353160957725823366,22.0
-4353160957725823366,21.0
-4353160957725823366,14.0
-4353160957725823366,20.0
-4353160957725823366,16.0
-4353160957725823366,20.0
-4353160957725823366,20.0
-4353160957725823366,21.0
-4353160957725823366,24.0
-4353160957725823366,21.0
-4353160957725823366,12.0
-4353160957725823366,10.0
-4353160957725823366,26.0
-4353160957725823366,14.0
-4353160957725823366,24.0
-4353160957725823366,17.0
-4353160957725823366,21.0
-4353160957725823366,18.0
-4353160957725823366,19.0
-4353160957725823366,20.0
-4353160957725823366,24.0
-4353160957725823366,24.0
-4353160957725823366,21.0
-4353160957725823366,24.0
-4353160957725823366,26.0
-4353160957725823366,20.0
-4353160957725823366,23.0
-4353160957725823366,25.0
-4353160957725823366,22.0
-4353160957725823366,22.0
-4353160957725823366,20.0
-4353160957725823366,18.0
-4353160957725823366,20.0
-4353160957725823366,22.0
-4353160957725823366,22.0
-4353160957725823366,21.0
-4353160957725823366,21.0
-4353160957725823366,17.0
-4353160957725823366,24.0
-4353160957725823366,23.0
-4353160957725823366,23.0
-4353160957725823366,23.0
-4353160957725823366,23.0
-4353160957725823366,19.0
-4353160957725823366,24.0
-4353160957725823366,20.0
-4353160957725823366,23.0
-4353160957725823366,24.0
-4353160957725823366,23.0
-4353160957725823366,25.0
-4353160957725823366,22.0
-4353160957725823366,17.0
-4353160957725823366,13.0
-4353160957725823366,19.0
-4353160957725823366,20.0
-4353160957725823366,21.0
-4353160957725823366,22.0
-4353160957725823366,24.0
-4353160957725823366,22.0
-4353160957725823366,10.0
-4353160957725823366,19.0
-4353160957725823366,23.0
-4353160957725823366,15.0
-4353160957725823366,21.0
-4353160957725823366,21.0
-4353160957725823366,22.0
-4353160957725823366,20.0
-4353160957725823366,20.0
-4353160957725823366,24.0
-4353160957725823366,20.0
-4353160957725823366,27.0
-4353160957725823366,14.0
-4353160957725823366,20.0
-4353160957725823366,21.0
-4353160957725823366,24.0
-4353160957725823366,20.0
-4353160957725823366,21.0
-4353160957725823366,24.0
-4353160957725823366,20.0
-4353160957725823366,21.0
-4353160957725823366,26.0
-4353160957725823366,19.0
-4353160957725823366,13.0
-4353160957725823366,20.0
-4353160957725823366,19.0
-4353160957725823366,20.0
-4353160957725823366,13.0
-4353160957725823366,24.0
-4353160957725823366,22.0
-4353160957725823366,27.0
-4353160957725823366,24.0
-4353160957725823366,24.0
-4353160957725823366,24.0
-4353160957725823366,30.0
-4353160957725823366,13.0
-4353160957725823366,24.0
-4353160957725823366,22.0
-4353160957725823366,27.0
-4353160957725823366,24.0
-4353160957725823366,20.0
-4353160957725823366,28.0
-4353160957725823366,20.0
-4353160957725823366,17.0
-4353160957725823366,24.0
-4353160957725823366,19.0
-4353160957725823366,20.0
-4353160957725823366,20.0
-4353160957725823366,27.0
-4353160957725823366,24.0
-4353160957725823366,22.0
-4353160957725823366,19.0
-4353160957725823366,22.0
-4353160957725823366,20.0
-4353160957725823366,23.0
-4353160957725823366,20.0
-4353160957725823366,19.0
-4353160957725823366,20.0
-4353160957725823366,24.0
-4353160957725823366,24.0
-4353160957725823366,20.0
-4353160957725823366,26.0
-4353160957725823366,24.0
-4353160957725823366,18.0
-4353160957725823366,19.0
-4353160957725823366,27.0
-4353160957725823366,24.0
-4353160957725823366,22.0
-4353160957725823366,26.0
-4353160957725823366,27.0
-4353160957725823366,24.0
-4353160957725823366,21.0
-4353160957725823366,26.0
-4353160957725823366,27.0
-4353160957725823366,28.0
-4353160957725823366,18.0
-4353160957725823366,25.0
-4353160957725823366,24.0
-4353160957725823366,26.0
-4353160957725823366,20.0
-4353160957725823366,25.0
-4353160957725823366,19.0
-4353160957725823366,26.0
-4353160957725823366,22.0
-4353160957725823366,18.0
-4353160957725823366,24.0
-4353160957725823366,20.0
-4353160957725823366,22.0
-4353160957725823366,19.0
-4353160957725823366,24.0
-4353160957725823366,29.0
-4353160957725823366,20.0
-4353160957725823366,34.0
-4353160957725823366,21.0
-4353160957725823366,24.0
-4353160957725823366,24.0
-4353160957725823366,22.0
-4353160957725823366,18.0
-4353160957725823366,19.0
-4353160957725823366,21.0
-4353160957725823366,24.0
-4353160957725823366,23.0
-4353160957725823366,23.0
-4353160957725823366,24.0
-4353160957725823366,20.0
-4353160957725823366,24.0
-4353160957725823366,28.0
-4353160957725823366,24.0
-4353160957725823366,18.0
-4353160957725823366,21.0
-4353160957725823366,22.0
-4353160957725823366,24.0
-4353160957725823366,20.0
-4353160957725823366,21.0
-4353160957725823366,20.0
-4353160957725823366,24.0
-4353160957725823366,20.0
-4353160957725823366,18.0
-4353160957725823366,20.0
-4353160957725823366,23.0
-4353160957725823366,24.0
-4353160957725823366,22.0
-4353160957725823366,21.0
-4353160957725823366,26.0
-4353160957725823366,22.0
-4353160957725823366,22.0
-4353160957725823366,20.0
-4353160957725823366,24.0
-4353160957725823366,18.0
-4353160957725823366,20.0
-4353160957725823366,22.0
-4353160957725823366,27.0
-4353160957725823366,19.0
-4353160957725823366,18.0
-4353160957725823366,19.0
-4353160957725823366,26.0
-4353160957725823366,23.0
-4353160957725823366,20.0
-4353160957725823366,23.0
-4353160957725823366,16.0
-4353160957725823366,13.0
-4353160957725823366,21.0
-4353160957725823366,19.0
-4353160957725823366,17.0
-4353160957725823366,20.0
-4353160957725823366,22.0
-4353160957725823366,22.0
-4353160957725823366,20.0
-4353160957725823366,21.0
-4353160957725823366,20.0
-4353160957725823366,25.0
-4353160957725823366,24.0
-4353160957725823366,24.0
-4353160957725823366,12.0
-4353160957725823366,26.0
-4353160957725823366,20.0
-4353160957725823366,20.0
-4353160957725823366,16.0
-4353160957725823366,18.0
-4353160957725823366,17.0
-4353160957725823366,22.0
-4353160957725823366,24.0
-4353160957725823366,15.0
-4353160957725823366,21.0
-4353160957725823366,19.0
-4353160957725823366,21.0
-4353160957725823366,20.0
-4353160957725823366,22.0
-4353160957725823366,19.0
-4353160957725823366,26.0
-4353160957725823366,18.0
-4353160957725823366,20.0
-4353160957725823366,24.0
-4353160957725823366,20.0
-4353160957725823366,24.0
-4353160957725823366,24.0
-4353160957725823366,22.0
-4353160957725823366,22.0
-4353160957725823366,21.0
-4353160957725823366,25.0
-4353160957725823366,20.0
-4353160957725823366,21.0
-4353160957725823366,21.0
-4353160957725823366,15.0
-4353160957725823366,21.0
-4353160957725823366,17.0
-4353160957725823366,22.0
-4353160957725823366,23.0
-4353160957725823366,18.0
-4353160957725823366,24.0
-4353160957725823366,20.0
-4353160957725823366,18.0
-4353160957725823366,25.0
-4353160957725823366,21.0
-4353160957725823366,23.0
-4353160957725823366,22.0
-4353160957725823366,26.0
-4353160957725823366,21.0
-4353160957725823366,20.0
-4353160957725823366,21.0
-4353160957725823366,23.0
-4353160957725823366,18.0
-4353160957725823366,25.0
-4353160957725823366,20.0
-4353160957725823366,18.0
-4353160957725823366,24.0
-4353160957725823366,20.0
-4353160957725823366,22.0
-4353160957725823366,24.0
-4353160957725823366,25.0
-4353160957725823366,21.0
-4353160957725823366,22.0
-4353160957725823366,24.0
-4353160957725823366,24.0
-4353160957725823366,26.0
-4353160957725823366,23.0
-4353160957725823366,29.0
-4353160957725823366,18.0
-4353160957725823366,24.0
-4353160957725823366,24.0
-4353160957725823366,20.0
-4353160957725823366,24.0
-4353160957725823366,31.0
-4353160957725823366,24.0
-4353160957725823366,21.0
-4353160957725823366,24.0
-4353160957725823366,19.0
-4353160957725823366,20.0
-4353160957725823366,22.0
-4353160957725823366,18.0
-4353160957725823366,22.0
-4353160957725823366,26.0
-4353160957725823366,22.0
-4353160957725823366,12.0
-4353160957725823366,23.0
-4353160957725823366,22.0
-4353160957725823366,23.0
-4353160957725823366,19.0
-4353160957725823366,26.0
-4353160957725823366,14.0
-4353160957725823366,19.0
-4353160957725823366,25.0
-4353160957725823366,26.0
-4353160957725823366,23.0
-4353160957725823366,25.0
-4353160957725823366,14.0
-4353160957725823366,22.0
-4353160957725823366,20.0
-4353160957725823366,21.0
-4353160957725823366,20.0
-4353160957725823366,19.0
-4353160957725823366,21.0
-4353160957725823366,24.0
-4353160957725823366,20.0
-4353160957725823366,17.0
-4353160957725823366,22.0
-4353160957725823366,21.0
-4353160957725823366,15.0
-4353160957725823366,28.0
-4353160957725823366,20.0
-4353160957725823366,24.0
-4353160957725823366,20.0
-4353160957725823366,24.0
-4353160957725823366,26.0
-4353160957725823366,21.0
-4353160957725823366,24.0
-4353160957725823366,21.0
-4353160957725823366,20.0
-4353160957725823366,18.0
-4353160957725823366,23.0
-4353160957725823366,24.0
-4353160957725823366,19.0
-4353160957725823366,24.0
-4353160957725823366,24.0
-4353160957725823366,25.0
-4353160957725823366,20.0
-4353160957725823366,17.0
-4353160957725823366,22.0
-4353160957725823366,22.0
-4353160957725823366,22.0
-4353160957725823366,22.0
-4353160957725823366,21.0
-4353160957725823366,10.0
-4353160957725823366,25.0
-4353160957725823366,24.0
-4353160957725823366,23.0
-4353160957725823366,25.0
-4353160957725823366,24.0
-4353160957725823366,9.0
-4353160957725823366,18.0
-4353160957725823366,10.0
-4353160957725823366,20.0
-4353160957725823366,29.0
-4353160957725823366,20.0
-4353160957725823366,22.0
-4353160957725823366,12.0
-4353160957725823366,23.0
-4353160957725823366,20.0
-4353160957725823366,28.0
-4353160957725823366,23.0
-4353160957725823366,22.0
-4353160957725823366,21.0
-4353160957725823366,22.0
-4353160957725823366,20.0
-4353160957725823366,21.0
-4353160957725823366,13.0
-4353160957725823366,31.0
-4353160957725823366,24.0
-4353160957725823366,20.0
-4353160957725823366,20.0
-4353160957725823366,26.0
-4353160957725823366,25.0
-4353160957725823366,26.0
-4353160957725823366,21.0
-4353160957725823366,20.0
-4353160957725823366,17.0
-4353160957725823366,26.0
-4353160957725823366,25.0
-4353160957725823366,23.0
-4353160957725823366,23.0
-4353160957725823366,11.0
-4353160957725823366,20.0
-4353160957725823366,22.0
-4353160957725823366,23.0
-4353160957725823366,22.0
-4353160957725823366,22.0
-4353160957725823366,16.0
-4353160957725823366,23.0
-4353160957725823366,24.0
-4353160957725823366,25.0
-4353160957725823366,22.0
-4353160957725823366,24.0
-4353160957725823366,20.0
-4353160957725823366,27.0
-4353160957725823366,22.0
-4353160957725823366,23.0
-4353160957725823366,21.0
-4353160957725823366,20.0
-4353160957725823366,20.0
-4353160957725823366,22.0
-4353160957725823366,16.0
-4353160957725823366,23.0
-4353160957725823366,11.0
-4353160957725823366,22.0
-4353160957725823366,24.0
-4353160957725823366,25.0
-4353160957725823366,21.0
-4353160957725823366,24.0
-4353160957725823366,28.0
-4353160957725823366,29.0
-4353160957725823366,14.0
-4353160957725823366,35.0
-4353160957725823366,26.0
-4353160957725823366,23.0
-4353160957725823366,28.0
-4353160957725823366,24.0
-4353160957725823366,23.0
-4353160957725823366,19.0
-4353160957725823366,27.0
-4353160957725823366,22.0
-4353160957725823366,23.0
-4353160957725823366,26.0
-4353160957725823366,22.0
-4353160957725823366,21.0
-4353160957725823366,24.0
-4353160957725823366,20.0
-4353160957725823366,20.0
-4353160957725823366,24.0
-4353160957725823366,28.0
-4353160957725823366,24.0
-4353160957725823366,24.0
-4353160957725823366,28.0
-4353160957725823366,23.0
-4353160957725823366,16.0
-4353160957725823366,11.0
-4353160957725823366,20.0
-4353160957725823366,20.0
-4353160957725823366,23.0
-4353160957725823366,27.0
-4353160957725823366,20.0
-4353160957725823366,26.0
-4353160957725823366,23.0
-4353160957725823366,20.0
-4353160957725823366,23.0
-4353160957725823366,27.0
-4353160957725823366,24.0
-4353160957725823366,16.0
-4353160957725823366,25.0
-4353160957725823366,21.0
-4353160957725823366,23.0
-4353160957725823366,23.0
-4353160957725823366,21.0
-4353160957725823366,24.0
-4353160957725823366,24.0
-4353160957725823366,16.0
-4353160957725823366,22.0
-4353160957725823366,22.0
-4353160957725823366,24.0
-4353160957725823366,26.0
-4353160957725823366,21.0
-4353160957725823366,24.0
-4353160957725823366,22.0
-4353160957725823366,16.0
-4353160957725823366,22.0
-4353160957725823366,18.0
-4353160957725823366,20.0
-4353160957725823366,24.0
-4353160957725823366,31.0
-4353160957725823366,20.0
-4353160957725823366,20.0
-4353160957725823366,27.0
-4353160957725823366,24.0
-1616052813658226820,17.0
-1616052813658226820,16.0
-1616052813658226820,12.0
-1616052813658226820,17.0
-1616052813658226820,17.0
-1616052813658226820,13.0
-1616052813658226820,13.0
-1616052813658226820,14.0
-1616052813658226820,18.0
-1616052813658226820,19.0
-1616052813658226820,17.0
-1616052813658226820,15.0
-1616052813658226820,14.0
-1616052813658226820,12.0
-1616052813658226820,18.0
-1616052813658226820,16.0
-1616052813658226820,14.0
-1616052813658226820,14.0
-1616052813658226820,15.0
-1616052813658226820,16.0
-1616052813658226820,12.0
-7938198040010520706,21.0
-7938198040010520706,20.0
-7938198040010520706,19.0
-7938198040010520706,18.0
-7938198040010520706,22.0
-7938198040010520706,17.0
-7938198040010520706,16.0
-7938198040010520706,19.0
-7938198040010520706,16.0
-7938198040010520706,17.0
-7938198040010520706,17.0
-7938198040010520706,25.0
-7938198040010520706,28.0
-7938198040010520706,17.0
-7938198040010520706,18.0
-7938198040010520706,19.0
-7938198040010520706,21.0
-7938198040010520706,15.0
-7938198040010520706,14.0
-7938198040010520706,14.0
-7938198040010520706,16.0
-7938198040010520706,14.0
-7938198040010520706,25.0
-7938198040010520706,17.0
-7938198040010520706,13.0
-7938198040010520706,21.0
-7938198040010520706,18.0
-7938198040010520706,16.0
-7938198040010520706,17.0
-7938198040010520706,20.0
-7938198040010520706,18.0
-7938198040010520706,19.0
-7938198040010520706,19.0
-7938198040010520706,21.0
-7938198040010520706,17.0
-7938198040010520706,16.0
-7938198040010520706,16.0
-7938198040010520706,22.0
-7938198040010520706,22.0
-7938198040010520706,18.0
-7938198040010520706,22.0
-7938198040010520706,18.0
-7938198040010520706,19.0
-7938198040010520706,20.0
-7938198040010520706,25.0
-7938198040010520706,24.0
-7938198040010520706,24.0
-7938198040010520706,21.0
-7938198040010520706,17.0
-7938198040010520706,14.0
-7938198040010520706,17.0
-7938198040010520706,16.0
-7938198040010520706,20.0
-7938198040010520706,19.0
-7938198040010520706,15.0
-7938198040010520706,17.0
-7938198040010520706,21.0
-7938198040010520706,22.0
-7938198040010520706,15.0
-7938198040010520706,23.0
-7938198040010520706,22.0
-7938198040010520706,20.0
-7938198040010520706,17.0
-7938198040010520706,21.0
-7938198040010520706,21.0
-7938198040010520706,22.0
-7938198040010520706,17.0
-7938198040010520706,17.0
-7938198040010520706,16.0
-7938198040010520706,23.0
-7938198040010520706,16.0
-7938198040010520706,12.0
-7938198040010520706,25.0
-7938198040010520706,22.0
-7938198040010520706,18.0
-7938198040010520706,18.0
-7938198040010520706,16.0
-7938198040010520706,22.0
-7938198040010520706,20.0
-7938198040010520706,19.0
-7938198040010520706,18.0
-7938198040010520706,23.0
-7938198040010520706,18.0
-7938198040010520706,22.0
-7938198040010520706,22.0
-7938198040010520706,28.0
-7938198040010520706,15.0
-7938198040010520706,16.0
-7938198040010520706,17.0
-7938198040010520706,20.0
-7938198040010520706,12.0
-7938198040010520706,16.0
-7938198040010520706,26.0
-7938198040010520706,23.0
-7938198040010520706,17.0
-7938198040010520706,18.0
7131048714591189903,16.0
7131048714591189903,16.0
7131048714591189903,17.0
7131048714591189903,20.0
7131048714591189903,18.0
7131048714591189903,22.0
7131048714591189903,31.0
7131048714591189903,21.0
7131048714591189903,17.0
7131048714591189903,18.0
7131048714591189903,18.0
7131048714591189903,23.0
7131048714591189903,19.0
7131048714591189903,22.0
7131048714591189903,13.0
7131048714591189903,23.0
7131048714591189903,17.0
7131048714591189903,21.0
7131048714591189903,16.0
7131048714591189903,20.0
7131048714591189903,20.0
7131048714591189903,18.0
7131048714591189903,22.0
7131048714591189903,16.0
7131048714591189903,25.0
7131048714591189903,16.0
7131048714591189903,21.0
7131048714591189903,16.0
7131048714591189903,19.0
7131048714591189903,19.0
7131048714591189903,17.0
7131048714591189903,22.0
7131048714591189903,22.0
7131048714591189903,20.0
7131048714591189903,19.0
7131048714591189903,18.0
579254014084392336,16.0
579254014084392336,25.0
579254014084392336,18.0
579254014084392336,19.0
579254014084392336,23.0
579254014084392336,18.0
579254014084392336,26.0
579254014084392336,28.0
579254014084392336,22.0
579254014084392336,23.0
579254014084392336,24.0
579254014084392336,30.0
579254014084392336,16.0
579254014084392336,21.0
579254014084392336,29.0
579254014084392336,16.0
579254014084392336,29.0
579254014084392336,25.0
579254014084392336,16.0
579254014084392336,24.0
579254014084392336,27.0
579254014084392336,16.0
579254014084392336,16.0
579254014084392336,31.0
579254014084392336,25.0
579254014084392336,16.0
579254014084392336,30.0
579254014084392336,30.0
579254014084392336,26.0
579254014084392336,16.0
579254014084392336,20.0
579254014084392336,16.0
579254014084392336,21.0
579254014084392336,16.0
579254014084392336,16.0
579254014084392336,27.0
579254014084392336,30.0
579254014084392336,32.0
579254014084392336,23.0
579254014084392336,24.0
579254014084392336,26.0
579254014084392336,19.0
579254014084392336,22.0
579254014084392336,19.0
579254014084392336,33.0
579254014084392336,36.0
579254014084392336,19.0
579254014084392336,30.0
579254014084392336,16.0
579254014084392336,18.0
579254014084392336,21.0
579254014084392336,25.0
579254014084392336,16.0
579254014084392336,23.0
579254014084392336,16.0
579254014084392336,19.0
579254014084392336,22.0
579254014084392336,15.0
579254014084392336,30.0
579254014084392336,24.0
579254014084392336,12.0
579254014084392336,27.0
579254014084392336,28.0
579254014084392336,32.0
579254014084392336,16.0
579254014084392336,33.0
579254014084392336,21.0
579254014084392336,20.0
579254014084392336,16.0
579254014084392336,37.0
579254014084392336,28.0
579254014084392336,24.0
579254014084392336,23.0
579254014084392336,25.0
579254014084392336,28.0
579254014084392336,31.0
579254014084392336,18.0
579254014084392336,19.0
579254014084392336,21.0
579254014084392336,21.0
579254014084392336,30.0
579254014084392336,24.0
579254014084392336,24.0
579254014084392336,28.0
579254014084392336,28.0
579254014084392336,18.0
579254014084392336,22.0
579254014084392336,25.0
579254014084392336,23.0
579254014084392336,29.0
579254014084392336,35.0
579254014084392336,26.0
579254014084392336,16.0
579254014084392336,0.0
579254014084392336,16.0
579254014084392336,16.0
579254014084392336,25.0
579254014084392336,22.0
579254014084392336,26.0
579254014084392336,19.0
579254014084392336,16.0
579254014084392336,16.0
579254014084392336,19.0
579254014084392336,22.0
579254014084392336,22.0
579254014084392336,29.0
579254014084392336,26.0
579254014084392336,28.0
579254014084392336,17.0
579254014084392336,17.0
579254014084392336,17.0
579254014084392336,17.0
579254014084392336,17.0
579254014084392336,12.0
579254014084392336,26.0
579254014084392336,18.0
579254014084392336,16.0
579254014084392336,21.0
579254014084392336,27.0
579254014084392336,25.0
579254014084392336,31.0
579254014084392336,26.0
579254014084392336,15.0
579254014084392336,19.0
579254014084392336,26.0
579254014084392336,29.0
579254014084392336,14.0
579254014084392336,16.0
579254014084392336,19.0
579254014084392336,30.0
579254014084392336,18.0
579254014084392336,30.0
579254014084392336,26.0
579254014084392336,16.0
579254014084392336,26.0
579254014084392336,16.0
579254014084392336,28.0
579254014084392336,20.0
579254014084392336,26.0
579254014084392336,19.0
579254014084392336,0.0
579254014084392336,26.0
579254014084392336,24.0
579254014084392336,29.0
579254014084392336,17.0
579254014084392336,16.0
579254014084392336,16.0
579254014084392336,17.0
579254014084392336,18.0
579254014084392336,21.0
579254014084392336,16.0
579254014084392336,18.0
579254014084392336,24.0
579254014084392336,22.0
579254014084392336,28.0
579254014084392336,17.0
579254014084392336,16.0
579254014084392336,16.0
579254014084392336,0.0
579254014084392336,21.0
579254014084392336,23.0
579254014084392336,16.0
579254014084392336,16.0
579254014084392336,15.0
579254014084392336,19.0
579254014084392336,30.0
579254014084392336,16.0
579254014084392336,25.0
579254014084392336,29.0
579254014084392336,15.0
579254014084392336,35.0
579254014084392336,20.0
579254014084392336,27.0
579254014084392336,8.0
579254014084392336,17.0
579254014084392336,28.0
579254014084392336,14.0
579254014084392336,18.0
579254014084392336,16.0
579254014084392336,18.0
579254014084392336,23.0
579254014084392336,20.0
579254014084392336,21.0
579254014084392336,27.0
579254014084392336,31.0
579254014084392336,25.0
579254014084392336,9.0
579254014084392336,33.0
579254014084392336,30.0
579254014084392336,25.0
579254014084392336,22.0
579254014084392336,22.0
579254014084392336,16.0
579254014084392336,26.0
579254014084392336,26.0
579254014084392336,31.0
579254014084392336,32.0
579254014084392336,17.0
579254014084392336,32.0
579254014084392336,27.0
579254014084392336,16.0
579254014084392336,26.0
579254014084392336,19.0
579254014084392336,28.0
579254014084392336,23.0
579254014084392336,19.0
579254014084392336,19.0
579254014084392336,19.0
579254014084392336,18.0
579254014084392336,16.0
579254014084392336,25.0
579254014084392336,16.0
579254014084392336,30.0
579254014084392336,0.0
579254014084392336,26.0
579254014084392336,22.0
579254014084392336,14.0
579254014084392336,20.0
579254014084392336,22.0
579254014084392336,16.0
579254014084392336,24.0
579254014084392336,18.0
579254014084392336,28.0
579254014084392336,16.0
579254014084392336,17.0
579254014084392336,28.0
579254014084392336,20.0
579254014084392336,21.0
579254014084392336,16.0
579254014084392336,17.0
579254014084392336,17.0
579254014084392336,26.0
579254014084392336,19.0
579254014084392336,28.0
579254014084392336,16.0
579254014084392336,17.0
579254014084392336,16.0
579254014084392336,23.0
579254014084392336,30.0
579254014084392336,17.0
579254014084392336,18.0
579254014084392336,29.0
579254014084392336,26.0
579254014084392336,22.0
579254014084392336,19.0
579254014084392336,38.0
579254014084392336,26.0
579254014084392336,19.0
579254014084392336,20.0
579254014084392336,25.0
579254014084392336,16.0
579254014084392336,21.0
579254014084392336,30.0
579254014084392336,22.0
579254014084392336,30.0
579254014084392336,16.0
579254014084392336,25.0
579254014084392336,16.0
579254014084392336,16.0
579254014084392336,38.0
579254014084392336,29.0
579254014084392336,26.0
579254014084392336,25.0
579254014084392336,18.0
579254014084392336,25.0
579254014084392336,32.0
579254014084392336,18.0
579254014084392336,19.0
579254014084392336,28.0
579254014084392336,24.0
579254014084392336,16.0
579254014084392336,30.0
579254014084392336,32.0
579254014084392336,18.0
579254014084392336,16.0
579254014084392336,21.0
579254014084392336,29.0
579254014084392336,27.0
579254014084392336,28.0
579254014084392336,30.0
579254014084392336,26.0
579254014084392336,18.0
579254014084392336,20.0
579254014084392336,16.0
579254014084392336,21.0
579254014084392336,16.0
579254014084392336,31.0
579254014084392336,28.0
579254014084392336,27.0
579254014084392336,16.0
579254014084392336,23.0
579254014084392336,22.0
579254014084392336,23.0
579254014084392336,22.0
579254014084392336,29.0
579254014084392336,32.0
579254014084392336,25.0
579254014084392336,17.0
579254014084392336,22.0
579254014084392336,16.0
579254014084392336,19.0
579254014084392336,24.0
579254014084392336,16.0
579254014084392336,16.0
579254014084392336,22.0
579254014084392336,26.0
579254014084392336,18.0
579254014084392336,25.0
579254014084392336,16.0
579254014084392336,25.0
579254014084392336,28.0
579254014084392336,18.0
4352191084057402257,21.0
4352191084057402257,23.0
4352191084057402257,16.0
4352191084057402257,25.0
4352191084057402257,25.0
4352191084057402257,25.0
4352191084057402257,19.0
4352191084057402257,28.0
4352191084057402257,20.0
4352191084057402257,20.0
4352191084057402257,15.0
4352191084057402257,16.0
4352191084057402257,20.0
4352191084057402257,20.0
4352191084057402257,8.0
4352191084057402257,0.0
4352191084057402257,24.0
4352191084057402257,26.0
4352191084057402257,15.0
4352191084057402257,18.0
4352191084057402257,17.0
4352191084057402257,16.0
4352191084057402257,18.0
4352191084057402257,20.0
4352191084057402257,11.0
4352191084057402257,25.0
4352191084057402257,15.0
4352191084057402257,19.0
4352191084057402257,11.0
4352191084057402257,11.0
4352191084057402257,17.0
4352191084057402257,23.0
4352191084057402257,20.0
4352191084057402257,14.0
4352191084057402257,18.0
4352191084057402257,23.0
4352191084057402257,19.0
4352191084057402257,31.0
4352191084057402257,24.0
4352191084057402257,21.0
4352191084057402257,22.0
4352191084057402257,22.0
4352191084057402257,22.0
4352191084057402257,20.0
4352191084057402257,19.0
4352191084057402257,20.0
4352191084057402257,33.0
4352191084057402257,12.0
4352191084057402257,19.0
4352191084057402257,19.0
4352191084057402257,15.0
4352191084057402257,20.0
4352191084057402257,21.0
4352191084057402257,24.0
4352191084057402257,21.0
4352191084057402257,25.0
4352191084057402257,20.0
4352191084057402257,18.0
4352191084057402257,3.0
4352191084057402257,17.0
4352191084057402257,28.0
4352191084057402257,24.0
4352191084057402257,15.0
4352191084057402257,25.0
4352191084057402257,23.0
4352191084057402257,13.0
4352191084057402257,13.0
4352191084057402257,17.0
4352191084057402257,25.0
4352191084057402257,17.0
4352191084057402257,16.0
4352191084057402257,16.0
4352191084057402257,15.0
4352191084057402257,28.0
4352191084057402257,20.0
4352191084057402257,22.0
4352191084057402257,18.0
4352191084057402257,14.0
4352191084057402257,18.0
4352191084057402257,22.0
4352191084057402257,15.0
4352191084057402257,12.0
4352191084057402257,16.0
4352191084057402257,17.0
4352191084057402257,10.0
4352191084057402257,15.0
4352191084057402257,25.0
4352191084057402257,20.0
4352191084057402257,16.0
4352191084057402257,16.0
4352191084057402257,0.0
4352191084057402257,13.0
4352191084057402257,24.0
4352191084057402257,29.0
4352191084057402257,18.0
4352191084057402257,23.0
4352191084057402257,22.0
4352191084057402257,23.0
4352191084057402257,16.0
4352191084057402257,12.0
4352191084057402257,21.0
4352191084057402257,25.0
4352191084057402257,10.0
4352191084057402257,11.0
4352191084057402257,17.0
4352191084057402257,27.0
4352191084057402257,22.0
4352191084057402257,14.0
4352191084057402257,20.0
4352191084057402257,18.0
4352191084057402257,11.0
4352191084057402257,0.0
4352191084057402257,25.0
4352191084057402257,22.0
4352191084057402257,16.0
4352191084057402257,28.0
4352191084057402257,0.0
4352191084057402257,16.0
4352191084057402257,28.0
4352191084057402257,10.0
4352191084057402257,21.0
4352191084057402257,25.0
4352191084057402257,14.0
4352191084057402257,13.0
4352191084057402257,20.0
4352191084057402257,20.0
4352191084057402257,18.0
4352191084057402257,19.0
4352191084057402257,17.0
4352191084057402257,16.0
4352191084057402257,18.0
4352191084057402257,15.0
4352191084057402257,23.0
4352191084057402257,9.0
4352191084057402257,18.0
4352191084057402257,19.0
4352191084057402257,14.0
4352191084057402257,25.0
4352191084057402257,16.0
4352191084057402257,15.0
4352191084057402257,21.0
4352191084057402257,16.0
4352191084057402257,25.0
4352191084057402257,20.0
4352191084057402257,10.0
4352191084057402257,12.0
4352191084057402257,16.0
4352191084057402257,18.0
4352191084057402257,22.0
4352191084057402257,8.0
4352191084057402257,18.0
4352191084057402257,21.0
4352191084057402257,16.0
4352191084057402257,26.0
4352191084057402257,18.0
4352191084057402257,20.0
4352191084057402257,16.0
4352191084057402257,19.0
4352191084057402257,20.0
4352191084057402257,17.0
4352191084057402257,17.0
4352191084057402257,15.0
4352191084057402257,10.0
4352191084057402257,11.0
4352191084057402257,20.0
4352191084057402257,15.0
4352191084057402257,16.0
4352191084057402257,31.0
4352191084057402257,15.0
4352191084057402257,17.0
4352191084057402257,17.0
4352191084057402257,21.0
4352191084057402257,12.0
4352191084057402257,0.0
4352191084057402257,13.0
4352191084057402257,9.0
4352191084057402257,24.0
4352191084057402257,19.0
4352191084057402257,25.0
4352191084057402257,17.0
4352191084057402257,9.0
4352191084057402257,20.0
4352191084057402257,18.0
4352191084057402257,21.0
4352191084057402257,13.0
4352191084057402257,12.0
4352191084057402257,20.0
4352191084057402257,20.0
4352191084057402257,27.0
4352191084057402257,10.0
4352191084057402257,13.0
4352191084057402257,16.0
4352191084057402257,14.0
4352191084057402257,30.0
4352191084057402257,16.0
4352191084057402257,18.0
4352191084057402257,25.0
4352191084057402257,18.0
4352191084057402257,20.0
4352191084057402257,15.0
4352191084057402257,15.0
4352191084057402257,17.0
4352191084057402257,21.0
4352191084057402257,15.0
4352191084057402257,10.0
4352191084057402257,16.0
4352191084057402257,25.0
4352191084057402257,20.0
4352191084057402257,12.0
4352191084057402257,24.0
4352191084057402257,23.0
4352191084057402257,16.0
4352191084057402257,19.0
4352191084057402257,12.0
4352191084057402257,9.0
4352191084057402257,19.0
4352191084057402257,27.0
4352191084057402257,11.0
4352191084057402257,25.0
4352191084057402257,20.0
4352191084057402257,20.0
4352191084057402257,25.0
4352191084057402257,20.0
4352191084057402257,11.0
4352191084057402257,25.0
4352191084057402257,23.0
4352191084057402257,22.0
4352191084057402257,9.0
4352191084057402257,14.0
4352191084057402257,25.0
4352191084057402257,27.0
4352191084057402257,13.0
4352191084057402257,19.0
4352191084057402257,16.0
4352191084057402257,14.0
4352191084057402257,24.0
4352191084057402257,24.0
4352191084057402257,18.0
4352191084057402257,24.0
4352191084057402257,15.0
4352191084057402257,25.0
4352191084057402257,20.0
4352191084057402257,14.0
4352191084057402257,28.0
4352191084057402257,12.0
4352191084057402257,15.0
4352191084057402257,15.0
4352191084057402257,21.0
4352191084057402257,20.0
4352191084057402257,11.0
4352191084057402257,20.0
4352191084057402257,25.0
4352191084057402257,14.0
4352191084057402257,25.0
4352191084057402257,26.0
4352191084057402257,15.0
4352191084057402257,20.0
4352191084057402257,25.0
4352191084057402257,15.0
4352191084057402257,16.0
4352191084057402257,11.0
4352191084057402257,25.0
4352191084057402257,21.0
4352191084057402257,19.0
4352191084057402257,17.0
4352191084057402257,19.0
4352191084057402257,11.0
4352191084057402257,18.0
4352191084057402257,21.0
4352191084057402257,10.0
4352191084057402257,18.0
4352191084057402257,17.0
4352191084057402257,29.0
4352191084057402257,17.0
4352191084057402257,18.0
4352191084057402257,25.0
4352191084057402257,18.0
4352191084057402257,15.0
4352191084057402257,12.0
4352191084057402257,21.0
4352191084057402257,16.0
4352191084057402257,24.0
4352191084057402257,19.0
4352191084057402257,16.0
4352191084057402257,18.0
4352191084057402257,18.0
4352191084057402257,21.0
4352191084057402257,15.0
4352191084057402257,12.0
4352191084057402257,20.0
4352191084057402257,13.0
4352191084057402257,15.0
4352191084057402257,13.0
4352191084057402257,20.0
4352191084057402257,19.0
4352191084057402257,15.0
4352191084057402257,18.0
4352191084057402257,24.0
4352191084057402257,18.0
4352191084057402257,22.0
4352191084057402257,14.0
4352191084057402257,18.0
4352191084057402257,18.0
4352191084057402257,21.0
4352191084057402257,9.0
4352191084057402257,16.0
4352191084057402257,14.0
4352191084057402257,18.0
4352191084057402257,15.0
4352191084057402257,15.0
4352191084057402257,15.0
4352191084057402257,14.0
4352191084057402257,20.0
4352191084057402257,21.0
4352191084057402257,22.0
4352191084057402257,25.0
4352191084057402257,19.0
4352191084057402257,11.0
4352191084057402257,27.0
4352191084057402257,22.0
4352191084057402257,14.0
4352191084057402257,24.0
4352191084057402257,0.0
4352191084057402257,18.0
4352191084057402257,13.0
4352191084057402257,20.0
4352191084057402257,16.0
4352191084057402257,12.0
4352191084057402257,24.0
4352191084057402257,17.0
4352191084057402257,14.0
4352191084057402257,17.0
4352191084057402257,17.0
4352191084057402257,19.0
4352191084057402257,16.0
4352191084057402257,30.0
4352191084057402257,11.0
4352191084057402257,15.0
4352191084057402257,19.0
4352191084057402257,23.0
4352191084057402257,19.0
4352191084057402257,21.0
4352191084057402257,11.0
4352191084057402257,11.0
4352191084057402257,25.0
4352191084057402257,12.0
4352191084057402257,18.0
4352191084057402257,14.0
4352191084057402257,12.0
4352191084057402257,17.0
4352191084057402257,18.0
4352191084057402257,32.0
4352191084057402257,16.0
4352191084057402257,14.0
4352191084057402257,22.0
4352191084057402257,15.0
4352191084057402257,16.0
4352191084057402257,25.0
4352191084057402257,18.0
4352191084057402257,10.0
4352191084057402257,14.0
4352191084057402257,16.0
4352191084057402257,15.0
4352191084057402257,22.0
4352191084057402257,25.0
4352191084057402257,25.0
4352191084057402257,25.0
4352191084057402257,10.0
4352191084057402257,21.0
4352191084057402257,21.0
4352191084057402257,25.0
4352191084057402257,10.0
4352191084057402257,19.0
4352191084057402257,13.0
4352191084057402257,18.0
4352191084057402257,18.0
4352191084057402257,16.0
4352191084057402257,30.0
4352191084057402257,21.0
4352191084057402257,18.0
4352191084057402257,15.0
4352191084057402257,16.0
4352191084057402257,14.0
4352191084057402257,22.0
4352191084057402257,11.0
4352191084057402257,10.0
4352191084057402257,18.0
4352191084057402257,23.0
4352191084057402257,16.0
4352191084057402257,24.0
4352191084057402257,13.0
4352191084057402257,19.0
4352191084057402257,18.0
4352191084057402257,20.0
4352191084057402257,0.0
4352191084057402257,20.0
4352191084057402257,16.0
4352191084057402257,14.0
4352191084057402257,25.0
4352191084057402257,17.0
4352191084057402257,21.0
4352191084057402257,14.0
4352191084057402257,23.0
4352191084057402257,11.0
4352191084057402257,20.0
4352191084057402257,24.0
4352191084057402257,19.0
4352191084057402257,14.0
4352191084057402257,19.0
4352191084057402257,14.0
4352191084057402257,17.0
4352191084057402257,18.0
4352191084057402257,22.0
4352191084057402257,21.0
4352191084057402257,19.0
4352191084057402257,16.0
4352191084057402257,22.0
4352191084057402257,18.0
4352191084057402257,24.0
4352191084057402257,25.0
4352191084057402257,15.0
4352191084057402257,19.0
4352191084057402257,19.0
4352191084057402257,17.0
4352191084057402257,14.0
4352191084057402257,16.0
4352191084057402257,22.0
4352191084057402257,20.0
4352191084057402257,18.0
4352191084057402257,12.0
4352191084057402257,20.0
4352191084057402257,15.0
4352191084057402257,17.0
4352191084057402257,25.0
4352191084057402257,17.0
4352191084057402257,15.0
4352191084057402257,23.0
4352191084057402257,18.0
4352191084057402257,17.0
4352191084057402257,20.0
4352191084057402257,16.0
4352191084057402257,13.0
4352191084057402257,19.0
4352191084057402257,11.0
4352191084057402257,17.0
4352191084057402257,20.0
4352191084057402257,15.0
4352191084057402257,25.0
4352191084057402257,14.0
4352191084057402257,10.0
4352191084057402257,20.0
4352191084057402257,0.0
4352191084057402257,18.0
4352191084057402257,25.0
4352191084057402257,15.0
4352191084057402257,19.0
4352191084057402257,19.0
4352191084057402257,19.0
4352191084057402257,10.0
4352191084057402257,15.0
4352191084057402257,20.0
4352191084057402257,15.0
4352191084057402257,24.0
4352191084057402257,18.0
4352191084057402257,17.0
4352191084057402257,10.0
4352191084057402257,20.0
4352191084057402257,14.0
4352191084057402257,16.0
4352191084057402257,0.0
4352191084057402257,25.0
4352191084057402257,23.0
4352191084057402257,19.0
4352191084057402257,16.0
4352191084057402257,21.0
4352191084057402257,11.0
4352191084057402257,19.0
4352191084057402257,23.0
4352191084057402257,12.0
4352191084057402257,28.0
4352191084057402257,10.0
4352191084057402257,17.0
4352191084057402257,43.0
4352191084057402257,0.0
4352191084057402257,14.0
4352191084057402257,24.0
4352191084057402257,16.0
4352191084057402257,20.0
4352191084057402257,20.0
4352191084057402257,15.0
4352191084057402257,20.0
4352191084057402257,25.0
4352191084057402257,15.0
4352191084057402257,15.0
4352191084057402257,15.0
4352191084057402257,25.0
4352191084057402257,20.0
4352191084057402257,21.0
4352191084057402257,17.0
4352191084057402257,21.0
4352191084057402257,17.0
4352191084057402257,13.0
4352191084057402257,25.0
4352191084057402257,20.0
4352191084057402257,30.0
4352191084057402257,12.0
4352191084057402257,17.0
4352191084057402257,24.0
4352191084057402257,19.0
4352191084057402257,15.0
4352191084057402257,18.0
4352191084057402257,25.0
4352191084057402257,14.0
4352191084057402257,25.0
4352191084057402257,21.0
4352191084057402257,21.0
4352191084057402257,7.0
4352191084057402257,20.0
4352191084057402257,14.0
4352191084057402257,10.0
4352191084057402257,17.0
4352191084057402257,25.0
4352191084057402257,11.0
4352191084057402257,12.0
4352191084057402257,20.0
4352191084057402257,25.0
4352191084057402257,20.0
4352191084057402257,20.0
4352191084057402257,20.0
4352191084057402257,25.0
4352191084057402257,16.0
4352191084057402257,25.0
4352191084057402257,14.0
4352191084057402257,18.0
4352191084057402257,17.0
4352191084057402257,20.0
4352191084057402257,25.0
4352191084057402257,17.0
4352191084057402257,20.0
4352191084057402257,19.0
4352191084057402257,20.0
4352191084057402257,16.0
4352191084057402257,20.0
4352191084057402257,25.0
4352191084057402257,31.0
4352191084057402257,22.0
4352191084057402257,23.0
4352191084057402257,17.0
4352191084057402257,25.0
4352191084057402257,16.0
4352191084057402257,12.0
4352191084057402257,22.0
4352191084057402257,17.0
4352191084057402257,25.0
4352191084057402257,10.0
4352191084057402257,11.0
4352191084057402257,12.0
4352191084057402257,20.0
4352191084057402257,12.0
4352191084057402257,17.0
4352191084057402257,16.0
4352191084057402257,20.0
4352191084057402257,18.0
4352191084057402257,19.0
4352191084057402257,20.0
4352191084057402257,18.0
4352191084057402257,18.0
4352191084057402257,16.0
4352191084057402257,10.0
4352191084057402257,20.0
4352191084057402257,21.0
4352191084057402257,23.0
4352191084057402257,15.0
4352191084057402257,26.0
4352191084057402257,28.0
4352191084057402257,19.0
4352191084057402257,26.0
4352191084057402257,25.0
4352191084057402257,25.0
4352191084057402257,18.0
4352191084057402257,26.0
4352191084057402257,24.0
4352191084057402257,20.0
4352191084057402257,24.0
4352191084057402257,20.0
4352191084057402257,20.0
4352191084057402257,23.0
4352191084057402257,20.0
4352191084057402257,18.0
4352191084057402257,16.0
4352191084057402257,20.0
4352191084057402257,19.0
4352191084057402257,25.0
4352191084057402257,19.0
4352191084057402257,22.0
4352191084057402257,19.0
4352191084057402257,25.0
4352191084057402257,17.0
5863607150722936210,24.0
5863607150722936210,14.0
5863607150722936210,13.0
5863607150722936210,22.0
5863607150722936210,15.0
5863607150722936210,21.0
5863607150722936210,20.0
5863607150722936210,28.0
5863607150722936210,25.0
5863607150722936210,27.0
5863607150722936210,17.0
5863607150722936210,29.0
5863607150722936210,29.0
5863607150722936210,11.0
5863607150722936210,16.0
5863607150722936210,20.0
5863607150722936210,24.0
5863607150722936210,17.0
5863607150722936210,24.0
5863607150722936210,17.0
5863607150722936210,10.0
5863607150722936210,31.0
5863607150722936210,18.0
5863607150722936210,28.0
5863607150722936210,24.0
5863607150722936210,19.0
5863607150722936210,27.0
5863607150722936210,21.0
5863607150722936210,18.0
5863607150722936210,18.0
5863607150722936210,10.0
5863607150722936210,20.0
5863607150722936210,16.0
5863607150722936210,22.0
5863607150722936210,17.0
5863607150722936210,22.0
5863607150722936210,47.0
5863607150722936210,15.0
5863607150722936210,24.0
5863607150722936210,29.0
5863607150722936210,33.0
5863607150722936210,19.0
5863607150722936210,11.0
5863607150722936210,13.0
5863607150722936210,20.0
5863607150722936210,21.0
5863607150722936210,19.0
5863607150722936210,20.0
5863607150722936210,18.0
5863607150722936210,17.0
5863607150722936210,28.0
5863607150722936210,16.0
5863607150722936210,23.0
5863607150722936210,23.0
5863607150722936210,28.0
5863607150722936210,24.0
5863607150722936210,16.0
5863607150722936210,18.0
5863607150722936210,27.0
5863607150722936210,19.0
5863607150722936210,24.0
5863607150722936210,21.0
5863607150722936210,16.0
5863607150722936210,29.0
5863607150722936210,15.0
5863607150722936210,21.0
5863607150722936210,21.0
5863607150722936210,17.0
5863607150722936210,16.0
5863607150722936210,18.0
5863607150722936210,21.0
5863607150722936210,28.0
5863607150722936210,25.0
5863607150722936210,21.0
5863607150722936210,24.0
5863607150722936210,17.0
5863607150722936210,26.0
5863607150722936210,23.0
5863607150722936210,16.0
5863607150722936210,17.0
5863607150722936210,17.0
5863607150722936210,20.0
5863607150722936210,26.0
5863607150722936210,17.0
5863607150722936210,25.0
5863607150722936210,28.0
5863607150722936210,18.0
5863607150722936210,18.0
5863607150722936210,17.0
5863607150722936210,28.0
5863607150722936210,26.0
5863607150722936210,21.0
5863607150722936210,21.0
5863607150722936210,29.0
5863607150722936210,18.0
5863607150722936210,16.0
5863607150722936210,43.0
5863607150722936210,18.0
5863607150722936210,16.0
5863607150722936210,28.0
5863607150722936210,28.0
5863607150722936210,14.0
5863607150722936210,34.0
5863607150722936210,25.0
5863607150722936210,18.0
5863607150722936210,19.0
5863607150722936210,29.0
5863607150722936210,12.0
5863607150722936210,19.0
5863607150722936210,16.0
5863607150722936210,15.0
5863607150722936210,16.0
5863607150722936210,21.0
5863607150722936210,17.0
5863607150722936210,13.0
5863607150722936210,26.0
5863607150722936210,19.0
5863607150722936210,14.0
5863607150722936210,14.0
5863607150722936210,10.0
5863607150722936210,27.0
5863607150722936210,23.0
5863607150722936210,15.0
5863607150722936210,16.0
5863607150722936210,14.0
5863607150722936210,25.0
5863607150722936210,20.0
5863607150722936210,20.0
5863607150722936210,19.0
5863607150722936210,20.0
5863607150722936210,27.0
5863607150722936210,23.0
5863607150722936210,26.0
5863607150722936210,18.0
5863607150722936210,18.0
5863607150722936210,19.0
5863607150722936210,18.0
5863607150722936210,20.0
5863607150722936210,23.0
5863607150722936210,14.0
5863607150722936210,26.0
5863607150722936210,14.0
5863607150722936210,19.0
5863607150722936210,14.0
5863607150722936210,17.0
5863607150722936210,15.0
5863607150722936210,14.0
5863607150722936210,15.0
5863607150722936210,17.0
5863607150722936210,22.0
5863607150722936210,14.0
5863607150722936210,26.0
5863607150722936210,14.0
5863607150722936210,16.0
5863607150722936210,16.0
5863607150722936210,12.0
5863607150722936210,10.0
5863607150722936210,18.0
5863607150722936210,25.0
5863607150722936210,17.0
5863607150722936210,16.0
5863607150722936210,17.0
5863607150722936210,28.0
5863607150722936210,20.0
5863607150722936210,20.0
5863607150722936210,19.0
5863607150722936210,14.0
5863607150722936210,32.0
5863607150722936210,26.0
5863607150722936210,28.0
5863607150722936210,21.0
5863607150722936210,20.0
5863607150722936210,20.0
5863607150722936210,20.0
5863607150722936210,39.0
5863607150722936210,24.0
5863607150722936210,15.0
5863607150722936210,29.0
5863607150722936210,28.0
5863607150722936210,21.0
5863607150722936210,17.0
5863607150722936210,15.0
5863607150722936210,18.0
5863607150722936210,20.0
5863607150722936210,28.0
5863607150722936210,27.0
5863607150722936210,26.0
5863607150722936210,24.0
5863607150722936210,31.0
5863607150722936210,11.0
5863607150722936210,15.0
5863607150722936210,20.0
5863607150722936210,19.0
5863607150722936210,19.0
5863607150722936210,18.0
5863607150722936210,17.0
5863607150722936210,16.0
5863607150722936210,16.0
5863607150722936210,16.0
5863607150722936210,28.0
5863607150722936210,13.0
5863607150722936210,10.0
5863607150722936210,19.0
5863607150722936210,22.0
5863607150722936210,15.0
5863607150722936210,23.0
5863607150722936210,28.0
5863607150722936210,12.0
5863607150722936210,16.0
5863607150722936210,18.0
5863607150722936210,16.0
5863607150722936210,31.0
5863607150722936210,20.0
5863607150722936210,29.0
5863607150722936210,18.0
5863607150722936210,17.0
5863607150722936210,29.0
5863607150722936210,25.0
5863607150722936210,14.0
5863607150722936210,24.0
5863607150722936210,14.0
5863607150722936210,20.0
5863607150722936210,26.0
5863607150722936210,19.0
5863607150722936210,23.0
5863607150722936210,18.0
5863607150722936210,12.0
5863607150722936210,24.0
5863607150722936210,18.0
5863607150722936210,22.0
5863607150722936210,21.0
5863607150722936210,19.0
5863607150722936210,21.0
5863607150722936210,20.0
5863607150722936210,17.0
5863607150722936210,20.0
5863607150722936210,20.0
5863607150722936210,22.0
5863607150722936210,29.0
5863607150722936210,17.0
5863607150722936210,21.0
5863607150722936210,23.0
5863607150722936210,17.0
5863607150722936210,31.0
5863607150722936210,18.0
5863607150722936210,24.0
5863607150722936210,14.0
5863607150722936210,19.0
5863607150722936210,25.0
5863607150722936210,16.0
5863607150722936210,17.0
5863607150722936210,19.0
5863607150722936210,11.0
5863607150722936210,20.0
5863607150722936210,16.0
5863607150722936210,18.0
5863607150722936210,18.0
5863607150722936210,19.0
5863607150722936210,22.0
5863607150722936210,17.0
5863607150722936210,13.0
5863607150722936210,18.0
5863607150722936210,16.0
5863607150722936210,21.0
5863607150722936210,23.0
5863607150722936210,13.0
5863607150722936210,14.0
5863607150722936210,17.0
5863607150722936210,26.0
5863607150722936210,31.0
5863607150722936210,28.0
5863607150722936210,24.0
5863607150722936210,14.0
5863607150722936210,18.0
5863607150722936210,14.0
5863607150722936210,13.0
5863607150722936210,18.0
5863607150722936210,16.0
5863607150722936210,18.0
5863607150722936210,22.0
5863607150722936210,17.0
5863607150722936210,20.0
5863607150722936210,20.0
5863607150722936210,21.0
5863607150722936210,30.0
5863607150722936210,22.0
5863607150722936210,19.0
5863607150722936210,17.0
5863607150722936210,16.0
5863607150722936210,20.0
5863607150722936210,16.0
5863607150722936210,22.0
5863607150722936210,18.0
5863607150722936210,35.0
5863607150722936210,15.0
5863607150722936210,21.0
5863607150722936210,24.0
5863607150722936210,13.0
5863607150722936210,15.0
5863607150722936210,21.0
5863607150722936210,17.0
5863607150722936210,30.0
5863607150722936210,24.0
5863607150722936210,22.0
5863607150722936210,27.0
5863607150722936210,14.0
5863607150722936210,16.0
5863607150722936210,18.0
5863607150722936210,18.0
5863607150722936210,22.0
5863607150722936210,15.0
5863607150722936210,16.0
5863607150722936210,24.0
5863607150722936210,18.0
5863607150722936210,14.0
5863607150722936210,21.0
5863607150722936210,15.0
5863607150722936210,27.0
5863607150722936210,11.0
5863607150722936210,16.0
5863607150722936210,16.0
5863607150722936210,24.0
5863607150722936210,25.0
5863607150722936210,29.0
5863607150722936210,20.0
5863607150722936210,15.0
5863607150722936210,19.0
5863607150722936210,17.0
5863607150722936210,21.0
5863607150722936210,15.0
5863607150722936210,15.0
5863607150722936210,24.0
5863607150722936210,16.0
5863607150722936210,21.0
5863607150722936210,25.0
5863607150722936210,14.0
5863607150722936210,18.0
5863607150722936210,27.0
5863607150722936210,13.0
5863607150722936210,25.0
5863607150722936210,18.0
5863607150722936210,18.0
5863607150722936210,16.0
5863607150722936210,21.0
5863607150722936210,23.0
5863607150722936210,25.0
5863607150722936210,22.0
5863607150722936210,25.0
5863607150722936210,39.0
5863607150722936210,25.0
5863607150722936210,24.0
5863607150722936210,28.0
5863607150722936210,17.0
5863607150722936210,22.0
5863607150722936210,20.0
5863607150722936210,15.0
5863607150722936210,22.0
5863607150722936210,13.0
5863607150722936210,17.0
5863607150722936210,22.0
5863607150722936210,11.0
5863607150722936210,20.0
5863607150722936210,25.0
5863607150722936210,21.0
5863607150722936210,19.0
5863607150722936210,18.0
5863607150722936210,21.0
5863607150722936210,21.0
5863607150722936210,16.0
5863607150722936210,16.0
5863607150722936210,17.0
5863607150722936210,25.0
5863607150722936210,27.0
5863607150722936210,24.0
5863607150722936210,25.0
5863607150722936210,25.0
5863607150722936210,18.0
5863607150722936210,25.0
5863607150722936210,32.0
5863607150722936210,19.0
5863607150722936210,15.0
5863607150722936210,25.0
5863607150722936210,15.0
5863607150722936210,25.0
5863607150722936210,22.0
5863607150722936210,23.0
5863607150722936210,36.0
5863607150722936210,17.0
5863607150722936210,19.0
5863607150722936210,16.0
5863607150722936210,20.0
5863607150722936210,16.0
5863607150722936210,29.0
5863607150722936210,13.0
5863607150722936210,23.0
5863607150722936210,20.0
5863607150722936210,28.0
5863607150722936210,17.0
5863607150722936210,17.0
5863607150722936210,14.0
5863607150722936210,14.0
5863607150722936210,18.0
5863607150722936210,19.0
5863607150722936210,22.0
5863607150722936210,17.0
5863607150722936210,22.0
5863607150722936210,16.0
5863607150722936210,24.0
5863607150722936210,28.0
5863607150722936210,13.0
5863607150722936210,18.0
5863607150722936210,25.0
5863607150722936210,17.0
5863607150722936210,25.0
5863607150722936210,25.0
5863607150722936210,23.0
5863607150722936210,25.0
5863607150722936210,28.0
5863607150722936210,14.0
5863607150722936210,23.0
5863607150722936210,18.0
5863607150722936210,16.0
5863607150722936210,22.0
5863607150722936210,10.0
5863607150722936210,26.0
5863607150722936210,24.0
5863607150722936210,19.0
5863607150722936210,26.0
5863607150722936210,16.0
5863607150722936210,13.0
5863607150722936210,26.0
5863607150722936210,16.0
5863607150722936210,19.0
5863607150722936210,20.0
5863607150722936210,23.0
5863607150722936210,25.0
5863607150722936210,17.0
5863607150722936210,37.0
5863607150722936210,20.0
5863607150722936210,18.0
5863607150722936210,18.0
5863607150722936210,16.0
5863607150722936210,23.0
5863607150722936210,16.0
5863607150722936210,24.0
5863607150722936210,18.0
5863607150722936210,24.0
5863607150722936210,11.0
5863607150722936210,11.0
5863607150722936210,16.0
5863607150722936210,39.0
5863607150722936210,18.0
5863607150722936210,16.0
5863607150722936210,20.0
5863607150722936210,29.0
5863607150722936210,15.0
5863607150722936210,29.0
5863607150722936210,15.0
5863607150722936210,14.0
5863607150722936210,21.0
5863607150722936210,13.0
5863607150722936210,19.0
5863607150722936210,23.0
5863607150722936210,20.0
5863607150722936210,19.0
5863607150722936210,17.0
5863607150722936210,20.0
5863607150722936210,9.0
5863607150722936210,20.0
5863607150722936210,16.0
5863607150722936210,18.0
5863607150722936210,17.0
5863607150722936210,20.0
5863607150722936210,26.0
5863607150722936210,26.0
5863607150722936210,18.0
5863607150722936210,26.0
5863607150722936210,16.0
5863607150722936210,13.0
5863607150722936210,16.0
5863607150722936210,18.0
5863607150722936210,27.0
5863607150722936210,22.0
5863607150722936210,21.0
5863607150722936210,31.0
5863607150722936210,22.0
5863607150722936210,17.0
5863607150722936210,21.0
5863607150722936210,28.0
5863607150722936210,19.0
5863607150722936210,17.0
5863607150722936210,27.0
5863607150722936210,22.0
5863607150722936210,15.0
5863607150722936210,25.0
5863607150722936210,22.0
5863607150722936210,15.0
5863607150722936210,21.0
5863607150722936210,23.0
5863607150722936210,24.0
5863607150722936210,19.0
5863607150722936210,21.0
5863607150722936210,16.0
5863607150722936210,16.0
5863607150722936210,17.0
5863607150722936210,13.0
5863607150722936210,19.0
5863607150722936210,29.0
5863607150722936210,15.0
5863607150722936210,17.0
5863607150722936210,16.0
5863607150722936210,16.0
5863607150722936210,19.0
5863607150722936210,23.0
5863607150722936210,23.0
5863607150722936210,19.0
5863607150722936210,16.0
5863607150722936210,23.0
5863607150722936210,19.0
5863607150722936210,18.0
5863607150722936210,13.0
5863607150722936210,18.0
5863607150722936210,13.0
5863607150722936210,19.0
5863607150722936210,21.0
5863607150722936210,19.0
5863607150722936210,28.0
5863607150722936210,28.0
5863607150722936210,22.0
5863607150722936210,18.0
5863607150722936210,20.0
5863607150722936210,18.0
5863607150722936210,25.0
5863607150722936210,28.0
5863607150722936210,19.0
5863607150722936210,19.0
5863607150722936210,23.0
5863607150722936210,21.0
5863607150722936210,19.0
5863607150722936210,24.0
5863607150722936210,20.0
5863607150722936210,28.0
5863607150722936210,13.0
5863607150722936210,12.0
5863607150722936210,10.0
5863607150722936210,26.0
5863607150722936210,16.0
5863607150722936210,21.0
5863607150722936210,18.0
5863607150722936210,26.0
5863607150722936210,25.0
5863607150722936210,24.0
5863607150722936210,21.0
5863607150722936210,25.0
5863607150722936210,17.0
5863607150722936210,16.0
5863607150722936210,15.0
5863607150722936210,14.0
5863607150722936210,17.0
5863607150722936210,21.0
5863607150722936210,14.0
5863607150722936210,25.0
5863607150722936210,19.0
5863607150722936210,14.0
5863607150722936210,18.0
5863607150722936210,15.0
5863607150722936210,21.0
5863607150722936210,19.0
5863607150722936210,22.0
5863607150722936210,17.0
5863607150722936210,23.0
5863607150722936210,27.0
5863607150722936210,21.0
5863607150722936210,25.0
5863607150722936210,21.0
5863607150722936210,16.0
5863607150722936210,29.0
5863607150722936210,21.0
5863607150722936210,19.0
5863607150722936210,25.0
5863607150722936210,13.0
5863607150722936210,20.0
5863607150722936210,15.0
5863607150722936210,18.0
5863607150722936210,22.0
5863607150722936210,15.0
5863607150722936210,13.0
5863607150722936210,18.0
5863607150722936210,18.0
5863607150722936210,19.0
5863607150722936210,17.0
5863607150722936210,22.0
5863607150722936210,30.0
5863607150722936210,19.0
5863607150722936210,25.0
5863607150722936210,24.0
5863607150722936210,25.0
5863607150722936210,19.0
5863607150722936210,22.0
5863607150722936210,16.0
5863607150722936210,17.0
5863607150722936210,24.0
5863607150722936210,17.0
5863607150722936210,42.0
5863607150722936210,24.0
5863607150722936210,28.0
5863607150722936210,34.0
5863607150722936210,22.0
5863607150722936210,27.0
5863607150722936210,13.0
5863607150722936210,21.0
5863607150722936210,20.0
5863607150722936210,16.0
5863607150722936210,22.0
5863607150722936210,21.0
5863607150722936210,18.0
5863607150722936210,17.0
5863607150722936210,20.0
5863607150722936210,20.0
5863607150722936210,19.0
5863607150722936210,13.0
5863607150722936210,24.0
5863607150722936210,17.0
5863607150722936210,20.0
5863607150722936210,25.0
5863607150722936210,19.0
5863607150722936210,26.0
5863607150722936210,27.0
5863607150722936210,23.0
5863607150722936210,29.0
5863607150722936210,11.0
5863607150722936210,16.0
5863607150722936210,22.0
5863607150722936210,27.0
5863607150722936210,16.0
5863607150722936210,15.0
5863607150722936210,12.0
5863607150722936210,32.0
5863607150722936210,18.0
5863607150722936210,18.0
5863607150722936210,17.0
5863607150722936210,21.0
5863607150722936210,20.0
5863607150722936210,19.0
5863607150722936210,26.0
5863607150722936210,33.0
5863607150722936210,17.0
5863607150722936210,22.0
5863607150722936210,22.0
5863607150722936210,17.0
5863607150722936210,16.0
5863607150722936210,25.0
5863607150722936210,21.0
5863607150722936210,11.0
5863607150722936210,17.0
5863607150722936210,18.0
5863607150722936210,17.0
5863607150722936210,27.0
5863607150722936210,26.0
5863607150722936210,18.0
5863607150722936210,29.0
5863607150722936210,20.0
5863607150722936210,13.0
5863607150722936210,18.0
5863607150722936210,13.0
5863607150722936210,16.0
5863607150722936210,18.0
5863607150722936210,15.0
5863607150722936210,26.0
5863607150722936210,21.0
5863607150722936210,16.0
5863607150722936210,11.0
5863607150722936210,18.0
5863607150722936210,29.0
5863607150722936210,22.0
5863607150722936210,19.0
5863607150722936210,21.0
5863607150722936210,27.0
5863607150722936210,29.0
5863607150722936210,17.0
5863607150722936210,14.0
5863607150722936210,24.0
5863607150722936210,20.0
5863607150722936210,22.0
5863607150722936210,16.0
5863607150722936210,19.0
5863607150722936210,12.0
5863607150722936210,12.0
5863607150722936210,22.0
5863607150722936210,10.0
5863607150722936210,19.0
5863607150722936210,18.0
5863607150722936210,14.0
5863607150722936210,24.0
5863607150722936210,16.0
5863607150722936210,17.0
5863607150722936210,19.0
5863607150722936210,17.0
5863607150722936210,22.0
5863607150722936210,13.0
5863607150722936210,16.0
5863607150722936210,16.0
5863607150722936210,23.0
5863607150722936210,14.0
5863607150722936210,32.0
5863607150722936210,16.0
5863607150722936210,18.0
5863607150722936210,16.0
5863607150722936210,16.0
5863607150722936210,16.0
5863607150722936210,9.0
5863607150722936210,13.0
5863607150722936210,12.0
5863607150722936210,26.0
5863607150722936210,15.0
5863607150722936210,13.0
5863607150722936210,14.0
5863607150722936210,8.0
5863607150722936210,14.0
5863607150722936210,21.0
5863607150722936210,17.0
5863607150722936210,11.0
5863607150722936210,13.0
5863607150722936210,24.0
-3908355835367628651,14.0
-3908355835367628651,25.0
-3908355835367628651,28.0
-3908355835367628651,17.0
-3908355835367628651,16.0
-3908355835367628651,16.0
-3908355835367628651,20.0
-3908355835367628651,20.0
-3908355835367628651,21.0
-3908355835367628651,20.0
-3908355835367628651,23.0
-3908355835367628651,40.0
-3908355835367628651,24.0
-3908355835367628651,28.0
-3908355835367628651,16.0
-3908355835367628651,20.0
-3908355835367628651,12.0
-3908355835367628651,17.0
-3908355835367628651,24.0
-3908355835367628651,18.0
-3908355835367628651,20.0
-3908355835367628651,23.0
-3908355835367628651,16.0
-3908355835367628651,18.0
-3908355835367628651,19.0
-3908355835367628651,17.0
-3908355835367628651,19.0
-3908355835367628651,20.0
-3908355835367628651,16.0
-3908355835367628651,22.0
-3908355835367628651,21.0
-3908355835367628651,26.0
-3908355835367628651,19.0
-3908355835367628651,14.0
-3908355835367628651,0.0
-3908355835367628651,18.0
-3908355835367628651,17.0
-3908355835367628651,13.0
-3908355835367628651,34.0
-3908355835367628651,25.0
-3908355835367628651,16.0
-3908355835367628651,19.0
-3908355835367628651,24.0
-3908355835367628651,17.0
-3908355835367628651,23.0
-3908355835367628651,19.0
-3908355835367628651,38.0
-3908355835367628651,21.0
-3908355835367628651,16.0
-3908355835367628651,17.0
-3908355835367628651,19.0
-3908355835367628651,24.0
-3908355835367628651,26.0
-3908355835367628651,19.0
-3908355835367628651,14.0
-3908355835367628651,18.0
-3908355835367628651,17.0
-3908355835367628651,6.0
-3908355835367628651,17.0
-3908355835367628651,25.0
-3908355835367628651,14.0
-3908355835367628651,26.0
-3908355835367628651,18.0
-3908355835367628651,19.0
-3908355835367628651,20.0
-3908355835367628651,18.0
-3908355835367628651,20.0
-3908355835367628651,19.0
-3908355835367628651,13.0
-3908355835367628651,16.0
-3908355835367628651,16.0
-3908355835367628651,20.0
-3908355835367628651,21.0
-3908355835367628651,19.0
-3908355835367628651,24.0
-3908355835367628651,20.0
-3908355835367628651,24.0
-3908355835367628651,26.0
-3908355835367628651,18.0
-3908355835367628651,23.0
-3908355835367628651,23.0
-3908355835367628651,6.0
-3908355835367628651,15.0
-3908355835367628651,31.0
-3908355835367628651,20.0
-3908355835367628651,14.0
-3908355835367628651,24.0
-3908355835367628651,29.0
-3908355835367628651,20.0
-3908355835367628651,14.0
-3908355835367628651,23.0
-3908355835367628651,10.0
-3908355835367628651,21.0
-3908355835367628651,16.0
-3908355835367628651,16.0
-3908355835367628651,14.0
-3908355835367628651,22.0
-3908355835367628651,16.0
-3908355835367628651,19.0
-3908355835367628651,18.0
-3908355835367628651,16.0
-3908355835367628651,18.0
-3908355835367628651,21.0
-3908355835367628651,22.0
-3908355835367628651,24.0
-3908355835367628651,18.0
-3908355835367628651,22.0
-3908355835367628651,23.0
-3908355835367628651,18.0
-3908355835367628651,18.0
-3908355835367628651,19.0
-3908355835367628651,18.0
-3908355835367628651,38.0
-3908355835367628651,9.0
-3908355835367628651,21.0
-3908355835367628651,16.0
-3908355835367628651,25.0
-3908355835367628651,14.0
-3908355835367628651,18.0
-3908355835367628651,19.0
-3908355835367628651,17.0
-3908355835367628651,22.0
-3908355835367628651,19.0
-3908355835367628651,17.0
-3908355835367628651,27.0
-3908355835367628651,20.0
-3908355835367628651,22.0
-3908355835367628651,20.0
-3908355835367628651,16.0
-3908355835367628651,20.0
-3908355835367628651,29.0
-3908355835367628651,15.0
-3908355835367628651,20.0
-3908355835367628651,17.0
-3908355835367628651,22.0
-3908355835367628651,19.0
-3908355835367628651,17.0
-3908355835367628651,21.0
-3908355835367628651,23.0
-3908355835367628651,27.0
-3908355835367628651,17.0
-3908355835367628651,18.0
-3908355835367628651,23.0
-3908355835367628651,20.0
-3908355835367628651,15.0
-3908355835367628651,19.0
-3908355835367628651,13.0
-3908355835367628651,22.0
-3908355835367628651,22.0
-3908355835367628651,24.0
-3908355835367628651,21.0
-3908355835367628651,17.0
-3908355835367628651,13.0
-3908355835367628651,16.0
-3908355835367628651,27.0
-3908355835367628651,20.0
-3908355835367628651,15.0
-3908355835367628651,20.0
-3908355835367628651,21.0
-3908355835367628651,19.0
-3908355835367628651,20.0
-3908355835367628651,18.0
-3908355835367628651,13.0
-3908355835367628651,19.0
-3908355835367628651,21.0
-3908355835367628651,20.0
-3908355835367628651,0.0
-3908355835367628651,20.0
-3908355835367628651,18.0
-3908355835367628651,14.0
-3908355835367628651,28.0
-3908355835367628651,19.0
-3908355835367628651,12.0
-3908355835367628651,22.0
-3908355835367628651,20.0
-3908355835367628651,27.0
-3908355835367628651,30.0
-3908355835367628651,15.0
-3908355835367628651,22.0
-3908355835367628651,21.0
-3908355835367628651,19.0
-3908355835367628651,22.0
-3908355835367628651,17.0
-3908355835367628651,30.0
-3908355835367628651,14.0
-3908355835367628651,23.0
-3908355835367628651,18.0
-3908355835367628651,22.0
-3908355835367628651,24.0
-3908355835367628651,18.0
-3908355835367628651,18.0
-3908355835367628651,22.0
-3908355835367628651,24.0
-3908355835367628651,19.0
-3908355835367628651,9.0
-3908355835367628651,14.0
-3908355835367628651,22.0
-3908355835367628651,13.0
-3908355835367628651,8.0
-3908355835367628651,28.0
-3908355835367628651,20.0
-3908355835367628651,21.0
-3908355835367628651,20.0
-3908355835367628651,19.0
-3908355835367628651,26.0
-3908355835367628651,18.0
-3908355835367628651,25.0
-3908355835367628651,22.0
-3908355835367628651,20.0
-3908355835367628651,17.0
-3908355835367628651,19.0
-3908355835367628651,20.0
-3908355835367628651,20.0
-3908355835367628651,30.0
-3908355835367628651,36.0
-3908355835367628651,13.0
-3908355835367628651,20.0
-3908355835367628651,16.0
-3908355835367628651,35.0
-3908355835367628651,10.0
-3908355835367628651,15.0
-3908355835367628651,24.0
-3908355835367628651,27.0
-3908355835367628651,18.0
-3908355835367628651,14.0
-3908355835367628651,17.0
-3908355835367628651,16.0
-3908355835367628651,20.0
-3908355835367628651,17.0
-3908355835367628651,15.0
-3908355835367628651,25.0
-3908355835367628651,17.0
-3908355835367628651,20.0
-3908355835367628651,17.0
-3908355835367628651,18.0
-3908355835367628651,27.0
-3908355835367628651,24.0
-3908355835367628651,22.0
-3908355835367628651,11.0
-3908355835367628651,11.0
-3908355835367628651,26.0
-3908355835367628651,28.0
-3908355835367628651,24.0
-3908355835367628651,16.0
-3908355835367628651,13.0
-3908355835367628651,25.0
-3908355835367628651,39.0
-3908355835367628651,17.0
-3908355835367628651,20.0
-3908355835367628651,14.0
-3908355835367628651,22.0
-3908355835367628651,20.0
-3908355835367628651,16.0
-3908355835367628651,24.0
-3908355835367628651,21.0
-3908355835367628651,20.0
-3908355835367628651,17.0
-3908355835367628651,18.0
-3908355835367628651,22.0
-3908355835367628651,21.0
-3908355835367628651,16.0
-3908355835367628651,24.0
-3908355835367628651,17.0
-3908355835367628651,18.0
-3908355835367628651,14.0
-3908355835367628651,16.0
-3908355835367628651,12.0
-3908355835367628651,16.0
-3908355835367628651,15.0
-3908355835367628651,25.0
-3908355835367628651,18.0
-3908355835367628651,25.0
-3908355835367628651,20.0
-3908355835367628651,20.0
-3908355835367628651,14.0
-3908355835367628651,18.0
-3908355835367628651,24.0
-3908355835367628651,13.0
-3908355835367628651,24.0
-3908355835367628651,21.0
-3908355835367628651,19.0
-3908355835367628651,32.0
-3908355835367628651,17.0
-3908355835367628651,20.0
-3908355835367628651,16.0
-3908355835367628651,31.0
-3908355835367628651,19.0
-3908355835367628651,26.0
-3908355835367628651,12.0
-3908355835367628651,18.0
-3908355835367628651,22.0
-3908355835367628651,19.0
-3908355835367628651,13.0
-3908355835367628651,15.0
-3908355835367628651,29.0
-3908355835367628651,26.0
-3908355835367628651,14.0
-3908355835367628651,15.0
-3908355835367628651,22.0
-3908355835367628651,20.0
-3908355835367628651,24.0
-3908355835367628651,13.0
-3908355835367628651,22.0
-3908355835367628651,15.0
-3908355835367628651,19.0
-3908355835367628651,15.0
-3908355835367628651,21.0
-3908355835367628651,20.0
-3908355835367628651,5.0
-3908355835367628651,19.0
-3908355835367628651,26.0
-3908355835367628651,20.0
-3908355835367628651,10.0
-3908355835367628651,21.0
-3908355835367628651,20.0
-3908355835367628651,17.0
-3908355835367628651,16.0
-3908355835367628651,18.0
-3908355835367628651,14.0
-3908355835367628651,9.0
-3908355835367628651,16.0
-3908355835367628651,20.0
-3908355835367628651,18.0
-3908355835367628651,24.0
-3908355835367628651,19.0
-3908355835367628651,20.0
-3908355835367628651,25.0
-3908355835367628651,12.0
-3908355835367628651,19.0
-3908355835367628651,18.0
-3908355835367628651,19.0
-3908355835367628651,17.0
-3908355835367628651,19.0
-3908355835367628651,14.0
-3908355835367628651,30.0
-3908355835367628651,22.0
-3908355835367628651,18.0
-3908355835367628651,20.0
-3908355835367628651,22.0
-3908355835367628651,21.0
-3908355835367628651,19.0
-3908355835367628651,21.0
-3908355835367628651,21.0
-3908355835367628651,17.0
-3908355835367628651,29.0
-3908355835367628651,20.0
-3908355835367628651,16.0
-3908355835367628651,15.0
-3908355835367628651,20.0
-3908355835367628651,20.0
-3908355835367628651,19.0
-3908355835367628651,15.0
-3908355835367628651,19.0
-3908355835367628651,22.0
-3908355835367628651,17.0
-3908355835367628651,32.0
-3908355835367628651,22.0
-3908355835367628651,23.0
-3908355835367628651,24.0
-3908355835367628651,24.0
-3908355835367628651,19.0
-3908355835367628651,23.0
-3908355835367628651,28.0
-3908355835367628651,22.0
-3908355835367628651,35.0
-3908355835367628651,10.0
-3908355835367628651,20.0
-3908355835367628651,26.0
-3908355835367628651,15.0
-3908355835367628651,17.0
-3908355835367628651,21.0
-3908355835367628651,23.0
-3908355835367628651,20.0
-3908355835367628651,20.0
-3908355835367628651,19.0
-3908355835367628651,17.0
-3908355835367628651,12.0
-3908355835367628651,18.0
-3908355835367628651,12.0
-3908355835367628651,20.0
-3908355835367628651,17.0
-3908355835367628651,21.0
-3908355835367628651,11.0
-3908355835367628651,21.0
-3908355835367628651,12.0
-3908355835367628651,16.0
-3908355835367628651,24.0
-3908355835367628651,16.0
-3908355835367628651,19.0
-3908355835367628651,23.0
-3908355835367628651,16.0
-3908355835367628651,20.0
-3908355835367628651,18.0
-3908355835367628651,24.0
-3908355835367628651,19.0
-3908355835367628651,15.0
-3908355835367628651,21.0
-3908355835367628651,25.0
-3908355835367628651,18.0
-3908355835367628651,17.0
-3908355835367628651,27.0
-3908355835367628651,20.0
-3908355835367628651,11.0
-3908355835367628651,25.0
-3908355835367628651,29.0
-3908355835367628651,19.0
-3908355835367628651,20.0
-3908355835367628651,20.0
-3908355835367628651,11.0
-3908355835367628651,21.0
-3908355835367628651,17.0
-3908355835367628651,33.0
-3908355835367628651,28.0
-3908355835367628651,15.0
-3908355835367628651,23.0
-3908355835367628651,20.0
-3908355835367628651,20.0
-3908355835367628651,21.0
-3908355835367628651,24.0
-3908355835367628651,22.0
-3908355835367628651,22.0
-3908355835367628651,21.0
-3908355835367628651,11.0
-3908355835367628651,13.0
-3908355835367628651,21.0
-3908355835367628651,20.0
-3908355835367628651,12.0
-3908355835367628651,26.0
-3908355835367628651,13.0
-3908355835367628651,19.0
-3908355835367628651,24.0
-3908355835367628651,16.0
-3908355835367628651,22.0
-3908355835367628651,21.0
-3908355835367628651,19.0
-3908355835367628651,14.0
-3908355835367628651,29.0
-3908355835367628651,18.0
-3908355835367628651,18.0
-3908355835367628651,22.0
-3908355835367628651,15.0
-3908355835367628651,26.0
-3908355835367628651,9.0
-3908355835367628651,16.0
-3908355835367628651,14.0
-3908355835367628651,18.0
-3908355835367628651,15.0
-3908355835367628651,20.0
-3908355835367628651,26.0
-3908355835367628651,21.0
-3908355835367628651,17.0
-3908355835367628651,4.0
-3908355835367628651,12.0
-3908355835367628651,17.0
-3908355835367628651,18.0
-3908355835367628651,16.0
-3908355835367628651,14.0
-3908355835367628651,14.0
-3908355835367628651,30.0
-3908355835367628651,25.0
-3908355835367628651,12.0
-3908355835367628651,30.0
-3908355835367628651,30.0
-3908355835367628651,27.0
-3908355835367628651,24.0
-3908355835367628651,18.0
-3908355835367628651,20.0
-3908355835367628651,25.0
-3908355835367628651,23.0
-3908355835367628651,18.0
-3908355835367628651,16.0
-3908355835367628651,7.0
-3908355835367628651,15.0
-3908355835367628651,20.0
-3908355835367628651,25.0
-3908355835367628651,18.0
-3908355835367628651,18.0
-3908355835367628651,15.0
-3908355835367628651,35.0
-3908355835367628651,16.0
-3908355835367628651,19.0
-3908355835367628651,18.0
-3908355835367628651,12.0
-3908355835367628651,17.0
-3908355835367628651,21.0
-3908355835367628651,13.0
-3908355835367628651,11.0
-3908355835367628651,19.0
-3908355835367628651,18.0
-3908355835367628651,11.0
-3908355835367628651,24.0
-3908355835367628651,21.0
-3908355835367628651,29.0
-3908355835367628651,24.0
-3908355835367628651,17.0
-3908355835367628651,17.0
-3908355835367628651,4.0
-3908355835367628651,19.0
-3908355835367628651,21.0
-3908355835367628651,20.0
-3908355835367628651,16.0
-3908355835367628651,14.0
-3908355835367628651,14.0
-3908355835367628651,14.0
-3908355835367628651,22.0
-3908355835367628651,31.0
-3908355835367628651,24.0
-3908355835367628651,21.0
-3908355835367628651,21.0
-3908355835367628651,19.0
-3908355835367628651,21.0
-3908355835367628651,15.0
-3908355835367628651,21.0
-3908355835367628651,22.0
-3908355835367628651,18.0
-3908355835367628651,15.0
-3908355835367628651,22.0
-3908355835367628651,25.0
-3908355835367628651,16.0
-3908355835367628651,25.0
-3908355835367628651,22.0
-3908355835367628651,15.0
-3908355835367628651,45.0
-3908355835367628651,14.0
-3908355835367628651,24.0
-3908355835367628651,14.0
-3908355835367628651,20.0
-3908355835367628651,19.0
-3908355835367628651,16.0
-3908355835367628651,17.0
-3908355835367628651,14.0
-3908355835367628651,13.0
-3908355835367628651,19.0
-3908355835367628651,23.0
-3908355835367628651,16.0
-3908355835367628651,18.0
-3908355835367628651,24.0
-3908355835367628651,21.0
-3908355835367628651,15.0
-3908355835367628651,18.0
-3908355835367628651,18.0
-3908355835367628651,20.0
-3908355835367628651,25.0
-3908355835367628651,20.0
-3908355835367628651,29.0
-3908355835367628651,22.0
-3908355835367628651,14.0
-3908355835367628651,22.0
-3908355835367628651,20.0
-3908355835367628651,19.0
-3908355835367628651,22.0
-3908355835367628651,13.0
-3908355835367628651,19.0
-3908355835367628651,18.0
-3908355835367628651,16.0
-3908355835367628651,21.0
-3908355835367628651,14.0
-3908355835367628651,22.0
-3908355835367628651,18.0
-3908355835367628651,21.0
-3908355835367628651,24.0
-3908355835367628651,26.0
-3908355835367628651,24.0
-3908355835367628651,20.0
-3908355835367628651,18.0
-3908355835367628651,21.0
-3908355835367628651,20.0
-3908355835367628651,26.0
-3908355835367628651,24.0
-3908355835367628651,20.0
-3908355835367628651,16.0
-3908355835367628651,17.0
-3908355835367628651,19.0
-3908355835367628651,28.0
-3908355835367628651,20.0
-3908355835367628651,17.0
-3908355835367628651,23.0
-3908355835367628651,29.0
-3908355835367628651,18.0
-3908355835367628651,29.0
-3908355835367628651,19.0
-3908355835367628651,21.0
-3908355835367628651,23.0
-3908355835367628651,13.0
-3908355835367628651,12.0
-3908355835367628651,13.0
-3908355835367628651,31.0
-3908355835367628651,28.0
-3908355835367628651,25.0
-3908355835367628651,23.0
-3908355835367628651,24.0
-3908355835367628651,26.0
-3908355835367628651,18.0
-3908355835367628651,9.0
-3908355835367628651,17.0
-3908355835367628651,15.0
-3908355835367628651,22.0
-3908355835367628651,16.0
-3908355835367628651,16.0
-3908355835367628651,22.0
-3908355835367628651,14.0
-3908355835367628651,20.0
-3908355835367628651,18.0
-3908355835367628651,31.0
-3908355835367628651,18.0
-3908355835367628651,17.0
-3908355835367628651,17.0
-3908355835367628651,17.0
-3908355835367628651,17.0
-3908355835367628651,20.0
-3908355835367628651,28.0
-3908355835367628651,10.0
-3908355835367628651,23.0
-3908355835367628651,23.0
-3908355835367628651,17.0
-3908355835367628651,33.0
-3908355835367628651,23.0
-3908355835367628651,20.0
-3908355835367628651,18.0
-3908355835367628651,22.0
-3908355835367628651,16.0
-3908355835367628651,23.0
-3908355835367628651,17.0
-3908355835367628651,26.0
-3908355835367628651,24.0
-3908355835367628651,22.0
-3908355835367628651,23.0
-3908355835367628651,17.0
-3908355835367628651,19.0
-3908355835367628651,22.0
-3908355835367628651,16.0
-3908355835367628651,27.0
-3908355835367628651,19.0
-3908355835367628651,27.0
-3908355835367628651,14.0
-3908355835367628651,20.0
-3908355835367628651,13.0
-3908355835367628651,21.0
-3908355835367628651,21.0
-3908355835367628651,12.0
-3908355835367628651,15.0
-3908355835367628651,22.0
-3908355835367628651,19.0
-3908355835367628651,15.0
-3908355835367628651,25.0
-3908355835367628651,21.0
-3908355835367628651,20.0
-3908355835367628651,24.0
-3908355835367628651,19.0
-3908355835367628651,17.0
-3908355835367628651,21.0
-3908355835367628651,25.0
-3908355835367628651,24.0
-3908355835367628651,14.0
-3908355835367628651,20.0
-3908355835367628651,12.0
-3908355835367628651,20.0
-3908355835367628651,17.0
-3908355835367628651,20.0
-3908355835367628651,22.0
-3908355835367628651,18.0
-3908355835367628651,20.0
-3908355835367628651,23.0
-3908355835367628651,24.0
-3908355835367628651,27.0
-3908355835367628651,23.0
-3908355835367628651,24.0
-3908355835367628651,26.0
-3908355835367628651,30.0
-3908355835367628651,21.0
-3908355835367628651,24.0
-3908355835367628651,21.0
-3908355835367628651,19.0
-3908355835367628651,18.0
-3908355835367628651,15.0
-3908355835367628651,16.0
-3908355835367628651,22.0
-3908355835367628651,26.0
-3908355835367628651,19.0
-3908355835367628651,12.0
-3908355835367628651,24.0
-3908355835367628651,20.0
-3908355835367628651,22.0
-3908355835367628651,22.0
-3908355835367628651,20.0
-3908355835367628651,19.0
-3908355835367628651,13.0
-3908355835367628651,23.0
-3908355835367628651,19.0
-3908355835367628651,17.0
-3908355835367628651,18.0
-3908355835367628651,15.0
-3908355835367628651,21.0
-3908355835367628651,18.0
-3908355835367628651,18.0
-3908355835367628651,20.0
-3908355835367628651,20.0
-3908355835367628651,17.0
-3908355835367628651,22.0
-3908355835367628651,18.0
-3908355835367628651,20.0
-3908355835367628651,20.0
-3908355835367628651,20.0
-3908355835367628651,20.0
-3908355835367628651,22.0
-3908355835367628651,17.0
-3908355835367628651,9.0
-3908355835367628651,13.0
-3908355835367628651,24.0
-3908355835367628651,19.0
-3908355835367628651,23.0
-3908355835367628651,20.0
-3908355835367628651,14.0
-3908355835367628651,19.0
-3908355835367628651,25.0
-3908355835367628651,18.0
-3908355835367628651,18.0
-3908355835367628651,28.0
-3908355835367628651,25.0
-3908355835367628651,23.0
-3908355835367628651,18.0
-3908355835367628651,25.0
-3908355835367628651,18.0
-3908355835367628651,21.0
-3908355835367628651,14.0
-3908355835367628651,24.0
-3908355835367628651,23.0
-3908355835367628651,0.0
-3908355835367628651,24.0
-3908355835367628651,17.0
-3908355835367628651,24.0
-3908355835367628651,24.0
-3908355835367628651,19.0
-3908355835367628651,18.0
-3908355835367628651,22.0
-3908355835367628651,27.0
-3908355835367628651,12.0
-3908355835367628651,23.0
-3908355835367628651,19.0
-3908355835367628651,12.0
-3908355835367628651,20.0
-3908355835367628651,18.0
-3908355835367628651,22.0
-3908355835367628651,17.0
-3908355835367628651,18.0
-3908355835367628651,18.0
-3908355835367628651,19.0
-3908355835367628651,20.0
-3908355835367628651,15.0
-3908355835367628651,27.0
-3908355835367628651,17.0
-3908355835367628651,20.0
-3908355835367628651,16.0
-3908355835367628651,20.0
-3908355835367628651,28.0
-3908355835367628651,33.0
-3908355835367628651,16.0
-3908355835367628651,18.0
-3908355835367628651,18.0
-3908355835367628651,19.0
-3908355835367628651,20.0
-3908355835367628651,17.0
-3908355835367628651,24.0
-3908355835367628651,40.0
-3908355835367628651,25.0
-3908355835367628651,17.0
-3908355835367628651,24.0
-3908355835367628651,27.0
-3908355835367628651,17.0
-3908355835367628651,19.0
-3908355835367628651,23.0
-3908355835367628651,19.0
-3908355835367628651,20.0
-3908355835367628651,19.0
-3908355835367628651,24.0
-3908355835367628651,18.0
-3908355835367628651,24.0
-3908355835367628651,11.0
-3908355835367628651,15.0
-3908355835367628651,14.0
-3908355835367628651,18.0
-3908355835367628651,20.0
-3908355835367628651,28.0
-3908355835367628651,24.0
-3908355835367628651,19.0
-3908355835367628651,17.0
-3908355835367628651,10.0
-3908355835367628651,19.0
-3908355835367628651,23.0
-3908355835367628651,20.0
-3908355835367628651,23.0
-3908355835367628651,20.0
-3908355835367628651,22.0
-3908355835367628651,16.0
-3908355835367628651,22.0
-3908355835367628651,16.0
-3908355835367628651,25.0
-3908355835367628651,16.0
-3908355835367628651,26.0
-3908355835367628651,17.0
-3908355835367628651,14.0
-3908355835367628651,27.0
-3908355835367628651,12.0
-3908355835367628651,28.0
-3908355835367628651,17.0
-3908355835367628651,27.0
-3908355835367628651,22.0
-3908355835367628651,20.0
-3908355835367628651,21.0
-3908355835367628651,29.0
-3908355835367628651,14.0
-3908355835367628651,14.0
-3908355835367628651,17.0
-3908355835367628651,20.0
-3908355835367628651,18.0
-3908355835367628651,15.0
-3908355835367628651,23.0
-3908355835367628651,21.0
-3908355835367628651,24.0
-3908355835367628651,21.0
-3908355835367628651,21.0
-3908355835367628651,16.0
-3908355835367628651,13.0
-3908355835367628651,22.0
-3908355835367628651,16.0
-3908355835367628651,23.0
-3908355835367628651,20.0
-3908355835367628651,17.0
-3908355835367628651,20.0
-3908355835367628651,11.0
-3908355835367628651,21.0
-3908355835367628651,11.0
-3908355835367628651,24.0
-3908355835367628651,10.0
-3908355835367628651,13.0
-3908355835367628651,16.0
-3908355835367628651,17.0
-3908355835367628651,13.0
-3908355835367628651,17.0
-3908355835367628651,20.0
-3908355835367628651,33.0
-3908355835367628651,16.0
-3908355835367628651,22.0
-3908355835367628651,20.0
-3908355835367628651,14.0
-3908355835367628651,14.0
-3908355835367628651,20.0
-3908355835367628651,15.0
-3908355835367628651,21.0
-3908355835367628651,18.0
-3908355835367628651,13.0
-3908355835367628651,16.0
-3908355835367628651,29.0
-3908355835367628651,20.0
-3908355835367628651,15.0
-3908355835367628651,12.0
-3908355835367628651,17.0
-3908355835367628651,20.0
-3908355835367628651,15.0
-3908355835367628651,17.0
-3908355835367628651,14.0
-3908355835367628651,16.0
-3908355835367628651,14.0
-3908355835367628651,20.0
-3908355835367628651,14.0
-3908355835367628651,22.0
-3908355835367628651,20.0
-3908355835367628651,20.0
-3908355835367628651,24.0
-3908355835367628651,12.0
-3908355835367628651,20.0
-3908355835367628651,20.0
-3908355835367628651,24.0
-3908355835367628651,16.0
-3908355835367628651,9.0
-3908355835367628651,17.0
-3908355835367628651,14.0
-3908355835367628651,12.0
-3908355835367628651,13.0
-3908355835367628651,18.0
-3908355835367628651,20.0
-3908355835367628651,16.0
-3908355835367628651,20.0
-3908355835367628651,20.0
-3908355835367628651,16.0
-3908355835367628651,11.0
-3908355835367628651,21.0
-3908355835367628651,15.0
-3908355835367628651,16.0
-3908355835367628651,20.0
-3908355835367628651,16.0
-3908355835367628651,21.0
-3908355835367628651,10.0
-3908355835367628651,9.0
-3908355835367628651,20.0
-3908355835367628651,24.0
-3908355835367628651,12.0
-3908355835367628651,14.0
-3908355835367628651,16.0
-3908355835367628651,20.0
-3908355835367628651,16.0
-3908355835367628651,18.0
7489836918826771862,10.0
7489836918826771862,18.0
7489836918826771862,18.0
7489836918826771862,22.0
7489836918826771862,16.0
7489836918826771862,19.0
7489836918826771862,22.0
7489836918826771862,17.0
7489836918826771862,20.0
7489836918826771862,18.0
7489836918826771862,14.0
7489836918826771862,17.0
7489836918826771862,13.0
7489836918826771862,14.0
7489836918826771862,21.0
7489836918826771862,19.0
7489836918826771862,18.0
7489836918826771862,24.0
7489836918826771862,19.0
7489836918826771862,24.0
7489836918826771862,11.0
7489836918826771862,26.0
7489836918826771862,11.0
7489836918826771862,20.0
7489836918826771862,19.0
7489836918826771862,23.0
7489836918826771862,17.0
7489836918826771862,14.0
7489836918826771862,25.0
7489836918826771862,17.0
7489836918826771862,21.0
7489836918826771862,15.0
7489836918826771862,17.0
7489836918826771862,21.0
7489836918826771862,17.0
7489836918826771862,18.0
7489836918826771862,19.0
7489836918826771862,16.0
7489836918826771862,18.0
7489836918826771862,22.0
7489836918826771862,20.0
7489836918826771862,17.0
7489836918826771862,19.0
7489836918826771862,18.0
7489836918826771862,20.0
7489836918826771862,22.0
7489836918826771862,31.0
7489836918826771862,13.0
7489836918826771862,20.0
7489836918826771862,16.0
7489836918826771862,25.0
7489836918826771862,17.0
7489836918826771862,20.0
7489836918826771862,20.0
7489836918826771862,19.0
7489836918826771862,15.0
7489836918826771862,25.0
7489836918826771862,15.0
7489836918826771862,18.0
7489836918826771862,26.0
7489836918826771862,19.0
7489836918826771862,10.0
7489836918826771862,17.0
7489836918826771862,24.0
7489836918826771862,21.0
7489836918826771862,26.0
7489836918826771862,20.0
7489836918826771862,18.0
7489836918826771862,19.0
7489836918826771862,20.0
7489836918826771862,21.0
7489836918826771862,18.0
7489836918826771862,20.0
7489836918826771862,22.0
7489836918826771862,20.0
7489836918826771862,12.0
7489836918826771862,20.0
7489836918826771862,23.0
7489836918826771862,19.0
7489836918826771862,20.0
7489836918826771862,20.0
7489836918826771862,12.0
7489836918826771862,12.0
7489836918826771862,17.0
7489836918826771862,20.0
7489836918826771862,24.0
7489836918826771862,19.0
7489836918826771862,12.0
7489836918826771862,21.0
7489836918826771862,13.0
7489836918826771862,15.0
7489836918826771862,16.0
7489836918826771862,11.0
7489836918826771862,17.0
7489836918826771862,18.0
7489836918826771862,17.0
7489836918826771862,20.0
7489836918826771862,19.0
7489836918826771862,14.0
7489836918826771862,19.0
7489836918826771862,21.0
7489836918826771862,10.0
7489836918826771862,12.0
7489836918826771862,15.0
7489836918826771862,18.0
7489836918826771862,13.0
7489836918826771862,22.0
7489836918826771862,18.0
7489836918826771862,22.0
7489836918826771862,11.0
7489836918826771862,20.0
7489836918826771862,19.0
7489836918826771862,12.0
7489836918826771862,21.0
7489836918826771862,25.0
7489836918826771862,26.0
7489836918826771862,12.0
7489836918826771862,9.0
7489836918826771862,20.0
7489836918826771862,12.0
7489836918826771862,18.0
7489836918826771862,20.0
7489836918826771862,21.0
7489836918826771862,19.0
7489836918826771862,16.0
7489836918826771862,16.0
7489836918826771862,18.0
7489836918826771862,24.0
7489836918826771862,20.0
7489836918826771862,16.0
7489836918826771862,18.0
7489836918826771862,18.0
7489836918826771862,17.0
7489836918826771862,21.0
7489836918826771862,13.0
7489836918826771862,17.0
7489836918826771862,8.0
7489836918826771862,20.0
7489836918826771862,20.0
7489836918826771862,21.0
7489836918826771862,21.0
7489836918826771862,15.0
7489836918826771862,20.0
7489836918826771862,18.0
7489836918826771862,18.0
7489836918826771862,20.0
7489836918826771862,18.0
7489836918826771862,19.0
7489836918826771862,18.0
7489836918826771862,16.0
7489836918826771862,19.0
7489836918826771862,10.0
7489836918826771862,26.0
7489836918826771862,20.0
7489836918826771862,18.0
7489836918826771862,15.0
7489836918826771862,29.0
7489836918826771862,18.0
7489836918826771862,16.0
7489836918826771862,15.0
7489836918826771862,17.0
7489836918826771862,9.0
7489836918826771862,19.0
7489836918826771862,11.0
7489836918826771862,20.0
7489836918826771862,21.0
7489836918826771862,21.0
7489836918826771862,18.0
7489836918826771862,20.0
7489836918826771862,17.0
7489836918826771862,13.0
7489836918826771862,20.0
7489836918826771862,19.0
7489836918826771862,10.0
7489836918826771862,23.0
7489836918826771862,20.0
7489836918826771862,18.0
7489836918826771862,23.0
7489836918826771862,11.0
7489836918826771862,17.0
7489836918826771862,10.0
7489836918826771862,12.0
7489836918826771862,19.0
7489836918826771862,12.0
7489836918826771862,8.0
7489836918826771862,18.0
7489836918826771862,10.0
7489836918826771862,15.0
7489836918826771862,23.0
7489836918826771862,18.0
7489836918826771862,23.0
7489836918826771862,18.0
7489836918826771862,19.0
7489836918826771862,16.0
7489836918826771862,11.0
7489836918826771862,18.0
7489836918826771862,16.0
7489836918826771862,17.0
7489836918826771862,19.0
7489836918826771862,19.0
7489836918826771862,19.0
7489836918826771862,25.0
7489836918826771862,19.0
7489836918826771862,21.0
7489836918826771862,19.0
7489836918826771862,12.0
7489836918826771862,10.0
7489836918826771862,13.0
7489836918826771862,20.0
7489836918826771862,22.0
7489836918826771862,19.0
7489836918826771862,17.0
7489836918826771862,21.0
7489836918826771862,18.0
7489836918826771862,11.0
7489836918826771862,18.0
7489836918826771862,17.0
7489836918826771862,11.0
7489836918826771862,15.0
7489836918826771862,19.0
7489836918826771862,19.0
7489836918826771862,8.0
7489836918826771862,14.0
7489836918826771862,20.0
7489836918826771862,14.0
7489836918826771862,30.0
7489836918826771862,23.0
7489836918826771862,28.0
7489836918826771862,11.0
7489836918826771862,14.0
7489836918826771862,16.0
7489836918826771862,23.0
7489836918826771862,21.0
7489836918826771862,23.0
7489836918826771862,19.0
7489836918826771862,19.0
7489836918826771862,18.0
7489836918826771862,17.0
7489836918826771862,13.0
7489836918826771862,25.0
7489836918826771862,16.0
7489836918826771862,16.0
7489836918826771862,18.0
7489836918826771862,25.0
7489836918826771862,19.0
7489836918826771862,22.0
7489836918826771862,29.0
7489836918826771862,20.0
7489836918826771862,17.0
7489836918826771862,18.0
7489836918826771862,10.0
7489836918826771862,25.0
7489836918826771862,18.0
7489836918826771862,17.0
7489836918826771862,26.0
7489836918826771862,19.0
7489836918826771862,22.0
7489836918826771862,21.0
7489836918826771862,16.0
7489836918826771862,18.0
7489836918826771862,22.0
7489836918826771862,15.0
7489836918826771862,21.0
7489836918826771862,21.0
7489836918826771862,23.0
7489836918826771862,10.0
7489836918826771862,15.0
7489836918826771862,18.0
7489836918826771862,15.0
7489836918826771862,20.0
7489836918826771862,18.0
7489836918826771862,17.0
7489836918826771862,21.0
7489836918826771862,17.0
7489836918826771862,17.0
7489836918826771862,27.0
7489836918826771862,19.0
7489836918826771862,21.0
7489836918826771862,12.0
7489836918826771862,11.0
7489836918826771862,18.0
7489836918826771862,10.0
7489836918826771862,10.0
7489836918826771862,12.0
7489836918826771862,10.0
7489836918826771862,19.0
7489836918826771862,20.0
7489836918826771862,13.0
7489836918826771862,13.0
7489836918826771862,12.0
7489836918826771862,10.0
7489836918826771862,25.0
2288881942133868955,16.0
2288881942133868955,24.0
2288881942133868955,13.0
2288881942133868955,20.0
2288881942133868955,19.0
2288881942133868955,18.0
2288881942133868955,15.0
2288881942133868955,16.0
2288881942133868955,20.0
2288881942133868955,19.0
2288881942133868955,18.0
2288881942133868955,17.0
2288881942133868955,25.0
2288881942133868955,25.0
2288881942133868955,23.0
2288881942133868955,17.0
2288881942133868955,23.0
2288881942133868955,27.0
2288881942133868955,21.0
2288881942133868955,11.0
2288881942133868955,17.0
2288881942133868955,22.0
2288881942133868955,15.0
2288881942133868955,14.0
2288881942133868955,19.0
2288881942133868955,16.0
2288881942133868955,25.0
2288881942133868955,18.0
2288881942133868955,13.0
2288881942133868955,22.0
2288881942133868955,17.0
2288881942133868955,22.0
2288881942133868955,14.0
2288881942133868955,20.0
2288881942133868955,17.0
2288881942133868955,24.0
2288881942133868955,21.0
2288881942133868955,20.0
2288881942133868955,21.0
2288881942133868955,27.0
2288881942133868955,18.0
2288881942133868955,15.0
2288881942133868955,22.0
2288881942133868955,20.0
2288881942133868955,24.0
2288881942133868955,16.0
2288881942133868955,17.0
2288881942133868955,18.0
2288881942133868955,18.0
2288881942133868955,15.0
2288881942133868955,22.0
2288881942133868955,14.0
7155255168997124770,14.0
7155255168997124770,18.0
7155255168997124770,16.0
7155255168997124770,25.0
7155255168997124770,22.0
7155255168997124770,14.0
7155255168997124770,25.0
7155255168997124770,21.0
7155255168997124770,15.0
7155255168997124770,13.0
7155255168997124770,20.0
7155255168997124770,16.0
7155255168997124770,16.0
7155255168997124770,25.0
7155255168997124770,26.0
7155255168997124770,13.0
7155255168997124770,19.0
7155255168997124770,13.0
7155255168997124770,25.0
7155255168997124770,21.0
7155255168997124770,18.0
7155255168997124770,36.0
7155255168997124770,21.0
7155255168997124770,16.0
7155255168997124770,23.0
7155255168997124770,24.0
7155255168997124770,17.0
7155255168997124770,15.0
7155255168997124770,17.0
7155255168997124770,15.0
7155255168997124770,14.0
7155255168997124770,19.0
7155255168997124770,23.0
7155255168997124770,21.0
7155255168997124770,15.0
7155255168997124770,17.0
7155255168997124770,17.0
7155255168997124770,19.0
7155255168997124770,17.0
7155255168997124770,22.0
7155255168997124770,16.0
7155255168997124770,19.0
7155255168997124770,22.0
7155255168997124770,17.0
7155255168997124770,16.0
7155255168997124770,22.0
7155255168997124770,18.0
7155255168997124770,10.0
7155255168997124770,17.0
7155255168997124770,18.0
7155255168997124770,23.0
7155255168997124770,20.0
7155255168997124770,21.0
7155255168997124770,20.0
7155255168997124770,14.0
7155255168997124770,19.0
7155255168997124770,17.0
7155255168997124770,23.0
7155255168997124770,17.0
7155255168997124770,20.0
7155255168997124770,14.0
7155255168997124770,20.0
7155255168997124770,22.0
7155255168997124770,19.0
7155255168997124770,18.0
7155255168997124770,19.0
7155255168997124770,16.0
7155255168997124770,13.0
7155255168997124770,28.0
7155255168997124770,15.0
7155255168997124770,20.0
7155255168997124770,16.0
7155255168997124770,19.0
7155255168997124770,11.0
7155255168997124770,20.0
7155255168997124770,18.0
7155255168997124770,19.0
7155255168997124770,54.0
7155255168997124770,17.0
7155255168997124770,13.0
7155255168997124770,22.0
7155255168997124770,20.0
7155255168997124770,21.0
7155255168997124770,27.0
7155255168997124770,24.0
7155255168997124770,12.0
7155255168997124770,23.0
7155255168997124770,17.0
7155255168997124770,18.0
7155255168997124770,15.0
7155255168997124770,15.0
7155255168997124770,17.0
7155255168997124770,15.0
7155255168997124770,23.0
7155255168997124770,17.0
7155255168997124770,19.0
7155255168997124770,26.0
7155255168997124770,11.0
7155255168997124770,27.0
7155255168997124770,22.0
7155255168997124770,17.0
7155255168997124770,16.0
7155255168997124770,20.0
7155255168997124770,19.0
7155255168997124770,15.0
7155255168997124770,23.0
7155255168997124770,15.0
7155255168997124770,18.0
7155255168997124770,14.0
7155255168997124770,11.0
7155255168997124770,21.0
7155255168997124770,25.0
7155255168997124770,23.0
7155255168997124770,14.0
7155255168997124770,27.0
7155255168997124770,27.0
7155255168997124770,21.0
7155255168997124770,16.0
7155255168997124770,18.0
7155255168997124770,28.0
7155255168997124770,18.0
7155255168997124770,17.0
7155255168997124770,20.0
7155255168997124770,14.0
7155255168997124770,14.0
7155255168997124770,30.0
7155255168997124770,26.0
7155255168997124770,13.0
7155255168997124770,28.0
7155255168997124770,16.0
7155255168997124770,12.0
7155255168997124770,17.0
7155255168997124770,16.0
7155255168997124770,22.0
7155255168997124770,27.0
7155255168997124770,19.0
7155255168997124770,21.0
7155255168997124770,21.0
7155255168997124770,14.0
7155255168997124770,25.0
7155255168997124770,21.0
7155255168997124770,25.0
7155255168997124770,16.0
7155255168997124770,23.0
7155255168997124770,15.0
7155255168997124770,27.0
7155255168997124770,28.0
7155255168997124770,22.0
7155255168997124770,18.0
7155255168997124770,16.0
7155255168997124770,21.0
7155255168997124770,15.0
7155255168997124770,28.0
7155255168997124770,14.0
7155255168997124770,23.0
7155255168997124770,21.0
7155255168997124770,21.0
7155255168997124770,22.0
7155255168997124770,18.0
7155255168997124770,15.0
7155255168997124770,25.0
7155255168997124770,19.0
7155255168997124770,14.0
7155255168997124770,20.0
7155255168997124770,15.0
7155255168997124770,18.0
7155255168997124770,26.0
7155255168997124770,20.0
7155255168997124770,15.0
7155255168997124770,30.0
7155255168997124770,16.0
7155255168997124770,24.0
7155255168997124770,15.0
7155255168997124770,14.0
6128703162302148003,16.0
6128703162302148003,23.0
6128703162302148003,21.0
6128703162302148003,17.0
6128703162302148003,21.0
6128703162302148003,26.0
6128703162302148003,16.0
6128703162302148003,14.0
6128703162302148003,20.0
6128703162302148003,14.0
6128703162302148003,16.0
6128703162302148003,20.0
6128703162302148003,21.0
6128703162302148003,23.0
6128703162302148003,19.0
6128703162302148003,14.0
6128703162302148003,16.0
6128703162302148003,20.0
6128703162302148003,21.0
6128703162302148003,16.0
6128703162302148003,16.0
6128703162302148003,16.0
6128703162302148003,27.0
6128703162302148003,16.0
6128703162302148003,20.0
6128703162302148003,14.0
6128703162302148003,22.0
6128703162302148003,14.0
6128703162302148003,19.0
6128703162302148003,21.0
6128703162302148003,22.0
6128703162302148003,15.0
6128703162302148003,20.0
6128703162302148003,20.0
6128703162302148003,17.0
6128703162302148003,22.0
6128703162302148003,20.0
6128703162302148003,15.0
6128703162302148003,21.0
6128703162302148003,16.0
6128703162302148003,22.0
6128703162302148003,21.0
6128703162302148003,17.0
6128703162302148003,20.0
6128703162302148003,16.0
6128703162302148003,16.0
6128703162302148003,14.0
6128703162302148003,14.0
6128703162302148003,20.0
6128703162302148003,17.0
6128703162302148003,16.0
6128703162302148003,18.0
6128703162302148003,17.0
6128703162302148003,20.0
6128703162302148003,14.0
6128703162302148003,14.0
6128703162302148003,14.0
6128703162302148003,14.0
6128703162302148003,20.0
6128703162302148003,14.0
6128703162302148003,24.0
6128703162302148003,22.0
6128703162302148003,16.0
6128703162302148003,20.0
6128703162302148003,14.0
6128703162302148003,22.0
6128703162302148003,14.0
6128703162302148003,17.0
6128703162302148003,15.0
6128703162302148003,20.0
6128703162302148003,20.0
6128703162302148003,18.0
6128703162302148003,20.0
6128703162302148003,16.0
6128703162302148003,16.0
6128703162302148003,16.0
6128703162302148003,16.0
6128703162302148003,18.0
6128703162302148003,14.0
6128703162302148003,22.0
6128703162302148003,20.0
6128703162302148003,18.0
6128703162302148003,27.0
6128703162302148003,20.0
6128703162302148003,24.0
6128703162302148003,20.0
6128703162302148003,14.0
6128703162302148003,17.0
6128703162302148003,20.0
6128703162302148003,21.0
6128703162302148003,14.0
6128703162302148003,26.0
6128703162302148003,19.0
6128703162302148003,15.0
6128703162302148003,16.0
6128703162302148003,14.0
6128703162302148003,17.0
6128703162302148003,14.0
6128703162302148003,22.0
6128703162302148003,17.0
6128703162302148003,14.0
6128703162302148003,17.0
6128703162302148003,16.0
6128703162302148003,14.0
6128703162302148003,16.0
6128703162302148003,20.0
6128703162302148003,18.0
6128703162302148003,20.0
6128703162302148003,16.0
6128703162302148003,16.0
6128703162302148003,14.0
6128703162302148003,14.0
6128703162302148003,23.0
6128703162302148003,25.0
6128703162302148003,18.0
6128703162302148003,23.0
6128703162302148003,22.0
6128703162302148003,21.0
6128703162302148003,17.0
6128703162302148003,14.0
6128703162302148003,11.0
6128703162302148003,15.0
6128703162302148003,20.0
6128703162302148003,20.0
6128703162302148003,20.0
6128703162302148003,22.0
6128703162302148003,16.0
6128703162302148003,14.0
6128703162302148003,20.0
6128703162302148003,20.0
6128703162302148003,22.0
6128703162302148003,16.0
6128703162302148003,25.0
6128703162302148003,25.0
6128703162302148003,20.0
6128703162302148003,22.0
6128703162302148003,20.0
6128703162302148003,17.0
6128703162302148003,16.0
6128703162302148003,20.0
6128703162302148003,22.0
6128703162302148003,20.0
6128703162302148003,20.0
6128703162302148003,26.0
6128703162302148003,16.0
6128703162302148003,25.0
6128703162302148003,19.0
6128703162302148003,22.0
6128703162302148003,14.0
6128703162302148003,16.0
6128703162302148003,20.0
6128703162302148003,14.0
6128703162302148003,23.0
6128703162302148003,22.0
6128703162302148003,20.0
6128703162302148003,20.0
6128703162302148003,20.0
6128703162302148003,24.0
6128703162302148003,16.0
6128703162302148003,21.0
6128703162302148003,14.0
6128703162302148003,14.0
6128703162302148003,22.0
6128703162302148003,18.0
6128703162302148003,20.0
6128703162302148003,17.0
6128703162302148003,24.0
6128703162302148003,17.0
6128703162302148003,21.0
6128703162302148003,21.0
6128703162302148003,25.0
6128703162302148003,20.0
6128703162302148003,21.0
6128703162302148003,20.0
6128703162302148003,18.0
6128703162302148003,17.0
6128703162302148003,20.0
6128703162302148003,20.0
6128703162302148003,22.0
6128703162302148003,20.0
6128703162302148003,17.0
6128703162302148003,18.0
6128703162302148003,16.0
6128703162302148003,23.0
6128703162302148003,14.0
6128703162302148003,16.0
6128703162302148003,20.0
6128703162302148003,20.0
6128703162302148003,16.0
6128703162302148003,15.0
6128703162302148003,18.0
6128703162302148003,21.0
6128703162302148003,23.0
6128703162302148003,24.0
6128703162302148003,18.0
6128703162302148003,21.0
6128703162302148003,20.0
6128703162302148003,17.0
6128703162302148003,16.0
6128703162302148003,19.0
6128703162302148003,17.0
6128703162302148003,14.0
6128703162302148003,17.0
6128703162302148003,16.0
6128703162302148003,14.0
6128703162302148003,19.0
6128703162302148003,20.0
6128703162302148003,24.0
6128703162302148003,16.0
6128703162302148003,14.0
6128703162302148003,16.0
6128703162302148003,23.0
6128703162302148003,14.0
6128703162302148003,25.0
6128703162302148003,14.0
6128703162302148003,14.0
6128703162302148003,18.0
6128703162302148003,15.0
6128703162302148003,19.0
6128703162302148003,15.0
6128703162302148003,14.0
6128703162302148003,20.0
6128703162302148003,20.0
6128703162302148003,20.0
6128703162302148003,13.0
6128703162302148003,22.0
6128703162302148003,22.0
6128703162302148003,14.0
6128703162302148003,16.0
6128703162302148003,29.0
6128703162302148003,14.0
6128703162302148003,16.0
6128703162302148003,18.0
6128703162302148003,23.0
6128703162302148003,21.0
6128703162302148003,26.0
6128703162302148003,14.0
6128703162302148003,20.0
6128703162302148003,18.0
6128703162302148003,19.0
6128703162302148003,24.0
6128703162302148003,21.0
6128703162302148003,16.0
6128703162302148003,18.0
6128703162302148003,22.0
6128703162302148003,15.0
6128703162302148003,16.0
6128703162302148003,25.0
6128703162302148003,22.0
6128703162302148003,16.0
6128703162302148003,15.0
6128703162302148003,16.0
6128703162302148003,21.0
6128703162302148003,21.0
6128703162302148003,17.0
6128703162302148003,14.0
6128703162302148003,22.0
6128703162302148003,22.0
6128703162302148003,20.0
6128703162302148003,21.0
6128703162302148003,20.0
6128703162302148003,19.0
6128703162302148003,18.0
6128703162302148003,15.0
6128703162302148003,16.0
6128703162302148003,18.0
6128703162302148003,19.0
6128703162302148003,25.0
6128703162302148003,18.0
6128703162302148003,20.0
6128703162302148003,20.0
6128703162302148003,21.0
6128703162302148003,24.0
6128703162302148003,18.0
6128703162302148003,14.0
6128703162302148003,16.0
6128703162302148003,17.0
6128703162302148003,21.0
6128703162302148003,22.0
6128703162302148003,19.0
6128703162302148003,21.0
6128703162302148003,21.0
6128703162302148003,21.0
6128703162302148003,20.0
6128703162302148003,21.0
6128703162302148003,19.0
6128703162302148003,18.0
6128703162302148003,20.0
6128703162302148003,14.0
6128703162302148003,23.0
6128703162302148003,17.0
6128703162302148003,17.0
6128703162302148003,21.0
6128703162302148003,14.0
6128703162302148003,16.0
6128703162302148003,20.0
6128703162302148003,20.0
6128703162302148003,16.0
6128703162302148003,20.0
6128703162302148003,16.0
6128703162302148003,16.0
6128703162302148003,15.0
6128703162302148003,14.0
6128703162302148003,20.0
6128703162302148003,16.0
6128703162302148003,20.0
6128703162302148003,21.0
6128703162302148003,16.0
6128703162302148003,14.0
6128703162302148003,14.0
6128703162302148003,15.0
6128703162302148003,20.0
6128703162302148003,14.0
6128703162302148003,14.0
6128703162302148003,16.0
6128703162302148003,16.0
6128703162302148003,20.0
6128703162302148003,20.0
6128703162302148003,16.0
6128703162302148003,20.0
6128703162302148003,14.0
6128703162302148003,14.0
6128703162302148003,22.0
6128703162302148003,14.0
6128703162302148003,20.0
6128703162302148003,16.0
6128703162302148003,23.0
6128703162302148003,16.0
6128703162302148003,18.0
6128703162302148003,14.0
6128703162302148003,22.0
6128703162302148003,16.0
6128703162302148003,14.0
6128703162302148003,14.0
6128703162302148003,14.0
6128703162302148003,22.0
6128703162302148003,20.0
6128703162302148003,16.0
6128703162302148003,18.0
6128703162302148003,14.0
6128703162302148003,20.0
6128703162302148003,14.0
6128703162302148003,14.0
6128703162302148003,23.0
6128703162302148003,20.0
6128703162302148003,14.0
6128703162302148003,14.0
6128703162302148003,14.0
6128703162302148003,16.0
6128703162302148003,16.0
-6681895148320589913,16.0
-6681895148320589913,21.0
-6681895148320589913,18.0
-6681895148320589913,20.0
-6681895148320589913,24.0
-6681895148320589913,12.0
-6681895148320589913,20.0
-6681895148320589913,19.0
-6681895148320589913,11.0
-6681895148320589913,24.0
-6681895148320589913,13.0
-6681895148320589913,13.0
-6681895148320589913,10.0
-6681895148320589913,8.0
-6681895148320589913,23.0
-6681895148320589913,19.0
-6681895148320589913,24.0
-6681895148320589913,24.0
-6681895148320589913,17.0
-6681895148320589913,19.0
-6681895148320589913,20.0
-6681895148320589913,24.0
-6681895148320589913,23.0
-6681895148320589913,18.0
-6681895148320589913,19.0
-6681895148320589913,18.0
-6681895148320589913,16.0
-6681895148320589913,28.0
-6681895148320589913,24.0
-6681895148320589913,24.0
-6681895148320589913,10.0
-6681895148320589913,11.0
-6681895148320589913,23.0
-6681895148320589913,22.0
-6681895148320589913,13.0
-6681895148320589913,9.0
-6681895148320589913,20.0
-6681895148320589913,21.0
-6681895148320589913,19.0
-6681895148320589913,24.0
-6681895148320589913,24.0
-6681895148320589913,21.0
-6681895148320589913,21.0
-6681895148320589913,24.0
-6681895148320589913,17.0
-6681895148320589913,22.0
-6681895148320589913,26.0
-6681895148320589913,24.0
-6681895148320589913,24.0
-6681895148320589913,24.0
-6681895148320589913,12.0
-6681895148320589913,24.0
-6681895148320589913,10.0
-6681895148320589913,15.0
-6681895148320589913,14.0
-6681895148320589913,24.0
-6681895148320589913,21.0
-6681895148320589913,13.0
-6681895148320589913,24.0
-6681895148320589913,16.0
-6681895148320589913,26.0
-6681895148320589913,15.0
-6681895148320589913,24.0
-6681895148320589913,16.0
-6681895148320589913,23.0
-6681895148320589913,16.0
-6681895148320589913,19.0
-6681895148320589913,21.0
-6681895148320589913,18.0
-6681895148320589913,24.0
-6681895148320589913,16.0
-6681895148320589913,26.0
-6681895148320589913,19.0
-6681895148320589913,15.0
-6681895148320589913,19.0
-6681895148320589913,24.0
-6681895148320589913,20.0
-6681895148320589913,16.0
-6681895148320589913,18.0
-6681895148320589913,6.0
-6681895148320589913,20.0
-6681895148320589913,17.0
-6681895148320589913,13.0
-6681895148320589913,19.0
-6681895148320589913,9.0
-6681895148320589913,16.0
-6681895148320589913,24.0
-6681895148320589913,17.0
-6681895148320589913,24.0
-6681895148320589913,26.0
-6681895148320589913,18.0
-6681895148320589913,13.0
-6681895148320589913,14.0
-6681895148320589913,20.0
-6681895148320589913,16.0
-6681895148320589913,24.0
-6681895148320589913,9.0
-6681895148320589913,24.0
-6681895148320589913,12.0
-6681895148320589913,22.0
-6681895148320589913,17.0
-6681895148320589913,23.0
-6681895148320589913,22.0
-6681895148320589913,24.0
-6681895148320589913,10.0
-6681895148320589913,11.0
-6681895148320589913,20.0
-6681895148320589913,21.0
-6681895148320589913,21.0
-6681895148320589913,20.0
-6681895148320589913,26.0
-6681895148320589913,22.0
-6681895148320589913,16.0
-6681895148320589913,12.0
-6681895148320589913,23.0
-6681895148320589913,19.0
-6681895148320589913,13.0
-6681895148320589913,20.0
-6681895148320589913,21.0
-6681895148320589913,22.0
-6681895148320589913,16.0
-6681895148320589913,20.0
-6681895148320589913,16.0
-6681895148320589913,24.0
-6681895148320589913,21.0
-6681895148320589913,28.0
-6681895148320589913,17.0
-6681895148320589913,21.0
-6681895148320589913,11.0
-6681895148320589913,24.0
-6681895148320589913,25.0
-6681895148320589913,14.0
-6681895148320589913,17.0
-6681895148320589913,18.0
-6681895148320589913,24.0
-6681895148320589913,20.0
-6681895148320589913,19.0
-6681895148320589913,24.0
-6681895148320589913,16.0
-6681895148320589913,20.0
-6681895148320589913,16.0
-6681895148320589913,21.0
-6681895148320589913,20.0
-6681895148320589913,22.0
-6681895148320589913,13.0
-6681895148320589913,20.0
-6681895148320589913,18.0
-6681895148320589913,16.0
-6681895148320589913,9.0
-6681895148320589913,23.0
-6681895148320589913,20.0
-6681895148320589913,19.0
-6681895148320589913,20.0
-6681895148320589913,20.0
-6681895148320589913,16.0
-6681895148320589913,13.0
-6681895148320589913,23.0
-6681895148320589913,24.0
-6681895148320589913,20.0
-6681895148320589913,11.0
-6681895148320589913,21.0
-6681895148320589913,15.0
-6681895148320589913,12.0
-6681895148320589913,20.0
-6681895148320589913,24.0
-6681895148320589913,19.0
-6681895148320589913,24.0
-6681895148320589913,16.0
-6681895148320589913,16.0
-6681895148320589913,24.0
-6681895148320589913,17.0
-6681895148320589913,21.0
-6681895148320589913,15.0
-6681895148320589913,24.0
-6681895148320589913,20.0
-6681895148320589913,24.0
-6681895148320589913,13.0
-6681895148320589913,37.0
-6681895148320589913,20.0
-6681895148320589913,23.0
-6681895148320589913,14.0
-6681895148320589913,16.0
-6681895148320589913,24.0
-6681895148320589913,24.0
-6681895148320589913,0.0
-6681895148320589913,26.0
-6681895148320589913,24.0
-6681895148320589913,15.0
-6681895148320589913,12.0
-6681895148320589913,22.0
-6681895148320589913,16.0
-6681895148320589913,14.0
-6681895148320589913,24.0
-6681895148320589913,24.0
-6681895148320589913,20.0
-6681895148320589913,24.0
-6681895148320589913,15.0
-6681895148320589913,19.0
-6681895148320589913,20.0
-6681895148320589913,19.0
-6681895148320589913,19.0
-6681895148320589913,17.0
-6681895148320589913,12.0
-6681895148320589913,11.0
-6681895148320589913,16.0
-6681895148320589913,22.0
-6681895148320589913,20.0
-6681895148320589913,24.0
-6681895148320589913,22.0
-6681895148320589913,15.0
-6681895148320589913,19.0
-6681895148320589913,20.0
-6681895148320589913,19.0
-6681895148320589913,10.0
-6681895148320589913,15.0
-6681895148320589913,27.0
-6681895148320589913,24.0
-6681895148320589913,14.0
-6681895148320589913,16.0
-6681895148320589913,24.0
-6681895148320589913,24.0
-6681895148320589913,18.0
-6681895148320589913,13.0
-6681895148320589913,21.0
-6681895148320589913,18.0
-6681895148320589913,24.0
-6681895148320589913,24.0
-6681895148320589913,24.0
-6681895148320589913,24.0
-6681895148320589913,24.0
-6681895148320589913,16.0
-6681895148320589913,26.0
-6681895148320589913,24.0
-6681895148320589913,19.0
-6681895148320589913,24.0
-6681895148320589913,12.0
-6681895148320589913,20.0
-6681895148320589913,14.0
-6681895148320589913,19.0
-6681895148320589913,19.0
-6681895148320589913,24.0
-6681895148320589913,20.0
-6681895148320589913,26.0
-6681895148320589913,20.0
-6681895148320589913,24.0
-6681895148320589913,20.0
-6681895148320589913,24.0
-6681895148320589913,14.0
-6681895148320589913,17.0
-6681895148320589913,26.0
-6681895148320589913,24.0
-6681895148320589913,26.0
-6681895148320589913,24.0
-6681895148320589913,24.0
-6681895148320589913,16.0
-6681895148320589913,26.0
-6681895148320589913,12.0
-6681895148320589913,26.0
-6681895148320589913,24.0
-6681895148320589913,15.0
-6681895148320589913,24.0
-6681895148320589913,30.0
-6681895148320589913,23.0
-6681895148320589913,24.0
-6681895148320589913,24.0
-6681895148320589913,28.0
-6681895148320589913,15.0
-6681895148320589913,14.0
-6681895148320589913,28.0
-6681895148320589913,16.0
-6681895148320589913,24.0
-2067961723109232727,18.0
-2067961723109232727,23.0
-2067961723109232727,20.0
-2067961723109232727,20.0
-2067961723109232727,19.0
-2067961723109232727,23.0
-2067961723109232727,20.0
-2067961723109232727,15.0
-2067961723109232727,13.0
-2067961723109232727,17.0
-2067961723109232727,20.0
-2067961723109232727,19.0
-2067961723109232727,17.0
-2067961723109232727,21.0
-2067961723109232727,19.0
-2067961723109232727,22.0
-2067961723109232727,18.0
-2067961723109232727,22.0
-2067961723109232727,15.0
-2067961723109232727,15.0
-2067961723109232727,14.0
-2067961723109232727,15.0
-2067961723109232727,15.0
-2067961723109232727,13.0
-2067961723109232727,22.0
-2067961723109232727,22.0
-2067961723109232727,10.0
-2067961723109232727,13.0
-2067961723109232727,13.0
-2067961723109232727,21.0
-2067961723109232727,19.0
-2067961723109232727,19.0
-2067961723109232727,14.0
-2067961723109232727,18.0
-2067961723109232727,16.0
-2067961723109232727,17.0
-2067961723109232727,15.0
-2067961723109232727,20.0
-2067961723109232727,29.0
-2067961723109232727,18.0
-2067961723109232727,14.0
-2067961723109232727,19.0
-2067961723109232727,18.0
-2067961723109232727,15.0
-2067961723109232727,20.0
-2067961723109232727,15.0
-2067961723109232727,22.0
-2067961723109232727,15.0
-2067961723109232727,16.0
-2067961723109232727,17.0
-2067961723109232727,18.0
-2067961723109232727,14.0
-2067961723109232727,17.0
-2067961723109232727,16.0
-2067961723109232727,16.0
-2067961723109232727,20.0
-2067961723109232727,16.0
-2067961723109232727,14.0
-2067961723109232727,16.0
-2067961723109232727,14.0
-2067961723109232727,15.0
-2067961723109232727,21.0
-2067961723109232727,16.0
-2067961723109232727,15.0
-2067961723109232727,19.0
-2067961723109232727,14.0
-2067961723109232727,18.0
-2067961723109232727,17.0
-2067961723109232727,19.0
-2067961723109232727,18.0
-2067961723109232727,16.0
-2067961723109232727,14.0
-2067961723109232727,14.0
-2067961723109232727,17.0
-2067961723109232727,15.0
-2067961723109232727,15.0
-2067961723109232727,15.0
-2067961723109232727,15.0
-2067961723109232727,21.0
-2067961723109232727,14.0
-2067961723109232727,14.0
-2067961723109232727,15.0
-2067961723109232727,19.0
-2067961723109232727,17.0
-2067961723109232727,15.0
-2067961723109232727,22.0
-2067961723109232727,16.0
-2067961723109232727,13.0
-2067961723109232727,18.0
-2067961723109232727,17.0
-2067961723109232727,16.0
-2067961723109232727,16.0
-2067961723109232727,20.0
-2067961723109232727,14.0
-2067961723109232727,16.0
-2067961723109232727,22.0
-2067961723109232727,21.0
-2067961723109232727,14.0
-2067961723109232727,17.0
-2067961723109232727,19.0
-2067961723109232727,15.0
-2067961723109232727,15.0
-2067961723109232727,21.0
-2067961723109232727,14.0
-2067961723109232727,18.0
-2067961723109232727,18.0
-2067961723109232727,19.0
-2067961723109232727,13.0
-2067961723109232727,14.0
-2067961723109232727,15.0
-2067961723109232727,19.0
-2067961723109232727,17.0
-2067961723109232727,15.0
-2067961723109232727,20.0
-2067961723109232727,14.0
-2067961723109232727,18.0
-2067961723109232727,15.0
-2067961723109232727,17.0
-2067961723109232727,13.0
-2067961723109232727,18.0
-2067961723109232727,15.0
-2067961723109232727,13.0
-2067961723109232727,9.0
-2067961723109232727,14.0
-2067961723109232727,16.0
-2067961723109232727,17.0
-2067961723109232727,15.0
-2067961723109232727,14.0
-2067961723109232727,16.0
-2067961723109232727,16.0
-2067961723109232727,25.0
-2067961723109232727,16.0
4783904755296699562,17.0
4783904755296699562,15.0
4783904755296699562,13.0
4783904755296699562,19.0
4783904755296699562,18.0
4783904755296699562,20.0
4783904755296699562,18.0
4783904755296699562,17.0
4783904755296699562,15.0
4783904755296699562,16.0
4783904755296699562,16.0
4783904755296699562,14.0
4783904755296699562,17.0
4783904755296699562,18.0
4783904755296699562,16.0
4783904755296699562,18.0
4783904755296699562,17.0
4783904755296699562,20.0
4783904755296699562,21.0
4783904755296699562,17.0
4783904755296699562,24.0
4783904755296699562,16.0
4783904755296699562,22.0
4783904755296699562,13.0
4783904755296699562,14.0
4783904755296699562,22.0
4783904755296699562,21.0
4783904755296699562,17.0
4783904755296699562,18.0
4783904755296699562,22.0
4783904755296699562,10.0
4783904755296699562,9.0
4783904755296699562,14.0
4783904755296699562,18.0
4783904755296699562,15.0
4783904755296699562,9.0
4783904755296699562,9.0
4783904755296699562,19.0
4783904755296699562,17.0
4783904755296699562,17.0
4783904755296699562,17.0
4783904755296699562,19.0
4783904755296699562,21.0
4783904755296699562,21.0
4783904755296699562,19.0
4783904755296699562,20.0
4783904755296699562,23.0
4783904755296699562,22.0
4783904755296699562,13.0
4783904755296699562,17.0
4783904755296699562,20.0
4783904755296699562,15.0
4783904755296699562,24.0
4783904755296699562,21.0
4783904755296699562,17.0
4783904755296699562,19.0
4783904755296699562,11.0
4783904755296699562,17.0
4783904755296699562,20.0
4783904755296699562,17.0
4783904755296699562,19.0
4783904755296699562,10.0
4783904755296699562,16.0
4783904755296699562,14.0
4783904755296699562,15.0
4783904755296699562,26.0
4783904755296699562,19.0
4783904755296699562,12.0
4783904755296699562,18.0
4783904755296699562,23.0
4783904755296699562,20.0
4783904755296699562,19.0
4783904755296699562,18.0
4783904755296699562,19.0
4783904755296699562,23.0
4783904755296699562,18.0
4783904755296699562,16.0
4783904755296699562,24.0
4783904755296699562,17.0
4783904755296699562,13.0
4783904755296699562,8.0
4783904755296699562,20.0
4783904755296699562,22.0
4783904755296699562,21.0
4783904755296699562,18.0
4783904755296699562,20.0
4783904755296699562,14.0
4783904755296699562,17.0
4783904755296699562,12.0
4783904755296699562,18.0
4783904755296699562,21.0
4783904755296699562,22.0
4783904755296699562,17.0
4783904755296699562,20.0
4783904755296699562,16.0
4783904755296699562,9.0
4783904755296699562,19.0
4783904755296699562,22.0
4783904755296699562,14.0
4783904755296699562,21.0
4783904755296699562,19.0
4783904755296699562,22.0
4783904755296699562,11.0
4783904755296699562,20.0
4783904755296699562,20.0
4783904755296699562,7.0
4783904755296699562,18.0
4783904755296699562,22.0
4783904755296699562,13.0
4783904755296699562,14.0
4783904755296699562,16.0
4783904755296699562,16.0
4783904755296699562,22.0
4783904755296699562,12.0
4783904755296699562,12.0
4783904755296699562,14.0
4783904755296699562,20.0
4783904755296699562,23.0
4783904755296699562,23.0
4783904755296699562,9.0
4783904755296699562,20.0
4783904755296699562,11.0
4783904755296699562,18.0
4783904755296699562,18.0
4783904755296699562,20.0
4783904755296699562,14.0
4783904755296699562,11.0
4783904755296699562,21.0
4783904755296699562,18.0
4783904755296699562,23.0
4783904755296699562,15.0
4783904755296699562,21.0
4783904755296699562,11.0
4783904755296699562,22.0
4783904755296699562,20.0
4783904755296699562,24.0
4783904755296699562,19.0
4783904755296699562,9.0
4783904755296699562,23.0
4783904755296699562,17.0
4783904755296699562,13.0
4783904755296699562,12.0
4783904755296699562,20.0
4783904755296699562,10.0
4783904755296699562,21.0
4783904755296699562,16.0
4783904755296699562,10.0
4783904755296699562,17.0
4783904755296699562,18.0
4783904755296699562,23.0
4783904755296699562,20.0
4783904755296699562,18.0
4783904755296699562,19.0
4783904755296699562,21.0
4783904755296699562,22.0
4783904755296699562,16.0
4783904755296699562,13.0
4783904755296699562,25.0
4783904755296699562,18.0
4783904755296699562,21.0
4783904755296699562,21.0
4783904755296699562,28.0
4783904755296699562,22.0
4783904755296699562,22.0
4783904755296699562,19.0
4783904755296699562,18.0
4783904755296699562,18.0
4783904755296699562,23.0
4783904755296699562,14.0
4783904755296699562,14.0
4783904755296699562,0.0
4783904755296699562,17.0
4783904755296699562,15.0
4783904755296699562,16.0
4783904755296699562,0.0
4783904755296699562,11.0
4783904755296699562,23.0
4783904755296699562,18.0
4783904755296699562,18.0
4783904755296699562,20.0
4783904755296699562,17.0
4783904755296699562,24.0
4783904755296699562,18.0
4783904755296699562,13.0
4783904755296699562,14.0
4783904755296699562,17.0
4783904755296699562,18.0
4783904755296699562,12.0
4783904755296699562,9.0
4783904755296699562,18.0
4783904755296699562,15.0
4783904755296699562,20.0
4783904755296699562,20.0
4783904755296699562,23.0
4783904755296699562,25.0
4783904755296699562,18.0
4783904755296699562,9.0
4783904755296699562,22.0
4783904755296699562,22.0
4783904755296699562,13.0
4783904755296699562,16.0
4783904755296699562,15.0
4783904755296699562,13.0
4783904755296699562,14.0
4783904755296699562,19.0
4783904755296699562,17.0
4783904755296699562,9.0
4783904755296699562,18.0
4783904755296699562,24.0
4783904755296699562,22.0
4783904755296699562,20.0
4783904755296699562,15.0
4783904755296699562,18.0
4783904755296699562,20.0
4783904755296699562,22.0
4783904755296699562,23.0
4783904755296699562,22.0
4783904755296699562,18.0
4783904755296699562,17.0
4783904755296699562,17.0
4783904755296699562,13.0
4783904755296699562,13.0
4783904755296699562,24.0
4783904755296699562,21.0
4783904755296699562,11.0
4783904755296699562,16.0
4783904755296699562,18.0
4783904755296699562,24.0
4783904755296699562,20.0
4783904755296699562,24.0
4783904755296699562,0.0
4783904755296699562,22.0
4783904755296699562,18.0
4783904755296699562,18.0
4783904755296699562,16.0
4783904755296699562,16.0
4783904755296699562,20.0
4783904755296699562,18.0
4783904755296699562,17.0
4783904755296699562,18.0
4783904755296699562,17.0
4783904755296699562,19.0
4783904755296699562,14.0
4783904755296699562,22.0
4783904755296699562,22.0
4783904755296699562,21.0
4783904755296699562,22.0
4783904755296699562,21.0
4783904755296699562,9.0
4783904755296699562,20.0
4783904755296699562,18.0
4783904755296699562,27.0
4783904755296699562,20.0
4783904755296699562,25.0
4783904755296699562,14.0
4783904755296699562,18.0
4783904755296699562,22.0
4783904755296699562,20.0
4783904755296699562,11.0
4783904755296699562,22.0
4783904755296699562,24.0
4783904755296699562,18.0
4783904755296699562,23.0
4783904755296699562,8.0
4783904755296699562,21.0
4783904755296699562,18.0
4783904755296699562,19.0
4783904755296699562,14.0
4783904755296699562,18.0
4783904755296699562,15.0
4783904755296699562,16.0
4783904755296699562,21.0
4783904755296699562,18.0
4783904755296699562,19.0
4783904755296699562,14.0
4783904755296699562,24.0
4783904755296699562,16.0
4783904755296699562,17.0
4783904755296699562,22.0
4783904755296699562,15.0
4783904755296699562,18.0
4783904755296699562,20.0
4783904755296699562,16.0
4783904755296699562,13.0
4783904755296699562,19.0
4783904755296699562,22.0
4783904755296699562,19.0
4783904755296699562,16.0
4783904755296699562,12.0
4783904755296699562,11.0
4783904755296699562,18.0
4783904755296699562,21.0
4783904755296699562,29.0
4783904755296699562,19.0
4783904755296699562,10.0
4783904755296699562,14.0
4783904755296699562,22.0
4783904755296699562,18.0
4783904755296699562,15.0
4783904755296699562,18.0
4783904755296699562,14.0
4783904755296699562,18.0
4783904755296699562,26.0
4783904755296699562,22.0
4783904755296699562,21.0
4783904755296699562,18.0
4783904755296699562,9.0
4783904755296699562,15.0
4783904755296699562,21.0
4783904755296699562,17.0
4783904755296699562,17.0
4783904755296699562,16.0
4783904755296699562,17.0
4783904755296699562,30.0
4783904755296699562,14.0
4783904755296699562,17.0
4783904755296699562,25.0
4783904755296699562,11.0
4783904755296699562,14.0
4783904755296699562,24.0
4783904755296699562,15.0
4783904755296699562,16.0
4783904755296699562,17.0
4783904755296699562,20.0
4783904755296699562,14.0
4783904755296699562,16.0
4783904755296699562,18.0
4783904755296699562,15.0
4783904755296699562,16.0
4783904755296699562,20.0
4783904755296699562,20.0
4783904755296699562,9.0
4783904755296699562,18.0
4783904755296699562,13.0
4783904755296699562,18.0
4783904755296699562,0.0
4783904755296699562,16.0
4783904755296699562,18.0
4783904755296699562,18.0
4783904755296699562,14.0
4783904755296699562,16.0
4783904755296699562,18.0
4783904755296699562,13.0
4783904755296699562,22.0
4783904755296699562,17.0
4783904755296699562,21.0
4783904755296699562,22.0
4783904755296699562,20.0
4783904755296699562,22.0
4783904755296699562,17.0
4783904755296699562,9.0
4783904755296699562,29.0
4783904755296699562,19.0
4783904755296699562,24.0
4783904755296699562,17.0
4783904755296699562,12.0
4783904755296699562,16.0
4783904755296699562,21.0
4783904755296699562,22.0
4783904755296699562,19.0
4783904755296699562,12.0
4783904755296699562,25.0
4783904755296699562,13.0
4783904755296699562,18.0
4783904755296699562,29.0
4783904755296699562,20.0
4783904755296699562,15.0
4783904755296699562,12.0
4783904755296699562,18.0
4783904755296699562,18.0
4783904755296699562,27.0
4783904755296699562,15.0
4783904755296699562,24.0
4783904755296699562,25.0
4783904755296699562,24.0
4783904755296699562,26.0
4783904755296699562,15.0
4783904755296699562,25.0
4783904755296699562,18.0
4783904755296699562,17.0
4783904755296699562,29.0
4783904755296699562,24.0
4783904755296699562,22.0
4783904755296699562,22.0
4783904755296699562,20.0
4783904755296699562,24.0
4783904755296699562,26.0
4783904755296699562,22.0
4783904755296699562,26.0
4783904755296699562,21.0
4783904755296699562,22.0
4783904755296699562,18.0
4783904755296699562,26.0
4783904755296699562,24.0
4783904755296699562,18.0
4783904755296699562,17.0
4783904755296699562,20.0
4783904755296699562,18.0
4783904755296699562,11.0
4783904755296699562,28.0
4783904755296699562,30.0
4783904755296699562,14.0
4783904755296699562,20.0
4783904755296699562,27.0
4783904755296699562,20.0
4783904755296699562,17.0
4783904755296699562,19.0
4783904755296699562,12.0
4783904755296699562,27.0
4783904755296699562,16.0
4783904755296699562,29.0
4783904755296699562,34.0
4783904755296699562,28.0
4783904755296699562,22.0
4783904755296699562,18.0
4783904755296699562,15.0
4783904755296699562,24.0
4783904755296699562,18.0
4783904755296699562,14.0
4783904755296699562,22.0
4783904755296699562,22.0
4783904755296699562,26.0
4498126063475867818,19.0
4498126063475867818,15.0
4498126063475867818,20.0
4498126063475867818,25.0
4498126063475867818,21.0
4498126063475867818,32.0
4498126063475867818,19.0
4498126063475867818,17.0
4498126063475867818,25.0
4498126063475867818,18.0
4498126063475867818,22.0
4498126063475867818,19.0
4498126063475867818,16.0
4498126063475867818,16.0
4498126063475867818,16.0
4498126063475867818,17.0
4498126063475867818,24.0
4498126063475867818,22.0
4498126063475867818,28.0
4498126063475867818,21.0
4498126063475867818,22.0
4498126063475867818,22.0
4498126063475867818,25.0
4498126063475867818,23.0
4498126063475867818,26.0
4498126063475867818,27.0
4498126063475867818,15.0
4498126063475867818,15.0
4498126063475867818,17.0
4498126063475867818,18.0
4498126063475867818,20.0
4498126063475867818,23.0
4498126063475867818,14.0
4498126063475867818,23.0
4498126063475867818,22.0
4498126063475867818,17.0
4498126063475867818,23.0
4498126063475867818,23.0
4498126063475867818,25.0
4498126063475867818,18.0
4498126063475867818,28.0
4498126063475867818,25.0
4498126063475867818,18.0
4498126063475867818,13.0
4498126063475867818,17.0
4498126063475867818,16.0
4498126063475867818,13.0
4498126063475867818,23.0
4498126063475867818,21.0
4498126063475867818,21.0
4498126063475867818,21.0
4498126063475867818,26.0
4498126063475867818,24.0
4498126063475867818,24.0
4498126063475867818,20.0
4498126063475867818,17.0
4498126063475867818,14.0
4498126063475867818,22.0
4498126063475867818,21.0
4498126063475867818,19.0
4498126063475867818,22.0
4498126063475867818,13.0
4498126063475867818,24.0
4498126063475867818,21.0
4498126063475867818,20.0
4498126063475867818,24.0
4498126063475867818,24.0
4498126063475867818,20.0
4498126063475867818,13.0
4498126063475867818,23.0
4498126063475867818,18.0
4498126063475867818,21.0
4498126063475867818,20.0
4498126063475867818,13.0
4498126063475867818,24.0
4498126063475867818,23.0
4498126063475867818,23.0
4498126063475867818,11.0
4498126063475867818,24.0
4498126063475867818,22.0
4498126063475867818,20.0
4498126063475867818,18.0
4498126063475867818,14.0
4498126063475867818,18.0
4498126063475867818,19.0
4498126063475867818,19.0
4498126063475867818,22.0
4498126063475867818,15.0
4498126063475867818,20.0
4498126063475867818,17.0
4498126063475867818,15.0
4498126063475867818,18.0
4498126063475867818,13.0
4498126063475867818,19.0
4498126063475867818,19.0
4498126063475867818,22.0
4498126063475867818,27.0
4498126063475867818,22.0
4498126063475867818,24.0
4498126063475867818,20.0
4498126063475867818,17.0
4498126063475867818,21.0
4498126063475867818,19.0
4498126063475867818,13.0
4498126063475867818,17.0
4498126063475867818,20.0
4498126063475867818,25.0
4498126063475867818,18.0
4498126063475867818,23.0
4498126063475867818,28.0
4498126063475867818,23.0
4498126063475867818,28.0
4498126063475867818,25.0
4498126063475867818,19.0
4498126063475867818,13.0
4498126063475867818,22.0
4498126063475867818,18.0
4498126063475867818,27.0
4498126063475867818,19.0
4498126063475867818,17.0
4498126063475867818,23.0
4498126063475867818,21.0
4498126063475867818,22.0
4498126063475867818,21.0
4498126063475867818,20.0
4498126063475867818,23.0
4498126063475867818,14.0
4498126063475867818,18.0
4498126063475867818,16.0
4498126063475867818,20.0
4498126063475867818,30.0
4498126063475867818,19.0
4498126063475867818,18.0
4498126063475867818,21.0
4498126063475867818,23.0
4498126063475867818,13.0
4498126063475867818,18.0
4498126063475867818,19.0
4498126063475867818,16.0
4498126063475867818,18.0
4498126063475867818,23.0
4498126063475867818,16.0
4498126063475867818,23.0
4498126063475867818,24.0
4498126063475867818,23.0
4498126063475867818,21.0
4498126063475867818,22.0
4498126063475867818,23.0
4498126063475867818,21.0
4498126063475867818,14.0
4498126063475867818,15.0
4498126063475867818,13.0
4498126063475867818,22.0
4498126063475867818,24.0
4498126063475867818,15.0
4498126063475867818,19.0
4498126063475867818,16.0
4498126063475867818,17.0
4498126063475867818,17.0
4498126063475867818,20.0
4498126063475867818,25.0
4498126063475867818,22.0
4498126063475867818,22.0
4498126063475867818,16.0
4498126063475867818,22.0
4498126063475867818,18.0
4498126063475867818,20.0
4498126063475867818,18.0
4498126063475867818,21.0
4498126063475867818,24.0
4498126063475867818,19.0
4498126063475867818,20.0
4498126063475867818,25.0
4498126063475867818,22.0
4498126063475867818,22.0
4498126063475867818,26.0
4498126063475867818,21.0
4498126063475867818,22.0
4498126063475867818,18.0
4498126063475867818,16.0
4498126063475867818,19.0
4498126063475867818,23.0
4498126063475867818,25.0
4498126063475867818,28.0
4498126063475867818,18.0
4498126063475867818,26.0
4498126063475867818,23.0
4498126063475867818,17.0
4498126063475867818,25.0
4498126063475867818,25.0
4498126063475867818,24.0
4498126063475867818,21.0
4498126063475867818,16.0
4498126063475867818,20.0
4498126063475867818,16.0
4498126063475867818,21.0
4498126063475867818,14.0
4498126063475867818,21.0
4498126063475867818,22.0
4498126063475867818,25.0
4498126063475867818,22.0
4498126063475867818,24.0
4498126063475867818,19.0
4498126063475867818,24.0
4498126063475867818,14.0
4498126063475867818,16.0
4498126063475867818,18.0
4498126063475867818,24.0
4498126063475867818,19.0
4498126063475867818,26.0
4498126063475867818,27.0
4498126063475867818,24.0
4498126063475867818,24.0
4498126063475867818,18.0
4498126063475867818,21.0
4498126063475867818,16.0
4498126063475867818,24.0
4498126063475867818,16.0
4498126063475867818,20.0
4498126063475867818,25.0
4498126063475867818,24.0
4498126063475867818,20.0
4498126063475867818,20.0
4498126063475867818,23.0
4498126063475867818,23.0
4498126063475867818,17.0
4498126063475867818,24.0
4498126063475867818,14.0
4498126063475867818,18.0
4498126063475867818,21.0
4498126063475867818,17.0
4498126063475867818,17.0
4498126063475867818,16.0
4498126063475867818,16.0
4498126063475867818,18.0
4498126063475867818,22.0
4498126063475867818,26.0
4498126063475867818,20.0
4498126063475867818,25.0
4498126063475867818,25.0
4498126063475867818,19.0
4498126063475867818,18.0
4498126063475867818,15.0
4498126063475867818,22.0
4498126063475867818,20.0
4498126063475867818,22.0
4498126063475867818,22.0
4498126063475867818,18.0
4498126063475867818,23.0
4498126063475867818,25.0
4498126063475867818,20.0
4498126063475867818,23.0
4498126063475867818,22.0
4498126063475867818,22.0
4498126063475867818,24.0
4498126063475867818,20.0
4498126063475867818,13.0
4498126063475867818,21.0
4498126063475867818,16.0
4498126063475867818,16.0
4498126063475867818,21.0
4498126063475867818,17.0
4498126063475867818,21.0
4498126063475867818,22.0
4498126063475867818,23.0
4498126063475867818,18.0
4498126063475867818,23.0
4498126063475867818,22.0
4498126063475867818,23.0
4498126063475867818,22.0
4498126063475867818,27.0
4498126063475867818,26.0
4498126063475867818,19.0
4498126063475867818,23.0
4498126063475867818,21.0
4498126063475867818,19.0
4498126063475867818,19.0
4498126063475867818,19.0
4498126063475867818,24.0
4498126063475867818,23.0
4498126063475867818,25.0
4498126063475867818,20.0
4498126063475867818,25.0
4498126063475867818,26.0
4498126063475867818,21.0
4498126063475867818,20.0
4498126063475867818,24.0
4498126063475867818,24.0
4498126063475867818,22.0
4498126063475867818,19.0
4498126063475867818,18.0
4498126063475867818,19.0
4498126063475867818,19.0
4498126063475867818,19.0
4498126063475867818,18.0
4498126063475867818,21.0
4498126063475867818,18.0
4498126063475867818,23.0
4498126063475867818,23.0
4498126063475867818,26.0
4498126063475867818,23.0
4498126063475867818,18.0
4498126063475867818,24.0
4498126063475867818,24.0
4498126063475867818,22.0
4498126063475867818,22.0
4498126063475867818,20.0
4498126063475867818,17.0
4498126063475867818,20.0
4498126063475867818,22.0
4498126063475867818,20.0
4498126063475867818,26.0
4498126063475867818,17.0
4498126063475867818,24.0
4498126063475867818,19.0
4498126063475867818,25.0
4498126063475867818,24.0
4498126063475867818,24.0
4498126063475867818,32.0
4498126063475867818,16.0
4498126063475867818,13.0
4498126063475867818,19.0
4498126063475867818,23.0
4498126063475867818,24.0
4498126063475867818,27.0
4498126063475867818,31.0
4498126063475867818,25.0
4498126063475867818,18.0
4498126063475867818,21.0
4498126063475867818,20.0
4498126063475867818,23.0
4498126063475867818,15.0
4498126063475867818,20.0
4498126063475867818,24.0
4498126063475867818,15.0
4498126063475867818,16.0
4498126063475867818,24.0
4498126063475867818,23.0
4498126063475867818,15.0
4498126063475867818,25.0
4498126063475867818,26.0
4498126063475867818,15.0
4498126063475867818,14.0
4498126063475867818,15.0
4498126063475867818,18.0
4498126063475867818,25.0
4498126063475867818,22.0
4498126063475867818,18.0
4498126063475867818,18.0
4498126063475867818,27.0
4498126063475867818,15.0
4498126063475867818,23.0
4498126063475867818,22.0
4498126063475867818,29.0
4498126063475867818,23.0
4498126063475867818,16.0
4498126063475867818,24.0
4498126063475867818,24.0
4498126063475867818,22.0
4498126063475867818,17.0
4498126063475867818,20.0
4498126063475867818,22.0
4498126063475867818,23.0
4498126063475867818,23.0
4498126063475867818,18.0
4498126063475867818,18.0
4498126063475867818,22.0
4498126063475867818,17.0
4498126063475867818,16.0
4498126063475867818,25.0
4498126063475867818,21.0
4498126063475867818,27.0
4498126063475867818,22.0
4498126063475867818,18.0
4498126063475867818,21.0
4498126063475867818,19.0
4498126063475867818,19.0
4498126063475867818,20.0
4498126063475867818,20.0
4498126063475867818,18.0
4498126063475867818,16.0
4498126063475867818,18.0
4498126063475867818,16.0
4498126063475867818,24.0
4498126063475867818,22.0
4498126063475867818,20.0
4498126063475867818,24.0
4498126063475867818,17.0
4498126063475867818,18.0
4498126063475867818,23.0
4498126063475867818,23.0
4498126063475867818,27.0
4498126063475867818,27.0
4498126063475867818,20.0
4498126063475867818,24.0
4498126063475867818,13.0
4498126063475867818,19.0
4498126063475867818,15.0
4498126063475867818,24.0
4498126063475867818,19.0
4498126063475867818,13.0
4498126063475867818,22.0
4498126063475867818,16.0
4498126063475867818,29.0
4498126063475867818,26.0
4498126063475867818,20.0
4498126063475867818,31.0
4498126063475867818,24.0
4498126063475867818,23.0
4498126063475867818,18.0
4498126063475867818,17.0
4498126063475867818,14.0
4498126063475867818,24.0
4498126063475867818,23.0
4498126063475867818,22.0
4498126063475867818,23.0
4498126063475867818,26.0
4498126063475867818,27.0
4498126063475867818,21.0
4498126063475867818,20.0
4498126063475867818,24.0
4498126063475867818,18.0
4498126063475867818,19.0
4498126063475867818,21.0
4498126063475867818,20.0
4498126063475867818,16.0
4498126063475867818,20.0
4498126063475867818,22.0
4498126063475867818,22.0
4498126063475867818,28.0
4498126063475867818,18.0
4498126063475867818,23.0
4498126063475867818,22.0
4498126063475867818,16.0
4498126063475867818,20.0
4498126063475867818,23.0
4498126063475867818,25.0
4498126063475867818,18.0
4498126063475867818,20.0
4498126063475867818,20.0
4498126063475867818,22.0
4498126063475867818,21.0
4498126063475867818,23.0
4498126063475867818,18.0
4498126063475867818,28.0
4498126063475867818,25.0
4498126063475867818,13.0
4498126063475867818,16.0
4498126063475867818,23.0
4498126063475867818,22.0
4498126063475867818,22.0
4498126063475867818,23.0
4498126063475867818,22.0
4498126063475867818,16.0
4498126063475867818,17.0
4498126063475867818,16.0
4498126063475867818,22.0
4498126063475867818,25.0
4498126063475867818,19.0
4498126063475867818,22.0
4498126063475867818,26.0
4498126063475867818,22.0
4498126063475867818,13.0
4498126063475867818,20.0
4498126063475867818,24.0
4498126063475867818,23.0
4498126063475867818,19.0
4498126063475867818,24.0
4498126063475867818,15.0
4498126063475867818,18.0
4498126063475867818,23.0
4498126063475867818,24.0
4498126063475867818,20.0
4498126063475867818,13.0
4498126063475867818,22.0
4498126063475867818,31.0
4498126063475867818,14.0
4498126063475867818,19.0
4498126063475867818,22.0
4498126063475867818,18.0
4498126063475867818,25.0
4498126063475867818,25.0
4498126063475867818,29.0
4498126063475867818,19.0
4498126063475867818,18.0
4498126063475867818,16.0
4498126063475867818,21.0
4498126063475867818,15.0
4498126063475867818,25.0
4498126063475867818,16.0
4498126063475867818,24.0
4498126063475867818,22.0
4498126063475867818,23.0
4498126063475867818,20.0
4498126063475867818,19.0
4498126063475867818,18.0
4498126063475867818,27.0
4498126063475867818,20.0
4498126063475867818,14.0
4498126063475867818,22.0
4498126063475867818,20.0
4498126063475867818,17.0
4498126063475867818,21.0
4498126063475867818,23.0
4498126063475867818,27.0
4498126063475867818,22.0
4498126063475867818,19.0
4498126063475867818,23.0
4498126063475867818,28.0
4498126063475867818,20.0
4498126063475867818,23.0
4498126063475867818,22.0
4498126063475867818,20.0
4498126063475867818,22.0
4498126063475867818,20.0
4498126063475867818,26.0
4498126063475867818,21.0
4498126063475867818,20.0
4498126063475867818,22.0
4498126063475867818,23.0
4498126063475867818,19.0
4498126063475867818,27.0
4498126063475867818,22.0
4498126063475867818,21.0
4498126063475867818,18.0
4498126063475867818,19.0
4498126063475867818,19.0
4498126063475867818,14.0
4498126063475867818,21.0
4498126063475867818,23.0
4498126063475867818,19.0
4498126063475867818,25.0
4498126063475867818,23.0
4498126063475867818,19.0
4498126063475867818,23.0
4498126063475867818,22.0
4498126063475867818,25.0
4498126063475867818,23.0
4498126063475867818,22.0
4498126063475867818,18.0
4498126063475867818,25.0
4498126063475867818,20.0
4498126063475867818,16.0
4498126063475867818,19.0
4498126063475867818,25.0
4498126063475867818,19.0
4498126063475867818,19.0
4498126063475867818,22.0
4498126063475867818,24.0
4498126063475867818,12.0
4498126063475867818,18.0
4498126063475867818,23.0
4498126063475867818,19.0
4498126063475867818,13.0
4498126063475867818,15.0
4498126063475867818,24.0
4498126063475867818,20.0
4498126063475867818,16.0
4498126063475867818,23.0
4498126063475867818,23.0
4498126063475867818,28.0
4498126063475867818,14.0
4498126063475867818,18.0
4498126063475867818,22.0
4498126063475867818,12.0
4498126063475867818,18.0
4498126063475867818,24.0
4498126063475867818,13.0
4498126063475867818,20.0
4498126063475867818,24.0
4498126063475867818,23.0
4498126063475867818,23.0
4498126063475867818,16.0
4498126063475867818,23.0
4498126063475867818,21.0
4498126063475867818,28.0
4498126063475867818,22.0
4498126063475867818,24.0
4498126063475867818,23.0
4498126063475867818,22.0
4498126063475867818,22.0
4498126063475867818,24.0
4498126063475867818,18.0
4498126063475867818,21.0
4498126063475867818,19.0
4498126063475867818,22.0
4498126063475867818,16.0
4498126063475867818,22.0
4498126063475867818,18.0
4498126063475867818,21.0
4498126063475867818,22.0
4498126063475867818,19.0
4498126063475867818,25.0
4498126063475867818,24.0
4498126063475867818,22.0
4498126063475867818,18.0
4498126063475867818,23.0
4498126063475867818,11.0
4498126063475867818,17.0
4498126063475867818,19.0
4498126063475867818,16.0
4498126063475867818,26.0
4498126063475867818,25.0
4498126063475867818,14.0
4498126063475867818,20.0
4498126063475867818,26.0
4498126063475867818,22.0
4498126063475867818,19.0
4498126063475867818,24.0
4498126063475867818,23.0
4498126063475867818,22.0
4498126063475867818,21.0
4498126063475867818,14.0
4498126063475867818,18.0
4498126063475867818,28.0
4498126063475867818,19.0
4498126063475867818,14.0
4498126063475867818,18.0
4498126063475867818,25.0
4498126063475867818,21.0
4498126063475867818,19.0
4498126063475867818,25.0
4498126063475867818,28.0
4498126063475867818,20.0
4498126063475867818,17.0
4498126063475867818,16.0
4498126063475867818,23.0
4498126063475867818,18.0
4498126063475867818,23.0
4498126063475867818,21.0
4498126063475867818,25.0
4498126063475867818,25.0
4498126063475867818,16.0
4498126063475867818,29.0
4498126063475867818,22.0
4498126063475867818,24.0
4498126063475867818,29.0
4498126063475867818,13.0
4498126063475867818,11.0
4498126063475867818,20.0
4498126063475867818,26.0
4498126063475867818,25.0
4498126063475867818,25.0
4498126063475867818,22.0
4498126063475867818,16.0
4498126063475867818,23.0
4498126063475867818,24.0
4498126063475867818,18.0
4498126063475867818,22.0
4498126063475867818,21.0
4498126063475867818,17.0
4498126063475867818,12.0
4498126063475867818,27.0
4498126063475867818,18.0
4498126063475867818,19.0
4498126063475867818,20.0
4498126063475867818,19.0
4498126063475867818,13.0
4498126063475867818,17.0
4498126063475867818,12.0
4498126063475867818,22.0
4498126063475867818,15.0
4498126063475867818,19.0
4498126063475867818,18.0
4498126063475867818,26.0
4498126063475867818,16.0
4498126063475867818,23.0
4498126063475867818,21.0
4498126063475867818,22.0
4498126063475867818,23.0
4498126063475867818,23.0
4498126063475867818,34.0
4498126063475867818,18.0
4498126063475867818,23.0
4498126063475867818,14.0
4498126063475867818,21.0
4498126063475867818,21.0
4498126063475867818,23.0
4498126063475867818,16.0
4498126063475867818,22.0
4498126063475867818,21.0
4498126063475867818,26.0
4498126063475867818,27.0
4498126063475867818,19.0
4498126063475867818,25.0
4498126063475867818,22.0
4498126063475867818,22.0
4498126063475867818,19.0
4498126063475867818,28.0
4498126063475867818,21.0
4498126063475867818,14.0
4498126063475867818,19.0
4498126063475867818,23.0
4498126063475867818,20.0
4498126063475867818,25.0
4498126063475867818,23.0
4498126063475867818,16.0
4498126063475867818,18.0
4498126063475867818,26.0
4498126063475867818,19.0
4498126063475867818,14.0
4498126063475867818,22.0
4498126063475867818,23.0
4498126063475867818,26.0
4498126063475867818,23.0
4498126063475867818,23.0
4498126063475867818,21.0
4498126063475867818,15.0
4498126063475867818,23.0
4498126063475867818,20.0
4498126063475867818,18.0
4498126063475867818,23.0
4498126063475867818,26.0
4498126063475867818,16.0
4498126063475867818,16.0
4498126063475867818,24.0
4498126063475867818,27.0
4498126063475867818,23.0
4498126063475867818,23.0
4498126063475867818,22.0
4498126063475867818,22.0
4498126063475867818,23.0
4498126063475867818,15.0
4498126063475867818,25.0
4498126063475867818,23.0
4498126063475867818,21.0
4498126063475867818,23.0
4498126063475867818,30.0
4498126063475867818,19.0
4498126063475867818,22.0
4498126063475867818,16.0
4498126063475867818,22.0
4498126063475867818,15.0
4498126063475867818,32.0
4498126063475867818,13.0
4498126063475867818,18.0
4498126063475867818,26.0
4498126063475867818,23.0
4498126063475867818,19.0
4498126063475867818,18.0
4498126063475867818,16.0
4498126063475867818,23.0
4498126063475867818,22.0
4498126063475867818,22.0
4498126063475867818,21.0
4498126063475867818,25.0
4498126063475867818,19.0
4498126063475867818,23.0
4498126063475867818,24.0
4498126063475867818,25.0
4498126063475867818,15.0
4498126063475867818,24.0
4498126063475867818,14.0
4498126063475867818,20.0
4498126063475867818,24.0
4498126063475867818,20.0
4498126063475867818,15.0
4498126063475867818,22.0
4498126063475867818,22.0
4498126063475867818,23.0
4498126063475867818,14.0
4498126063475867818,22.0
4498126063475867818,24.0
4498126063475867818,13.0
4498126063475867818,17.0
4498126063475867818,21.0
4498126063475867818,17.0
4498126063475867818,30.0
4498126063475867818,14.0
4498126063475867818,11.0
4498126063475867818,23.0
4498126063475867818,18.0
4498126063475867818,15.0
4498126063475867818,27.0
4498126063475867818,22.0
4498126063475867818,19.0
4498126063475867818,14.0
4498126063475867818,24.0
4498126063475867818,24.0
4498126063475867818,18.0
4498126063475867818,20.0
4498126063475867818,26.0
4498126063475867818,23.0
4498126063475867818,22.0
4498126063475867818,19.0
4498126063475867818,25.0
4498126063475867818,26.0
4498126063475867818,14.0
4498126063475867818,16.0
4498126063475867818,15.0
4498126063475867818,7.0
4498126063475867818,25.0
4498126063475867818,19.0
4498126063475867818,23.0
4498126063475867818,12.0
4498126063475867818,22.0
4498126063475867818,14.0
4498126063475867818,24.0
4498126063475867818,24.0
4498126063475867818,22.0
4498126063475867818,17.0
4498126063475867818,17.0
4498126063475867818,24.0
4498126063475867818,22.0
4498126063475867818,20.0
4498126063475867818,24.0
4498126063475867818,23.0
4498126063475867818,31.0
-1210657672714831684,24.0
-1210657672714831684,20.0
-1210657672714831684,22.0
-1210657672714831684,31.0
-1210657672714831684,30.0
-1210657672714831684,25.0
-1210657672714831684,21.0
-1210657672714831684,25.0
-1210657672714831684,32.0
-1210657672714831684,23.0
-1210657672714831684,36.0
-1210657672714831684,11.0
-1210657672714831684,26.0
-1210657672714831684,30.0
-1210657672714831684,20.0
-1210657672714831684,32.0
-1210657672714831684,36.0
-1210657672714831684,20.0
-1210657672714831684,12.0
-1210657672714831684,24.0
-1210657672714831684,26.0
-1210657672714831684,12.0
-1210657672714831684,25.0
-1210657672714831684,18.0
-1210657672714831684,27.0
-1210657672714831684,19.0
-1210657672714831684,34.0
-1210657672714831684,21.0
-1210657672714831684,26.0
-1210657672714831684,19.0
-1210657672714831684,23.0
-1210657672714831684,21.0
-1210657672714831684,22.0
-1210657672714831684,29.0
-1210657672714831684,29.0
-1210657672714831684,23.0
-1210657672714831684,24.0
-1210657672714831684,19.0
-1210657672714831684,24.0
-1210657672714831684,28.0
-1210657672714831684,20.0
-1210657672714831684,18.0
-1210657672714831684,29.0
-1210657672714831684,26.0
-1210657672714831684,15.0
-1210657672714831684,21.0
-1210657672714831684,26.0
-1210657672714831684,32.0
-1210657672714831684,24.0
-1210657672714831684,27.0
-1210657672714831684,35.0
-1210657672714831684,23.0
-1210657672714831684,27.0
-1210657672714831684,17.0
-1210657672714831684,28.0
-1210657672714831684,30.0
-1210657672714831684,28.0
-1210657672714831684,26.0
-1210657672714831684,15.0
-1210657672714831684,21.0
-1210657672714831684,22.0
-1210657672714831684,27.0
-1210657672714831684,23.0
-1210657672714831684,21.0
-1210657672714831684,19.0
-1210657672714831684,25.0
-1210657672714831684,20.0
-1210657672714831684,20.0
-1210657672714831684,35.0
-1210657672714831684,15.0
-1210657672714831684,21.0
-1210657672714831684,30.0
-1210657672714831684,37.0
-1210657672714831684,23.0
-1210657672714831684,22.0
-1210657672714831684,12.0
-1210657672714831684,30.0
-1210657672714831684,33.0
-1210657672714831684,40.0
-1210657672714831684,26.0
-1210657672714831684,25.0
-1210657672714831684,21.0
-1210657672714831684,22.0
-1210657672714831684,31.0
-1210657672714831684,12.0
-1210657672714831684,11.0
-1210657672714831684,19.0
-1210657672714831684,13.0
-1210657672714831684,14.0
-1210657672714831684,32.0
-1210657672714831684,15.0
-1210657672714831684,22.0
-1210657672714831684,27.0
-1210657672714831684,18.0
-1210657672714831684,26.0
-1210657672714831684,21.0
-1210657672714831684,19.0
-1210657672714831684,18.0
-1210657672714831684,26.0
-1210657672714831684,27.0
-1210657672714831684,22.0
-1210657672714831684,22.0
-1210657672714831684,14.0
-1210657672714831684,20.0
-1210657672714831684,26.0
-1210657672714831684,30.0
-1210657672714831684,31.0
-1210657672714831684,23.0
-1210657672714831684,20.0
-1210657672714831684,15.0
-1210657672714831684,26.0
-1210657672714831684,27.0
-1210657672714831684,22.0
-1210657672714831684,34.0
-1210657672714831684,11.0
-1210657672714831684,20.0
-1210657672714831684,14.0
-1210657672714831684,22.0
-1210657672714831684,15.0
-1210657672714831684,20.0
-1210657672714831684,18.0
-1210657672714831684,28.0
-1210657672714831684,22.0
-1210657672714831684,22.0
-1210657672714831684,21.0
-1210657672714831684,22.0
-1210657672714831684,15.0
-1210657672714831684,15.0
-1210657672714831684,19.0
-1210657672714831684,25.0
-1210657672714831684,36.0
-1210657672714831684,22.0
-1210657672714831684,20.0
-1210657672714831684,14.0
-1210657672714831684,20.0
-1210657672714831684,20.0
-1210657672714831684,25.0
-1210657672714831684,24.0
-1210657672714831684,20.0
-1210657672714831684,30.0
-1210657672714831684,34.0
-1210657672714831684,31.0
-1210657672714831684,19.0
-1210657672714831684,35.0
-1210657672714831684,25.0
-1210657672714831684,28.0
-1210657672714831684,24.0
-1210657672714831684,26.0
-1210657672714831684,22.0
-1210657672714831684,19.0
-1210657672714831684,28.0
-1210657672714831684,17.0
-1210657672714831684,20.0
-1210657672714831684,19.0
-1210657672714831684,24.0
-1210657672714831684,30.0
-1210657672714831684,34.0
-1210657672714831684,25.0
-1210657672714831684,31.0
-1210657672714831684,33.0
-1210657672714831684,32.0
-1210657672714831684,12.0
-1210657672714831684,13.0
-1210657672714831684,17.0
-1210657672714831684,21.0
-1210657672714831684,30.0
-1210657672714831684,22.0
-1210657672714831684,34.0
-1210657672714831684,24.0
-1210657672714831684,26.0
-1210657672714831684,24.0
-1210657672714831684,18.0
-1210657672714831684,31.0
-1210657672714831684,27.0
-1210657672714831684,33.0
-1210657672714831684,29.0
-1210657672714831684,35.0
-1210657672714831684,22.0
-1210657672714831684,21.0
-1210657672714831684,27.0
-1210657672714831684,28.0
-1210657672714831684,21.0
-1210657672714831684,13.0
-1210657672714831684,28.0
-1210657672714831684,26.0
-1210657672714831684,23.0
-1210657672714831684,15.0
-1210657672714831684,28.0
-1210657672714831684,21.0
-1210657672714831684,29.0
-1210657672714831684,20.0
-1210657672714831684,22.0
-1210657672714831684,34.0
-1210657672714831684,25.0
-1210657672714831684,33.0
-1210657672714831684,23.0
-1210657672714831684,27.0
-1210657672714831684,31.0
-1210657672714831684,22.0
-1210657672714831684,26.0
-1210657672714831684,20.0
-1210657672714831684,21.0
-1210657672714831684,16.0
-1210657672714831684,29.0
-1210657672714831684,19.0
-1210657672714831684,36.0
-1210657672714831684,26.0
-1210657672714831684,19.0
-1210657672714831684,23.0
-1210657672714831684,28.0
-1210657672714831684,28.0
-1210657672714831684,26.0
-1210657672714831684,18.0
-1210657672714831684,21.0
-1210657672714831684,30.0
-1210657672714831684,30.0
-1210657672714831684,21.0
-1210657672714831684,26.0
-1210657672714831684,24.0
-1210657672714831684,28.0
-1210657672714831684,22.0
-1210657672714831684,21.0
-1210657672714831684,24.0
-1210657672714831684,22.0
-1210657672714831684,36.0
-1210657672714831684,29.0
-1210657672714831684,29.0
-1210657672714831684,21.0
-1210657672714831684,24.0
-1210657672714831684,19.0
-1210657672714831684,23.0
-1210657672714831684,14.0
-1210657672714831684,20.0
-1210657672714831684,17.0
-1210657672714831684,36.0
-1210657672714831684,20.0
-1210657672714831684,20.0
-1210657672714831684,19.0
-1210657672714831684,31.0
-1210657672714831684,27.0
-1210657672714831684,15.0
-1210657672714831684,30.0
-1210657672714831684,17.0
-1210657672714831684,31.0
-1210657672714831684,20.0
-1210657672714831684,23.0
-1210657672714831684,26.0
-1210657672714831684,33.0
-1210657672714831684,36.0
-1210657672714831684,15.0
-1210657672714831684,27.0
-1210657672714831684,35.0
-1210657672714831684,24.0
-1210657672714831684,12.0
-1210657672714831684,30.0
-1210657672714831684,25.0
-1210657672714831684,35.0
-1210657672714831684,28.0
-1210657672714831684,18.0
-1210657672714831684,20.0
-1210657672714831684,26.0
-1210657672714831684,16.0
-1210657672714831684,34.0
-1210657672714831684,13.0
-1210657672714831684,16.0
-1210657672714831684,36.0
-1210657672714831684,31.0
-1210657672714831684,24.0
-1210657672714831684,27.0
-1210657672714831684,18.0
-1210657672714831684,18.0
-1210657672714831684,22.0
-1210657672714831684,18.0
-1210657672714831684,25.0
-1210657672714831684,23.0
-1210657672714831684,22.0
-1210657672714831684,22.0
-1210657672714831684,13.0
-1210657672714831684,26.0
-1210657672714831684,19.0
-1210657672714831684,20.0
-1210657672714831684,28.0
-1210657672714831684,24.0
-1210657672714831684,36.0
-1210657672714831684,27.0
-1210657672714831684,33.0
-1210657672714831684,22.0
-1210657672714831684,21.0
-1210657672714831684,28.0
-1210657672714831684,16.0
-1210657672714831684,27.0
-1210657672714831684,26.0
-1210657672714831684,19.0
-1210657672714831684,18.0
-1210657672714831684,26.0
-1210657672714831684,20.0
-1210657672714831684,25.0
-1210657672714831684,18.0
-1210657672714831684,29.0
-1210657672714831684,27.0
-1210657672714831684,29.0
-1210657672714831684,24.0
-1210657672714831684,26.0
-1210657672714831684,18.0
-1210657672714831684,15.0
-1210657672714831684,30.0
-1210657672714831684,34.0
-1210657672714831684,22.0
-1210657672714831684,26.0
-1210657672714831684,14.0
-1210657672714831684,22.0
-1210657672714831684,29.0
-1210657672714831684,26.0
-1210657672714831684,17.0
-1210657672714831684,30.0
-1210657672714831684,17.0
-1210657672714831684,20.0
-1210657672714831684,35.0
-1210657672714831684,22.0
-1210657672714831684,20.0
-1210657672714831684,23.0
-1210657672714831684,20.0
-1210657672714831684,21.0
-1210657672714831684,36.0
-1210657672714831684,20.0
-1210657672714831684,20.0
-1210657672714831684,23.0
-1210657672714831684,29.0
-1210657672714831684,24.0
-1210657672714831684,21.0
-1210657672714831684,20.0
-1210657672714831684,26.0
-1210657672714831684,15.0
-1210657672714831684,25.0
-1210657672714831684,23.0
-1210657672714831684,36.0
-1210657672714831684,31.0
-1210657672714831684,20.0
-1210657672714831684,19.0
-1210657672714831684,13.0
-1210657672714831684,18.0
-1210657672714831684,24.0
-1210657672714831684,21.0
-1210657672714831684,11.0
-1210657672714831684,20.0
-1210657672714831684,17.0
-1210657672714831684,33.0
-1210657672714831684,27.0
-1210657672714831684,29.0
-1210657672714831684,20.0
-1210657672714831684,24.0
-1210657672714831684,22.0
-1210657672714831684,30.0
-1210657672714831684,30.0
-1210657672714831684,27.0
-1210657672714831684,31.0
-1210657672714831684,19.0
-1210657672714831684,32.0
-1210657672714831684,16.0
-1210657672714831684,17.0
-1210657672714831684,29.0
-1210657672714831684,18.0
-1210657672714831684,34.0
-1210657672714831684,24.0
-1210657672714831684,34.0
-1210657672714831684,16.0
-1210657672714831684,23.0
-1210657672714831684,20.0
-1210657672714831684,31.0
-1210657672714831684,23.0
-1210657672714831684,24.0
-1210657672714831684,26.0
-1210657672714831684,22.0
-1210657672714831684,34.0
-1210657672714831684,32.0
-1210657672714831684,21.0
-1210657672714831684,25.0
-1210657672714831684,30.0
-1210657672714831684,24.0
-1210657672714831684,17.0
-1210657672714831684,24.0
-1210657672714831684,20.0
-1210657672714831684,21.0
-1210657672714831684,25.0
-1210657672714831684,26.0
-1210657672714831684,23.0
-1210657672714831684,17.0
-1210657672714831684,29.0
-1210657672714831684,29.0
-1210657672714831684,28.0
-1210657672714831684,21.0
-1210657672714831684,17.0
-1210657672714831684,12.0
-1210657672714831684,22.0
-1210657672714831684,27.0
-1210657672714831684,24.0
-1210657672714831684,26.0
-1210657672714831684,30.0
-1210657672714831684,21.0
-1210657672714831684,28.0
-1210657672714831684,24.0
-1210657672714831684,20.0
-1210657672714831684,29.0
-1210657672714831684,19.0
-1210657672714831684,21.0
-1210657672714831684,16.0
-1210657672714831684,22.0
-1210657672714831684,14.0
-1210657672714831684,33.0
-1210657672714831684,35.0
-1210657672714831684,26.0
-1210657672714831684,12.0
-1210657672714831684,38.0
-1210657672714831684,14.0
-1210657672714831684,27.0
-1210657672714831684,24.0
-1210657672714831684,20.0
-1210657672714831684,22.0
-1210657672714831684,28.0
-1210657672714831684,30.0
-1210657672714831684,32.0
-1210657672714831684,26.0
-1210657672714831684,20.0
-1210657672714831684,33.0
-1210657672714831684,23.0
-1210657672714831684,25.0
-1210657672714831684,19.0
-1210657672714831684,26.0
-1210657672714831684,20.0
-1210657672714831684,18.0
-1210657672714831684,24.0
-1210657672714831684,14.0
-1210657672714831684,13.0
-1210657672714831684,20.0
-1210657672714831684,15.0
-1210657672714831684,15.0
-1210657672714831684,20.0
-1210657672714831684,29.0
-1210657672714831684,11.0
-1210657672714831684,20.0
-1210657672714831684,26.0
-1210657672714831684,34.0
-1210657672714831684,14.0
-1210657672714831684,29.0
-1210657672714831684,12.0
-1210657672714831684,32.0
-1210657672714831684,16.0
-1210657672714831684,19.0
-1210657672714831684,24.0
-1210657672714831684,25.0
-1210657672714831684,30.0
-1210657672714831684,19.0
-1210657672714831684,20.0
-1210657672714831684,17.0
-1210657672714831684,21.0
-1210657672714831684,29.0
-1210657672714831684,12.0
-1210657672714831684,19.0
-1210657672714831684,28.0
-1210657672714831684,30.0
-1210657672714831684,26.0
-1210657672714831684,20.0
-1210657672714831684,24.0
-1210657672714831684,24.0
-1210657672714831684,19.0
-1210657672714831684,14.0
-1210657672714831684,21.0
-1210657672714831684,30.0
-1210657672714831684,23.0
-1210657672714831684,29.0
8009761406928052418,19.0
8009761406928052418,30.0
8009761406928052418,19.0
8009761406928052418,12.0
8009761406928052418,27.0
8009761406928052418,23.0
8009761406928052418,25.0
8009761406928052418,18.0
8009761406928052418,26.0
8009761406928052418,18.0
8009761406928052418,25.0
8009761406928052418,31.0
8009761406928052418,14.0
8009761406928052418,15.0
8009761406928052418,14.0
8009761406928052418,19.0
8009761406928052418,17.0
8009761406928052418,20.0
8009761406928052418,20.0
8009761406928052418,16.0
8009761406928052418,21.0
8009761406928052418,20.0
8009761406928052418,20.0
8009761406928052418,20.0
8009761406928052418,26.0
8009761406928052418,18.0
8009761406928052418,20.0
8009761406928052418,24.0
8009761406928052418,25.0
8009761406928052418,24.0
8009761406928052418,18.0
8009761406928052418,27.0
8009761406928052418,22.0
8009761406928052418,26.0
8009761406928052418,11.0
8009761406928052418,29.0
8009761406928052418,14.0
8009761406928052418,14.0
8009761406928052418,21.0
8009761406928052418,14.0
8009761406928052418,12.0
8009761406928052418,29.0
8009761406928052418,25.0
8009761406928052418,26.0
8009761406928052418,18.0
8009761406928052418,24.0
8009761406928052418,19.0
8009761406928052418,21.0
8009761406928052418,39.0
8009761406928052418,16.0
8009761406928052418,26.0
8009761406928052418,20.0
8009761406928052418,25.0
8009761406928052418,27.0
8009761406928052418,19.0
8009761406928052418,19.0
8009761406928052418,20.0
8009761406928052418,22.0
8009761406928052418,25.0
8009761406928052418,18.0
8009761406928052418,38.0
8009761406928052418,20.0
8009761406928052418,13.0
8009761406928052418,13.0
8009761406928052418,22.0
8009761406928052418,14.0
8009761406928052418,14.0
8009761406928052418,25.0
8009761406928052418,24.0
8009761406928052418,17.0
8009761406928052418,16.0
8009761406928052418,25.0
8009761406928052418,19.0
8009761406928052418,17.0
8009761406928052418,20.0
8009761406928052418,24.0
8009761406928052418,19.0
8009761406928052418,23.0
8009761406928052418,28.0
8009761406928052418,17.0
8009761406928052418,23.0
8009761406928052418,19.0
8009761406928052418,17.0
8009761406928052418,25.0
8009761406928052418,27.0
8009761406928052418,14.0
8009761406928052418,23.0
8009761406928052418,19.0
8009761406928052418,29.0
8009761406928052418,17.0
8009761406928052418,23.0
8009761406928052418,20.0
8009761406928052418,13.0
8009761406928052418,25.0
8009761406928052418,18.0
8009761406928052418,16.0
8009761406928052418,24.0
8009761406928052418,25.0
8009761406928052418,15.0
8009761406928052418,30.0
8009761406928052418,18.0
8009761406928052418,12.0
8009761406928052418,28.0
8009761406928052418,32.0
8009761406928052418,17.0
8009761406928052418,20.0
8009761406928052418,18.0
8009761406928052418,27.0
8009761406928052418,28.0
8009761406928052418,18.0
8009761406928052418,24.0
8009761406928052418,24.0
8009761406928052418,20.0
8009761406928052418,21.0
8009761406928052418,19.0
8009761406928052418,16.0
8009761406928052418,19.0
8009761406928052418,16.0
8009761406928052418,19.0
8009761406928052418,29.0
8009761406928052418,20.0
8009761406928052418,13.0
8009761406928052418,28.0
8009761406928052418,32.0
8009761406928052418,22.0
8009761406928052418,22.0
8009761406928052418,18.0
8009761406928052418,12.0
8009761406928052418,20.0
8009761406928052418,14.0
2341788304019377091,17.0
2341788304019377091,21.0
2341788304019377091,16.0
2341788304019377091,46.0
2341788304019377091,26.0
2341788304019377091,22.0
2341788304019377091,18.0
2341788304019377091,37.0
2341788304019377091,23.0
2341788304019377091,16.0
2341788304019377091,24.0
2341788304019377091,23.0
2341788304019377091,15.0
2341788304019377091,19.0
2341788304019377091,17.0
2341788304019377091,18.0
2341788304019377091,16.0
2341788304019377091,16.0
2341788304019377091,27.0
2341788304019377091,25.0
2341788304019377091,18.0
2341788304019377091,18.0
2341788304019377091,12.0
2341788304019377091,15.0
2341788304019377091,17.0
2341788304019377091,22.0
2341788304019377091,23.0
2341788304019377091,16.0
2341788304019377091,10.0
2341788304019377091,24.0
2341788304019377091,13.0
2341788304019377091,19.0
2341788304019377091,16.0
2341788304019377091,13.0
2341788304019377091,19.0
2341788304019377091,20.0
2341788304019377091,16.0
2341788304019377091,21.0
2341788304019377091,15.0
2341788304019377091,16.0
2341788304019377091,15.0
2341788304019377091,13.0
2341788304019377091,11.0
2341788304019377091,25.0
2341788304019377091,24.0
2341788304019377091,19.0
2341788304019377091,24.0
2341788304019377091,18.0
2341788304019377091,14.0
2341788304019377091,22.0
2341788304019377091,19.0
2341788304019377091,17.0
2341788304019377091,25.0
2341788304019377091,14.0
2341788304019377091,25.0
2341788304019377091,26.0
2341788304019377091,21.0
2341788304019377091,20.0
2341788304019377091,18.0
2341788304019377091,22.0
2341788304019377091,18.0
2341788304019377091,25.0
2341788304019377091,18.0
2341788304019377091,16.0
2341788304019377091,21.0
2341788304019377091,18.0
2341788304019377091,17.0
2341788304019377091,24.0
2341788304019377091,18.0
2341788304019377091,16.0
2341788304019377091,17.0
2341788304019377091,20.0
2341788304019377091,20.0
2341788304019377091,15.0
2341788304019377091,25.0
2341788304019377091,21.0
2341788304019377091,13.0
2341788304019377091,20.0
2341788304019377091,16.0
2341788304019377091,22.0
2341788304019377091,37.0
2341788304019377091,30.0
2341788304019377091,13.0
2341788304019377091,17.0
2341788304019377091,24.0
2341788304019377091,20.0
2341788304019377091,17.0
2341788304019377091,18.0
2341788304019377091,21.0
2341788304019377091,22.0
2341788304019377091,12.0
2341788304019377091,18.0
2341788304019377091,18.0
2341788304019377091,13.0
2341788304019377091,22.0
2341788304019377091,25.0
2341788304019377091,12.0
2341788304019377091,16.0
2341788304019377091,22.0
2341788304019377091,16.0
2341788304019377091,23.0
2341788304019377091,22.0
2341788304019377091,21.0
2341788304019377091,13.0
2341788304019377091,13.0
2341788304019377091,23.0
2341788304019377091,18.0
2341788304019377091,17.0
2341788304019377091,23.0
2341788304019377091,16.0
2341788304019377091,19.0
2341788304019377091,20.0
2341788304019377091,17.0
2341788304019377091,21.0
2341788304019377091,20.0
2341788304019377091,18.0
2341788304019377091,17.0
2341788304019377091,15.0
2341788304019377091,17.0
2341788304019377091,14.0
2341788304019377091,15.0
2341788304019377091,18.0
2341788304019377091,25.0
2341788304019377091,24.0
2341788304019377091,17.0
2341788304019377091,24.0
2341788304019377091,12.0
2341788304019377091,16.0
2341788304019377091,16.0
2341788304019377091,15.0
2341788304019377091,18.0
2341788304019377091,24.0
2341788304019377091,17.0
2341788304019377091,15.0
2341788304019377091,23.0
2341788304019377091,15.0
2341788304019377091,17.0
2341788304019377091,16.0
2341788304019377091,16.0
2341788304019377091,15.0
2341788304019377091,20.0
2341788304019377091,26.0
2341788304019377091,21.0
2341788304019377091,15.0
2341788304019377091,17.0
2341788304019377091,20.0
2341788304019377091,28.0
2341788304019377091,16.0
2341788304019377091,22.0
2341788304019377091,15.0
2341788304019377091,16.0
2341788304019377091,13.0
2341788304019377091,21.0
2341788304019377091,17.0
2341788304019377091,21.0
2341788304019377091,17.0
2341788304019377091,18.0
2341788304019377091,16.0
2341788304019377091,17.0
2341788304019377091,12.0
2341788304019377091,16.0
2341788304019377091,17.0
2341788304019377091,21.0
2341788304019377091,21.0
2341788304019377091,19.0
2341788304019377091,18.0
2341788304019377091,18.0
2341788304019377091,20.0
2341788304019377091,20.0
2341788304019377091,13.0
2341788304019377091,20.0
2341788304019377091,13.0
2341788304019377091,14.0
2341788304019377091,22.0
2341788304019377091,17.0
2341788304019377091,15.0
2341788304019377091,12.0
2341788304019377091,24.0
2341788304019377091,22.0
2341788304019377091,26.0
2341788304019377091,16.0
2341788304019377091,19.0
2341788304019377091,21.0
2341788304019377091,22.0
2341788304019377091,20.0
2341788304019377091,20.0
2341788304019377091,18.0
2341788304019377091,14.0
2341788304019377091,11.0
2341788304019377091,9.0
2341788304019377091,22.0
2341788304019377091,22.0
2341788304019377091,17.0
2341788304019377091,18.0
2341788304019377091,18.0
2341788304019377091,21.0
2341788304019377091,13.0
2341788304019377091,21.0
2341788304019377091,22.0
2341788304019377091,17.0
2341788304019377091,14.0
2341788304019377091,23.0
2341788304019377091,17.0
2341788304019377091,16.0
2341788304019377091,12.0
2341788304019377091,13.0
2341788304019377091,23.0
2341788304019377091,24.0
2341788304019377091,16.0
2341788304019377091,10.0
2341788304019377091,17.0
2341788304019377091,17.0
2341788304019377091,16.0
2341788304019377091,21.0
2341788304019377091,20.0
2341788304019377091,23.0
2341788304019377091,21.0
2341788304019377091,22.0
2341788304019377091,23.0
2341788304019377091,20.0
2341788304019377091,23.0
2341788304019377091,26.0
2341788304019377091,26.0
2341788304019377091,18.0
2341788304019377091,20.0
2341788304019377091,21.0
2341788304019377091,21.0
2341788304019377091,9.0
2341788304019377091,18.0
2341788304019377091,31.0
2341788304019377091,16.0
2341788304019377091,9.0
2341788304019377091,18.0
2341788304019377091,26.0
2341788304019377091,16.0
2341788304019377091,17.0
2341788304019377091,27.0
2341788304019377091,12.0
2341788304019377091,13.0
2341788304019377091,17.0
2341788304019377091,20.0
2341788304019377091,19.0
2341788304019377091,20.0
2341788304019377091,16.0
2341788304019377091,18.0
2341788304019377091,23.0
2341788304019377091,16.0
2341788304019377091,15.0
2341788304019377091,11.0
2341788304019377091,18.0
2341788304019377091,19.0
2341788304019377091,25.0
2341788304019377091,18.0
2341788304019377091,20.0
2341788304019377091,25.0
2341788304019377091,23.0
2341788304019377091,14.0
2341788304019377091,19.0
2341788304019377091,15.0
2341788304019377091,18.0
2341788304019377091,16.0
2341788304019377091,19.0
2341788304019377091,23.0
2341788304019377091,17.0
2341788304019377091,17.0
2341788304019377091,16.0
2341788304019377091,16.0
2341788304019377091,17.0
2341788304019377091,25.0
2341788304019377091,30.0
2341788304019377091,22.0
2341788304019377091,14.0
2341788304019377091,13.0
2341788304019377091,16.0
2341788304019377091,27.0
2341788304019377091,23.0
2341788304019377091,19.0
2341788304019377091,15.0
2341788304019377091,20.0
2341788304019377091,25.0
2341788304019377091,17.0
2341788304019377091,16.0
2341788304019377091,26.0
2341788304019377091,13.0
2341788304019377091,20.0
2341788304019377091,17.0
2341788304019377091,16.0
2341788304019377091,21.0
2341788304019377091,22.0
2341788304019377091,22.0
2341788304019377091,22.0
2341788304019377091,27.0
2341788304019377091,21.0
2341788304019377091,20.0
2341788304019377091,15.0
2341788304019377091,19.0
2341788304019377091,27.0
2341788304019377091,14.0
2341788304019377091,16.0
2341788304019377091,22.0
2341788304019377091,17.0
2341788304019377091,23.0
2341788304019377091,25.0
2341788304019377091,23.0
2341788304019377091,17.0
2341788304019377091,18.0
2341788304019377091,16.0
2341788304019377091,23.0
2341788304019377091,22.0
2341788304019377091,15.0
2341788304019377091,11.0
2341788304019377091,29.0
2341788304019377091,22.0
2341788304019377091,19.0
2341788304019377091,25.0
2341788304019377091,16.0
2341788304019377091,18.0
2341788304019377091,20.0
2341788304019377091,20.0
2341788304019377091,23.0
2341788304019377091,21.0
2341788304019377091,25.0
2341788304019377091,21.0
2341788304019377091,19.0
2341788304019377091,9.0
2341788304019377091,28.0
2341788304019377091,16.0
2341788304019377091,18.0
2341788304019377091,24.0
2341788304019377091,17.0
2341788304019377091,23.0
2341788304019377091,11.0
2341788304019377091,13.0
2341788304019377091,15.0
2341788304019377091,17.0
2341788304019377091,14.0
2341788304019377091,22.0
2341788304019377091,20.0
2341788304019377091,18.0
2341788304019377091,20.0
2341788304019377091,18.0
2341788304019377091,20.0
2341788304019377091,16.0
2341788304019377091,23.0
2341788304019377091,16.0
2341788304019377091,18.0
2341788304019377091,12.0
2341788304019377091,19.0
2341788304019377091,18.0
2341788304019377091,23.0
2341788304019377091,31.0
2341788304019377091,15.0
2341788304019377091,26.0
2341788304019377091,21.0
2341788304019377091,23.0
2341788304019377091,21.0
2341788304019377091,20.0
2341788304019377091,26.0
2341788304019377091,16.0
2341788304019377091,17.0
2341788304019377091,18.0
2341788304019377091,31.0
2341788304019377091,17.0
2341788304019377091,24.0
2341788304019377091,10.0
2341788304019377091,19.0
2341788304019377091,20.0
2341788304019377091,20.0
2341788304019377091,20.0
2341788304019377091,18.0
2341788304019377091,14.0
2341788304019377091,14.0
2341788304019377091,19.0
2341788304019377091,18.0
2341788304019377091,25.0
2341788304019377091,19.0
2341788304019377091,16.0
2341788304019377091,22.0
2341788304019377091,16.0
2341788304019377091,21.0
2341788304019377091,17.0
2341788304019377091,22.0
2341788304019377091,17.0
2341788304019377091,22.0
2341788304019377091,16.0
2341788304019377091,22.0
2341788304019377091,18.0
2341788304019377091,17.0
2341788304019377091,17.0
2341788304019377091,15.0
2341788304019377091,21.0
2341788304019377091,21.0
2341788304019377091,16.0
2341788304019377091,15.0
2341788304019377091,15.0
2341788304019377091,22.0
2341788304019377091,22.0
2341788304019377091,18.0
2341788304019377091,18.0
2341788304019377091,16.0
2341788304019377091,21.0
2341788304019377091,19.0
2341788304019377091,19.0
2341788304019377091,25.0
2341788304019377091,18.0
2341788304019377091,17.0
2341788304019377091,25.0
2341788304019377091,18.0
2341788304019377091,12.0
2341788304019377091,18.0
2341788304019377091,14.0
2341788304019377091,19.0
2341788304019377091,18.0
2341788304019377091,24.0
2341788304019377091,22.0
2341788304019377091,17.0
2341788304019377091,15.0
2341788304019377091,15.0
2341788304019377091,16.0
2341788304019377091,19.0
2341788304019377091,17.0
2341788304019377091,14.0
2341788304019377091,17.0
2341788304019377091,23.0
2341788304019377091,16.0
2341788304019377091,15.0
2341788304019377091,16.0
2341788304019377091,20.0
2341788304019377091,16.0
2341788304019377091,25.0
2341788304019377091,18.0
2341788304019377091,16.0
2341788304019377091,22.0
2341788304019377091,15.0
2341788304019377091,16.0
2341788304019377091,14.0
2341788304019377091,17.0
2341788304019377091,20.0
2341788304019377091,24.0
2341788304019377091,21.0
2341788304019377091,26.0
2341788304019377091,16.0
2341788304019377091,14.0
2341788304019377091,18.0
2341788304019377091,18.0
2341788304019377091,17.0
7918537411740862407,19.0
7918537411740862407,23.0
7918537411740862407,13.0
7918537411740862407,19.0
7918537411740862407,18.0
7918537411740862407,18.0
7918537411740862407,16.0
7918537411740862407,19.0
7918537411740862407,17.0
7918537411740862407,14.0
7918537411740862407,20.0
7918537411740862407,23.0
7918537411740862407,20.0
7918537411740862407,16.0
7918537411740862407,21.0
7918537411740862407,19.0
7918537411740862407,17.0
7918537411740862407,17.0
7918537411740862407,16.0
7918537411740862407,24.0
7918537411740862407,15.0
7918537411740862407,19.0
7918537411740862407,20.0
7918537411740862407,22.0
7918537411740862407,15.0
7918537411740862407,58.0
7918537411740862407,10.0
7918537411740862407,21.0
7918537411740862407,23.0
7918537411740862407,18.0
7918537411740862407,18.0
7918537411740862407,14.0
7918537411740862407,21.0
7918537411740862407,18.0
7918537411740862407,22.0
7918537411740862407,22.0
7918537411740862407,15.0
7918537411740862407,14.0
7918537411740862407,15.0
7918537411740862407,17.0
7918537411740862407,21.0
7918537411740862407,15.0
7918537411740862407,13.0
7918537411740862407,23.0
7918537411740862407,19.0
7918537411740862407,15.0
7918537411740862407,18.0
7918537411740862407,20.0
7918537411740862407,16.0
7918537411740862407,23.0
7918537411740862407,14.0
7918537411740862407,14.0
7918537411740862407,18.0
7918537411740862407,14.0
7918537411740862407,13.0
7918537411740862407,18.0
7918537411740862407,18.0
7918537411740862407,29.0
7918537411740862407,25.0
7918537411740862407,19.0
7918537411740862407,16.0
7918537411740862407,15.0
7918537411740862407,17.0
7918537411740862407,16.0
7918537411740862407,14.0
7918537411740862407,14.0
7918537411740862407,18.0
7918537411740862407,16.0
7918537411740862407,16.0
7918537411740862407,16.0
7918537411740862407,21.0
7918537411740862407,25.0
7918537411740862407,18.0
7918537411740862407,15.0
7918537411740862407,16.0
7918537411740862407,18.0
7918537411740862407,16.0
7918537411740862407,19.0
7918537411740862407,17.0
7918537411740862407,16.0
7918537411740862407,16.0
7918537411740862407,17.0
7918537411740862407,15.0
7918537411740862407,20.0
7918537411740862407,15.0
7918537411740862407,17.0
7918537411740862407,18.0
7918537411740862407,15.0
7918537411740862407,18.0
7918537411740862407,15.0
7918537411740862407,18.0
7918537411740862407,15.0
7918537411740862407,17.0
7918537411740862407,18.0
7918537411740862407,21.0
7918537411740862407,19.0
7918537411740862407,15.0
7918537411740862407,16.0
7918537411740862407,15.0
7918537411740862407,4.0
7918537411740862407,17.0
7918537411740862407,14.0
7918537411740862407,15.0
7918537411740862407,19.0
7918537411740862407,18.0
7918537411740862407,21.0
7918537411740862407,13.0
7918537411740862407,18.0
7918537411740862407,13.0
7918537411740862407,27.0
7918537411740862407,19.0
7918537411740862407,19.0
7918537411740862407,12.0
7918537411740862407,14.0
7918537411740862407,19.0
7918537411740862407,17.0
7918537411740862407,16.0
7918537411740862407,14.0
7918537411740862407,15.0
7918537411740862407,15.0
7918537411740862407,16.0
7918537411740862407,14.0
7918537411740862407,16.0
7918537411740862407,26.0
7918537411740862407,22.0
7918537411740862407,16.0
7918537411740862407,14.0
7918537411740862407,18.0
7918537411740862407,14.0
7918537411740862407,9.0
7918537411740862407,19.0
7918537411740862407,20.0
7918537411740862407,17.0
7918537411740862407,16.0
7918537411740862407,17.0
7918537411740862407,15.0
7918537411740862407,15.0
7918537411740862407,17.0
7918537411740862407,14.0
7918537411740862407,14.0
7918537411740862407,19.0
7918537411740862407,14.0
7918537411740862407,16.0
7918537411740862407,17.0
7918537411740862407,19.0
7918537411740862407,18.0
7918537411740862407,15.0
7918537411740862407,21.0
7918537411740862407,16.0
7918537411740862407,20.0
7918537411740862407,18.0
7918537411740862407,16.0
7918537411740862407,17.0
7918537411740862407,15.0
7918537411740862407,18.0
7918537411740862407,22.0
7918537411740862407,15.0
7918537411740862407,15.0
7918537411740862407,13.0
7918537411740862407,15.0
7918537411740862407,15.0
7918537411740862407,26.0
7918537411740862407,15.0
7918537411740862407,17.0
7918537411740862407,19.0
7918537411740862407,19.0
7918537411740862407,21.0
7918537411740862407,14.0
7918537411740862407,15.0
7918537411740862407,19.0
7918537411740862407,18.0
7918537411740862407,13.0
7918537411740862407,16.0
7918537411740862407,17.0
7918537411740862407,20.0
7918537411740862407,15.0
7918537411740862407,15.0
7918537411740862407,15.0
7918537411740862407,32.0
7918537411740862407,16.0
7918537411740862407,17.0
7918537411740862407,16.0
7918537411740862407,24.0
7918537411740862407,18.0
7918537411740862407,18.0
7918537411740862407,20.0
7918537411740862407,20.0
7918537411740862407,18.0
7918537411740862407,20.0
7918537411740862407,15.0
7918537411740862407,20.0
7918537411740862407,18.0
7918537411740862407,14.0
7918537411740862407,14.0
7918537411740862407,15.0
7918537411740862407,18.0
7918537411740862407,21.0
7918537411740862407,17.0
7918537411740862407,16.0
7918537411740862407,29.0
7918537411740862407,18.0
7918537411740862407,19.0
7918537411740862407,16.0
7918537411740862407,16.0
7918537411740862407,11.0
7918537411740862407,16.0
7918537411740862407,15.0
7918537411740862407,21.0
7918537411740862407,16.0
7918537411740862407,18.0
7918537411740862407,25.0
7918537411740862407,21.0
7918537411740862407,15.0
7918537411740862407,22.0
7918537411740862407,20.0
7918537411740862407,18.0
7918537411740862407,15.0
7918537411740862407,16.0
7918537411740862407,18.0
7918537411740862407,26.0
7918537411740862407,14.0
7918537411740862407,6.0
7918537411740862407,14.0
7918537411740862407,19.0
7918537411740862407,21.0
7918537411740862407,14.0
7918537411740862407,23.0
7918537411740862407,15.0
7918537411740862407,19.0
7918537411740862407,18.0
7918537411740862407,12.0
7918537411740862407,20.0
7918537411740862407,13.0
7918537411740862407,20.0
7918537411740862407,14.0
7918537411740862407,15.0
7918537411740862407,16.0
7918537411740862407,15.0
7918537411740862407,19.0
7918537411740862407,22.0
7918537411740862407,17.0
7918537411740862407,13.0
7918537411740862407,16.0
7918537411740862407,15.0
7918537411740862407,15.0
7918537411740862407,15.0
7918537411740862407,26.0
7918537411740862407,15.0
7918537411740862407,17.0
7918537411740862407,11.0
7918537411740862407,16.0
7918537411740862407,19.0
7918537411740862407,13.0
7918537411740862407,15.0
7918537411740862407,16.0
7918537411740862407,16.0
7918537411740862407,18.0
7918537411740862407,15.0
7918537411740862407,24.0
7918537411740862407,18.0
7918537411740862407,19.0
7918537411740862407,17.0
7918537411740862407,16.0
7918537411740862407,24.0
7918537411740862407,15.0
7918537411740862407,20.0
7918537411740862407,15.0
7918537411740862407,20.0
7918537411740862407,31.0
7918537411740862407,19.0
7918537411740862407,16.0
7918537411740862407,14.0
7918537411740862407,19.0
7918537411740862407,24.0
7918537411740862407,18.0
7918537411740862407,15.0
7918537411740862407,18.0
7918537411740862407,14.0
7918537411740862407,18.0
7918537411740862407,19.0
7918537411740862407,17.0
7918537411740862407,19.0
7918537411740862407,18.0
7918537411740862407,17.0
7918537411740862407,14.0
7918537411740862407,23.0
7918537411740862407,21.0
7918537411740862407,16.0
7918537411740862407,15.0
7918537411740862407,17.0
7918537411740862407,13.0
7918537411740862407,16.0
7918537411740862407,20.0
7918537411740862407,15.0
7918537411740862407,16.0
7918537411740862407,20.0
7918537411740862407,18.0
7918537411740862407,20.0
7918537411740862407,13.0
7918537411740862407,18.0
7918537411740862407,16.0
7918537411740862407,15.0
7918537411740862407,19.0
7918537411740862407,18.0
7918537411740862407,22.0
7918537411740862407,19.0
7918537411740862407,22.0
7918537411740862407,19.0
7918537411740862407,15.0
7918537411740862407,15.0
7918537411740862407,14.0
7918537411740862407,18.0
7918537411740862407,17.0
7918537411740862407,23.0
7918537411740862407,17.0
7918537411740862407,21.0
7918537411740862407,16.0
7918537411740862407,16.0
7918537411740862407,22.0
7918537411740862407,15.0
7918537411740862407,15.0
7918537411740862407,22.0
7918537411740862407,21.0
7918537411740862407,18.0
7918537411740862407,18.0
7918537411740862407,22.0
7918537411740862407,16.0
7918537411740862407,16.0
7918537411740862407,19.0
7918537411740862407,21.0
7918537411740862407,17.0
7918537411740862407,15.0
7918537411740862407,19.0
7918537411740862407,15.0
7918537411740862407,17.0
7918537411740862407,15.0
7918537411740862407,17.0
7918537411740862407,14.0
7918537411740862407,16.0
7918537411740862407,19.0
7918537411740862407,15.0
7918537411740862407,19.0
7918537411740862407,17.0
7918537411740862407,20.0
7918537411740862407,24.0
7918537411740862407,17.0
7918537411740862407,23.0
7918537411740862407,21.0
7918537411740862407,21.0
7918537411740862407,19.0
7918537411740862407,18.0
7918537411740862407,21.0
7918537411740862407,21.0
7918537411740862407,21.0
7918537411740862407,21.0
7918537411740862407,19.0
7918537411740862407,15.0
7918537411740862407,13.0
7918537411740862407,20.0
7918537411740862407,21.0
7918537411740862407,15.0
7918537411740862407,16.0
7918537411740862407,20.0
7918537411740862407,13.0
7918537411740862407,14.0
7918537411740862407,17.0
7918537411740862407,0.0
7918537411740862407,18.0
7918537411740862407,13.0
7918537411740862407,13.0
7918537411740862407,11.0
7918537411740862407,24.0
7918537411740862407,18.0
7918537411740862407,14.0
7918537411740862407,20.0
7918537411740862407,18.0
7918537411740862407,18.0
7918537411740862407,17.0
7918537411740862407,17.0
7918537411740862407,18.0
7918537411740862407,17.0
7918537411740862407,20.0
7918537411740862407,15.0
7918537411740862407,17.0
7918537411740862407,15.0
7918537411740862407,12.0
7918537411740862407,21.0
7918537411740862407,14.0
7918537411740862407,18.0
7918537411740862407,19.0
7918537411740862407,19.0
7918537411740862407,15.0
7918537411740862407,17.0
7918537411740862407,13.0
7918537411740862407,14.0
7918537411740862407,21.0
7918537411740862407,16.0
7918537411740862407,16.0
7918537411740862407,19.0
7918537411740862407,13.0
7918537411740862407,16.0
7918537411740862407,25.0
7918537411740862407,23.0
7918537411740862407,19.0
7918537411740862407,20.0
7918537411740862407,21.0
7918537411740862407,15.0
7918537411740862407,17.0
7918537411740862407,15.0
7918537411740862407,14.0
7918537411740862407,18.0
7918537411740862407,17.0
7918537411740862407,15.0
7918537411740862407,20.0
7918537411740862407,15.0
7918537411740862407,23.0
7918537411740862407,20.0
7918537411740862407,13.0
7918537411740862407,15.0
7918537411740862407,14.0
7918537411740862407,15.0
7918537411740862407,15.0
7918537411740862407,13.0
7918537411740862407,25.0
7918537411740862407,19.0
7918537411740862407,12.0
7918537411740862407,16.0
7918537411740862407,13.0
7918537411740862407,16.0
7918537411740862407,17.0
7918537411740862407,17.0
7918537411740862407,14.0
7918537411740862407,21.0
7918537411740862407,16.0
7918537411740862407,17.0
7918537411740862407,17.0
7918537411740862407,14.0
7918537411740862407,22.0
7918537411740862407,15.0
7918537411740862407,14.0
7918537411740862407,17.0
7918537411740862407,12.0
7918537411740862407,19.0
7918537411740862407,15.0
7918537411740862407,14.0
7918537411740862407,22.0
7918537411740862407,13.0
7918537411740862407,21.0
7918537411740862407,18.0
7918537411740862407,13.0
7918537411740862407,15.0
7918537411740862407,21.0
7918537411740862407,14.0
7918537411740862407,19.0
7918537411740862407,23.0
7918537411740862407,19.0
7918537411740862407,19.0
7918537411740862407,11.0
7918537411740862407,20.0
7918537411740862407,15.0
7918537411740862407,15.0
7918537411740862407,15.0
7918537411740862407,16.0
7918537411740862407,13.0
7918537411740862407,19.0
7918537411740862407,20.0
7918537411740862407,20.0
7918537411740862407,13.0
7918537411740862407,30.0
7918537411740862407,15.0
7918537411740862407,23.0
7918537411740862407,15.0
7918537411740862407,17.0
7918537411740862407,20.0
7918537411740862407,21.0
7918537411740862407,14.0
7918537411740862407,21.0
7918537411740862407,20.0
7918537411740862407,32.0
7918537411740862407,19.0
7918537411740862407,17.0
7918537411740862407,15.0
7918537411740862407,19.0
7918537411740862407,16.0
7918537411740862407,13.0
7918537411740862407,14.0
7918537411740862407,18.0
7918537411740862407,17.0
7918537411740862407,21.0
7918537411740862407,20.0
7918537411740862407,19.0
7918537411740862407,15.0
7918537411740862407,20.0
7918537411740862407,19.0
7918537411740862407,21.0
7918537411740862407,13.0
7918537411740862407,21.0
7918537411740862407,13.0
7918537411740862407,16.0
7918537411740862407,14.0
7918537411740862407,18.0
7918537411740862407,13.0
7918537411740862407,18.0
7918537411740862407,12.0
7918537411740862407,22.0
7918537411740862407,17.0
7918537411740862407,14.0
7918537411740862407,20.0
7918537411740862407,15.0
7918537411740862407,13.0
7918537411740862407,10.0
7918537411740862407,14.0
7918537411740862407,17.0
7918537411740862407,18.0
7918537411740862407,17.0
7918537411740862407,24.0
7918537411740862407,18.0
7918537411740862407,27.0
7918537411740862407,22.0
7918537411740862407,24.0
7918537411740862407,36.0
7918537411740862407,21.0
7918537411740862407,14.0
7918537411740862407,22.0
7918537411740862407,14.0
7918537411740862407,19.0
7918537411740862407,15.0
7918537411740862407,15.0
7918537411740862407,19.0
7918537411740862407,19.0
7918537411740862407,17.0
7918537411740862407,18.0
7918537411740862407,19.0
7918537411740862407,15.0
7918537411740862407,19.0
7918537411740862407,16.0
7918537411740862407,15.0
7918537411740862407,18.0
7918537411740862407,17.0
7918537411740862407,17.0
7918537411740862407,18.0
7918537411740862407,14.0
7918537411740862407,20.0
7918537411740862407,18.0
7918537411740862407,18.0
7918537411740862407,13.0
7918537411740862407,16.0
7918537411740862407,22.0
7918537411740862407,15.0
7918537411740862407,15.0
7918537411740862407,33.0
7918537411740862407,16.0
7918537411740862407,17.0
7918537411740862407,17.0
7918537411740862407,20.0
7918537411740862407,18.0
7918537411740862407,17.0
7918537411740862407,21.0
7918537411740862407,14.0
7918537411740862407,21.0
7918537411740862407,20.0
7918537411740862407,17.0
7918537411740862407,32.0
7918537411740862407,17.0
7918537411740862407,16.0
7918537411740862407,21.0
7918537411740862407,18.0
7918537411740862407,20.0
7918537411740862407,22.0
7918537411740862407,22.0
7918537411740862407,15.0
7918537411740862407,13.0
7918537411740862407,16.0
7918537411740862407,20.0
7918537411740862407,14.0
7918537411740862407,16.0
7918537411740862407,18.0
7918537411740862407,18.0
7918537411740862407,22.0
7918537411740862407,29.0
7918537411740862407,16.0
7918537411740862407,17.0
7918537411740862407,17.0
7918537411740862407,19.0
7918537411740862407,18.0
7918537411740862407,18.0
7918537411740862407,20.0
7918537411740862407,16.0
7918537411740862407,23.0
7918537411740862407,15.0
7918537411740862407,20.0
7918537411740862407,16.0
7918537411740862407,16.0
7918537411740862407,19.0
7918537411740862407,15.0
7918537411740862407,15.0
7918537411740862407,15.0
7918537411740862407,16.0
7918537411740862407,17.0
7918537411740862407,14.0
7918537411740862407,15.0
7918537411740862407,15.0
7918537411740862407,18.0
7918537411740862407,15.0
7918537411740862407,20.0
7918537411740862407,14.0
7918537411740862407,18.0
7918537411740862407,19.0
7918537411740862407,16.0
7918537411740862407,17.0
7918537411740862407,25.0
7918537411740862407,15.0
7918537411740862407,25.0
7918537411740862407,16.0
7918537411740862407,25.0
7918537411740862407,15.0
7918537411740862407,21.0
7918537411740862407,13.0
7918537411740862407,22.0
7918537411740862407,14.0
7918537411740862407,19.0
7918537411740862407,16.0
7918537411740862407,22.0
7918537411740862407,17.0
7918537411740862407,23.0
7918537411740862407,13.0
7918537411740862407,21.0
7918537411740862407,16.0
7918537411740862407,20.0
7918537411740862407,19.0
7918537411740862407,19.0
7918537411740862407,14.0
7918537411740862407,16.0
7918537411740862407,19.0
7918537411740862407,17.0
7918537411740862407,18.0
7918537411740862407,15.0
7918537411740862407,15.0
7918537411740862407,20.0
7918537411740862407,19.0
7918537411740862407,15.0
7918537411740862407,19.0
7918537411740862407,16.0
7918537411740862407,25.0
7918537411740862407,18.0
7918537411740862407,18.0
7918537411740862407,16.0
7918537411740862407,15.0
7918537411740862407,19.0
7918537411740862407,15.0
7918537411740862407,14.0
7918537411740862407,19.0
7918537411740862407,18.0
7918537411740862407,21.0
7918537411740862407,15.0
7918537411740862407,20.0
7918537411740862407,22.0
7918537411740862407,19.0
7918537411740862407,16.0
7918537411740862407,14.0
7918537411740862407,16.0
7918537411740862407,16.0
7918537411740862407,19.0
7918537411740862407,14.0
7918537411740862407,19.0
7918537411740862407,13.0
7918537411740862407,21.0
7918537411740862407,16.0
7918537411740862407,14.0
7918537411740862407,21.0
7918537411740862407,22.0
7918537411740862407,16.0
7918537411740862407,22.0
7918537411740862407,20.0
7918537411740862407,19.0
7918537411740862407,17.0
7918537411740862407,21.0
7918537411740862407,14.0
7918537411740862407,17.0
7918537411740862407,19.0
7918537411740862407,15.0
7918537411740862407,18.0
7918537411740862407,14.0
7918537411740862407,19.0
7918537411740862407,15.0
7918537411740862407,17.0
7918537411740862407,16.0
7918537411740862407,14.0
7918537411740862407,22.0
7918537411740862407,21.0
7918537411740862407,16.0
7918537411740862407,22.0
7918537411740862407,19.0
7918537411740862407,23.0
7918537411740862407,18.0
7918537411740862407,17.0
7918537411740862407,21.0
7918537411740862407,13.0
7918537411740862407,25.0
7918537411740862407,22.0
7918537411740862407,23.0
7918537411740862407,18.0
7918537411740862407,20.0
7918537411740862407,19.0
7918537411740862407,16.0
7918537411740862407,18.0
7918537411740862407,12.0
7918537411740862407,9.0
7918537411740862407,23.0
7918537411740862407,22.0
7918537411740862407,16.0
7918537411740862407,14.0
7918537411740862407,14.0
7918537411740862407,18.0
7918537411740862407,18.0
7918537411740862407,21.0
7918537411740862407,15.0
7918537411740862407,20.0
7918537411740862407,18.0
7918537411740862407,21.0
7918537411740862407,21.0
7918537411740862407,45.0
7918537411740862407,20.0
7918537411740862407,16.0
7918537411740862407,17.0
7918537411740862407,21.0
7918537411740862407,12.0
7918537411740862407,16.0
7918537411740862407,15.0
7918537411740862407,16.0
7918537411740862407,20.0
7918537411740862407,15.0
7918537411740862407,18.0
7918537411740862407,15.0
7918537411740862407,24.0
7918537411740862407,22.0
7918537411740862407,22.0
7918537411740862407,14.0
7918537411740862407,18.0
7918537411740862407,16.0
7918537411740862407,29.0
7918537411740862407,17.0
7918537411740862407,15.0
7918537411740862407,20.0
7918537411740862407,20.0
7918537411740862407,16.0
7918537411740862407,17.0
7918537411740862407,16.0
7918537411740862407,14.0
7918537411740862407,13.0
7918537411740862407,16.0
7918537411740862407,20.0
7918537411740862407,16.0
7918537411740862407,22.0
7918537411740862407,31.0
7918537411740862407,20.0
7918537411740862407,18.0
7918537411740862407,15.0
7918537411740862407,17.0
7918537411740862407,20.0
7918537411740862407,20.0
7918537411740862407,17.0
7918537411740862407,13.0
7918537411740862407,21.0
7918537411740862407,18.0
7918537411740862407,14.0
7918537411740862407,21.0
7918537411740862407,18.0
7918537411740862407,16.0
7918537411740862407,16.0
7918537411740862407,17.0
7918537411740862407,21.0
7918537411740862407,15.0
7918537411740862407,18.0
7918537411740862407,15.0
7918537411740862407,14.0
7918537411740862407,22.0
7918537411740862407,19.0
7918537411740862407,15.0
7918537411740862407,14.0
7918537411740862407,21.0
7918537411740862407,21.0
7918537411740862407,15.0
7918537411740862407,14.0
7918537411740862407,20.0
7918537411740862407,18.0
7918537411740862407,13.0
7918537411740862407,17.0
7918537411740862407,22.0
7918537411740862407,14.0
7918537411740862407,15.0
7918537411740862407,17.0
7918537411740862407,19.0
7918537411740862407,13.0
7918537411740862407,18.0
7918537411740862407,17.0
7918537411740862407,16.0
7918537411740862407,17.0
7918537411740862407,17.0
7918537411740862407,14.0
7918537411740862407,21.0
7918537411740862407,13.0
7918537411740862407,14.0
7918537411740862407,13.0
7918537411740862407,33.0
7918537411740862407,19.0
7918537411740862407,17.0
7918537411740862407,16.0
7918537411740862407,15.0
7918537411740862407,17.0
7918537411740862407,19.0
7918537411740862407,16.0
7918537411740862407,17.0
7918537411740862407,18.0
7918537411740862407,13.0
7918537411740862407,22.0
7918537411740862407,13.0
7918537411740862407,19.0
7918537411740862407,19.0
7918537411740862407,18.0
7918537411740862407,17.0
7918537411740862407,17.0
7918537411740862407,18.0
7918537411740862407,52.0
7918537411740862407,17.0
7918537411740862407,15.0
7918537411740862407,20.0
7918537411740862407,15.0
7918537411740862407,19.0
7918537411740862407,16.0
7918537411740862407,20.0
7918537411740862407,10.0
7918537411740862407,21.0
7918537411740862407,21.0
7918537411740862407,17.0
7918537411740862407,15.0
7918537411740862407,29.0
7918537411740862407,13.0
7918537411740862407,16.0
7918537411740862407,14.0
7918537411740862407,21.0
7918537411740862407,19.0
7918537411740862407,17.0
7918537411740862407,21.0
7918537411740862407,21.0
7918537411740862407,21.0
7918537411740862407,17.0
7918537411740862407,22.0
7918537411740862407,19.0
7918537411740862407,16.0
7918537411740862407,15.0
7918537411740862407,15.0
7918537411740862407,21.0
7918537411740862407,20.0
7918537411740862407,20.0
7918537411740862407,14.0
7918537411740862407,15.0
7918537411740862407,20.0
7918537411740862407,18.0
7918537411740862407,18.0
7918537411740862407,15.0
7918537411740862407,18.0
7918537411740862407,17.0
7918537411740862407,23.0
7918537411740862407,15.0
7918537411740862407,24.0
7918537411740862407,20.0
7918537411740862407,21.0
7918537411740862407,18.0
7918537411740862407,20.0
7918537411740862407,27.0
7918537411740862407,17.0
7918537411740862407,10.0
7918537411740862407,21.0
7918537411740862407,16.0
7918537411740862407,15.0
7918537411740862407,17.0
7918537411740862407,16.0
7918537411740862407,20.0
7918537411740862407,19.0
7918537411740862407,15.0
7918537411740862407,14.0
7918537411740862407,19.0
7918537411740862407,20.0
7918537411740862407,15.0
7918537411740862407,21.0
7918537411740862407,23.0
7918537411740862407,22.0
7918537411740862407,15.0
7918537411740862407,18.0
7918537411740862407,17.0
7918537411740862407,10.0
7918537411740862407,16.0
7918537411740862407,13.0
7918537411740862407,15.0
7918537411740862407,21.0
7918537411740862407,13.0
7918537411740862407,15.0
7918537411740862407,14.0
7918537411740862407,18.0
7918537411740862407,17.0
7918537411740862407,20.0
7918537411740862407,15.0
7918537411740862407,16.0
7918537411740862407,13.0
7918537411740862407,27.0
7918537411740862407,21.0
7918537411740862407,19.0
7918537411740862407,14.0
7918537411740862407,19.0
7918537411740862407,20.0
7918537411740862407,18.0
7918537411740862407,18.0
7918537411740862407,24.0
7918537411740862407,19.0
7918537411740862407,23.0
7918537411740862407,19.0
7918537411740862407,20.0
7918537411740862407,14.0
7918537411740862407,20.0
7918537411740862407,17.0
7918537411740862407,13.0
7918537411740862407,16.0
7918537411740862407,18.0
7918537411740862407,18.0
7918537411740862407,16.0
7918537411740862407,16.0
7918537411740862407,17.0
7918537411740862407,15.0
7918537411740862407,33.0
7918537411740862407,18.0
7918537411740862407,20.0
7918537411740862407,15.0
7918537411740862407,23.0
7918537411740862407,14.0
7918537411740862407,22.0
7918537411740862407,19.0
7918537411740862407,16.0
7918537411740862407,18.0
7918537411740862407,15.0
7918537411740862407,13.0
7918537411740862407,16.0
7918537411740862407,20.0
7918537411740862407,14.0
7918537411740862407,22.0
7918537411740862407,16.0
7918537411740862407,11.0
7918537411740862407,18.0
7918537411740862407,17.0
7918537411740862407,14.0
7918537411740862407,15.0
7918537411740862407,29.0
7918537411740862407,25.0
7918537411740862407,28.0
7918537411740862407,21.0
7918537411740862407,17.0
7918537411740862407,16.0
7918537411740862407,17.0
7918537411740862407,26.0
7918537411740862407,15.0
7918537411740862407,22.0
7918537411740862407,18.0
7918537411740862407,15.0
7918537411740862407,15.0
7918537411740862407,20.0
7918537411740862407,19.0
7918537411740862407,18.0
7918537411740862407,13.0
7918537411740862407,21.0
7918537411740862407,19.0
7918537411740862407,18.0
7918537411740862407,14.0
7918537411740862407,20.0
7918537411740862407,22.0
7918537411740862407,12.0
7918537411740862407,16.0
7918537411740862407,18.0
7918537411740862407,18.0
7918537411740862407,19.0
7918537411740862407,20.0
7918537411740862407,20.0
7918537411740862407,33.0
7918537411740862407,14.0
7918537411740862407,17.0
7918537411740862407,20.0
7918537411740862407,21.0
7918537411740862407,22.0
7918537411740862407,25.0
7918537411740862407,15.0
7918537411740862407,15.0
7918537411740862407,14.0
7918537411740862407,16.0
7918537411740862407,23.0
7918537411740862407,21.0
7918537411740862407,19.0
7918537411740862407,15.0
7918537411740862407,21.0
7918537411740862407,16.0
7918537411740862407,17.0
7918537411740862407,19.0
7918537411740862407,15.0
7918537411740862407,16.0
7918537411740862407,17.0
7918537411740862407,20.0
7918537411740862407,16.0
7918537411740862407,19.0
7918537411740862407,16.0
7918537411740862407,21.0
7918537411740862407,15.0
7918537411740862407,15.0
7918537411740862407,15.0
7918537411740862407,11.0
7918537411740862407,19.0
7918537411740862407,21.0
7918537411740862407,14.0
7918537411740862407,20.0
7918537411740862407,17.0
7918537411740862407,13.0
7918537411740862407,18.0
7918537411740862407,17.0
7918537411740862407,18.0
7918537411740862407,17.0
7918537411740862407,14.0
7918537411740862407,13.0
7918537411740862407,22.0
7918537411740862407,15.0
7918537411740862407,23.0
7918537411740862407,18.0
7918537411740862407,18.0
7918537411740862407,17.0
7918537411740862407,16.0
7918537411740862407,19.0
7918537411740862407,24.0
7918537411740862407,14.0
7918537411740862407,13.0
7918537411740862407,15.0
7918537411740862407,25.0
7918537411740862407,18.0
7918537411740862407,19.0
7918537411740862407,15.0
7918537411740862407,13.0
7918537411740862407,14.0
7918537411740862407,17.0
7918537411740862407,16.0
7918537411740862407,16.0
7918537411740862407,15.0
7918537411740862407,18.0
7918537411740862407,15.0
7918537411740862407,15.0
7918537411740862407,22.0
7918537411740862407,14.0
7918537411740862407,20.0
7918537411740862407,14.0
7918537411740862407,14.0
7918537411740862407,17.0
7918537411740862407,21.0
7918537411740862407,16.0
7918537411740862407,19.0
7918537411740862407,11.0
7918537411740862407,14.0
7918537411740862407,17.0
7918537411740862407,17.0
7918537411740862407,21.0
7918537411740862407,20.0
7918537411740862407,15.0
7918537411740862407,24.0
7918537411740862407,22.0
7918537411740862407,18.0
7918537411740862407,23.0
7918537411740862407,20.0
7918537411740862407,19.0
7918537411740862407,15.0
7918537411740862407,26.0
7918537411740862407,20.0
7918537411740862407,16.0
7918537411740862407,17.0
7918537411740862407,22.0
7918537411740862407,20.0
7918537411740862407,24.0
7918537411740862407,15.0
7918537411740862407,17.0
7918537411740862407,15.0
7918537411740862407,20.0
7918537411740862407,16.0
7918537411740862407,14.0
7918537411740862407,12.0
7918537411740862407,19.0
7918537411740862407,13.0
7918537411740862407,19.0
7918537411740862407,17.0
7918537411740862407,15.0
7918537411740862407,19.0
7918537411740862407,19.0
7918537411740862407,22.0
7918537411740862407,14.0
7918537411740862407,19.0
7918537411740862407,16.0
7918537411740862407,19.0
7918537411740862407,13.0
7918537411740862407,15.0
7918537411740862407,19.0
7918537411740862407,16.0
7918537411740862407,20.0
7918537411740862407,16.0
7918537411740862407,23.0
7918537411740862407,18.0
7918537411740862407,14.0
7918537411740862407,18.0
7918537411740862407,16.0
7918537411740862407,21.0
7918537411740862407,15.0
7918537411740862407,15.0
7918537411740862407,20.0
7918537411740862407,15.0
7918537411740862407,21.0
7918537411740862407,20.0
7918537411740862407,16.0
7918537411740862407,19.0
7918537411740862407,12.0
7918537411740862407,15.0
7918537411740862407,23.0
7918537411740862407,18.0
7918537411740862407,19.0
7918537411740862407,10.0
7918537411740862407,14.0
7918537411740862407,17.0
7918537411740862407,18.0
7918537411740862407,20.0
7918537411740862407,18.0
7918537411740862407,18.0
7918537411740862407,16.0
7918537411740862407,16.0
7918537411740862407,15.0
7918537411740862407,26.0
7918537411740862407,29.0
7918537411740862407,21.0
7918537411740862407,14.0
7918537411740862407,16.0
7918537411740862407,16.0
7918537411740862407,17.0
7918537411740862407,20.0
7918537411740862407,12.0
7918537411740862407,27.0
7918537411740862407,17.0
7918537411740862407,14.0
7918537411740862407,14.0
7918537411740862407,15.0
7918537411740862407,19.0
7918537411740862407,14.0
7918537411740862407,14.0
7918537411740862407,16.0
7918537411740862407,22.0
7918537411740862407,17.0
7918537411740862407,18.0
7918537411740862407,13.0
7918537411740862407,17.0
7918537411740862407,14.0
7918537411740862407,18.0
7918537411740862407,19.0
7918537411740862407,18.0
7918537411740862407,13.0
7918537411740862407,22.0
7918537411740862407,16.0
7918537411740862407,16.0
7918537411740862407,17.0
7918537411740862407,25.0
7918537411740862407,20.0
7918537411740862407,21.0
7918537411740862407,15.0
7918537411740862407,20.0
7918537411740862407,18.0
7918537411740862407,15.0
7918537411740862407,15.0
7918537411740862407,19.0
7918537411740862407,20.0
7918537411740862407,17.0
7918537411740862407,16.0
7918537411740862407,20.0
7918537411740862407,16.0
7918537411740862407,21.0
7918537411740862407,19.0
7918537411740862407,21.0
7918537411740862407,23.0
7918537411740862407,20.0
7918537411740862407,19.0
7918537411740862407,18.0
7918537411740862407,15.0
7918537411740862407,19.0
7918537411740862407,17.0
7918537411740862407,19.0
7918537411740862407,16.0
7918537411740862407,20.0
7918537411740862407,20.0
7918537411740862407,16.0
7918537411740862407,19.0
7918537411740862407,19.0
7918537411740862407,19.0
7918537411740862407,23.0
7918537411740862407,14.0
7918537411740862407,18.0
7918537411740862407,19.0
7918537411740862407,20.0
7918537411740862407,19.0
7918537411740862407,15.0
7918537411740862407,14.0
7918537411740862407,17.0
7918537411740862407,17.0
7918537411740862407,19.0
7918537411740862407,20.0
7918537411740862407,21.0
7918537411740862407,14.0
7918537411740862407,14.0
7918537411740862407,14.0
7918537411740862407,19.0
7918537411740862407,20.0
7918537411740862407,17.0
7918537411740862407,18.0
7918537411740862407,14.0
7918537411740862407,19.0
7918537411740862407,21.0
7918537411740862407,15.0
7918537411740862407,17.0
7918537411740862407,23.0
7918537411740862407,14.0
7918537411740862407,17.0
7918537411740862407,19.0
7918537411740862407,15.0
7918537411740862407,16.0
7918537411740862407,16.0
7918537411740862407,17.0
7918537411740862407,23.0
7918537411740862407,15.0
7918537411740862407,20.0
7918537411740862407,19.0
7918537411740862407,21.0
7918537411740862407,9.0
7918537411740862407,18.0
7918537411740862407,23.0
7918537411740862407,15.0
7918537411740862407,15.0
7918537411740862407,17.0
7918537411740862407,11.0
7918537411740862407,29.0
7918537411740862407,19.0
7918537411740862407,17.0
7918537411740862407,14.0
7918537411740862407,20.0
7918537411740862407,17.0
7918537411740862407,18.0
7918537411740862407,19.0
7918537411740862407,16.0
7918537411740862407,22.0
7918537411740862407,23.0
7918537411740862407,18.0
7918537411740862407,14.0
7918537411740862407,15.0
7918537411740862407,18.0
7918537411740862407,15.0
7918537411740862407,16.0
7918537411740862407,17.0
7918537411740862407,20.0
7918537411740862407,22.0
7918537411740862407,19.0
7918537411740862407,17.0
7918537411740862407,18.0
7918537411740862407,44.0
7918537411740862407,26.0
7918537411740862407,17.0
7918537411740862407,10.0
7918537411740862407,14.0
7918537411740862407,19.0
7918537411740862407,17.0
7918537411740862407,15.0
7918537411740862407,23.0
7918537411740862407,14.0
7918537411740862407,16.0
7918537411740862407,16.0
7918537411740862407,19.0
7918537411740862407,20.0
7918537411740862407,18.0
7918537411740862407,16.0
7918537411740862407,16.0
7918537411740862407,17.0
7918537411740862407,22.0
7918537411740862407,15.0
7918537411740862407,14.0
7918537411740862407,23.0
7918537411740862407,8.0
7918537411740862407,17.0
7918537411740862407,18.0
7918537411740862407,27.0
7918537411740862407,16.0
7918537411740862407,16.0
7918537411740862407,14.0
7918537411740862407,15.0
7918537411740862407,19.0
7918537411740862407,14.0
7918537411740862407,13.0
7918537411740862407,18.0
7918537411740862407,21.0
7918537411740862407,17.0
7918537411740862407,15.0
7918537411740862407,14.0
7918537411740862407,19.0
7918537411740862407,17.0
7918537411740862407,9.0
7918537411740862407,19.0
7918537411740862407,13.0
7918537411740862407,19.0
7918537411740862407,17.0
7918537411740862407,20.0
7918537411740862407,17.0
7918537411740862407,14.0
7918537411740862407,15.0
7918537411740862407,22.0
7918537411740862407,17.0
7918537411740862407,20.0
7918537411740862407,20.0
7918537411740862407,18.0
7918537411740862407,18.0
7918537411740862407,20.0
7918537411740862407,22.0
7918537411740862407,18.0
7918537411740862407,18.0
7918537411740862407,14.0
7918537411740862407,23.0
7918537411740862407,14.0
7918537411740862407,17.0
7918537411740862407,16.0
7918537411740862407,21.0
7918537411740862407,16.0
7918537411740862407,16.0
7918537411740862407,18.0
7918537411740862407,14.0
7918537411740862407,15.0
7918537411740862407,18.0
7918537411740862407,20.0
7918537411740862407,21.0
7918537411740862407,20.0
7918537411740862407,15.0
7918537411740862407,16.0
7918537411740862407,18.0
7918537411740862407,15.0
7918537411740862407,13.0
7918537411740862407,17.0
7918537411740862407,14.0
7918537411740862407,18.0
7918537411740862407,16.0
7918537411740862407,14.0
7918537411740862407,14.0
7918537411740862407,16.0
7918537411740862407,13.0
7918537411740862407,18.0
7918537411740862407,17.0
7918537411740862407,15.0
7918537411740862407,15.0
7918537411740862407,19.0
7918537411740862407,22.0
7918537411740862407,20.0
7918537411740862407,22.0
7918537411740862407,17.0
7918537411740862407,21.0
7918537411740862407,14.0
7918537411740862407,14.0
7918537411740862407,16.0
7918537411740862407,20.0
7918537411740862407,13.0
7918537411740862407,14.0
7918537411740862407,21.0
7918537411740862407,16.0
7918537411740862407,13.0
7918537411740862407,14.0
7918537411740862407,15.0
7918537411740862407,19.0
7918537411740862407,21.0
7918537411740862407,18.0
7918537411740862407,19.0
7918537411740862407,18.0
7918537411740862407,18.0
7918537411740862407,16.0
7918537411740862407,14.0
7918537411740862407,21.0
7918537411740862407,15.0
7918537411740862407,23.0
7918537411740862407,16.0
7918537411740862407,18.0
7918537411740862407,19.0
7918537411740862407,15.0
7918537411740862407,19.0
7918537411740862407,16.0
7918537411740862407,16.0
7918537411740862407,23.0
7918537411740862407,14.0
7918537411740862407,13.0
7918537411740862407,21.0
7918537411740862407,35.0
7918537411740862407,20.0
7918537411740862407,24.0
7918537411740862407,31.0
7918537411740862407,16.0
7918537411740862407,13.0
7918537411740862407,16.0
7918537411740862407,14.0
7918537411740862407,18.0
7918537411740862407,21.0
7918537411740862407,15.0
7918537411740862407,20.0
7918537411740862407,15.0
7918537411740862407,19.0
7918537411740862407,14.0
7918537411740862407,16.0
7918537411740862407,15.0
7918537411740862407,18.0
7918537411740862407,15.0
7918537411740862407,19.0
7918537411740862407,18.0
7918537411740862407,15.0
7918537411740862407,15.0
7918537411740862407,17.0
7918537411740862407,15.0
7918537411740862407,16.0
7918537411740862407,21.0
7918537411740862407,18.0
7918537411740862407,16.0
7918537411740862407,14.0
7918537411740862407,18.0
7918537411740862407,18.0
7918537411740862407,20.0
7918537411740862407,23.0
7918537411740862407,16.0
7918537411740862407,6.0
7918537411740862407,18.0
7918537411740862407,15.0
7918537411740862407,14.0
7918537411740862407,21.0
7918537411740862407,19.0
7918537411740862407,19.0
7918537411740862407,18.0
7918537411740862407,17.0
7918537411740862407,17.0
7918537411740862407,20.0
7918537411740862407,22.0
7918537411740862407,18.0
7918537411740862407,15.0
7918537411740862407,18.0
7918537411740862407,20.0
7918537411740862407,18.0
7918537411740862407,20.0
7918537411740862407,17.0
7918537411740862407,21.0
7918537411740862407,22.0
7918537411740862407,15.0
7918537411740862407,22.0
7918537411740862407,18.0
7918537411740862407,21.0
7918537411740862407,19.0
7918537411740862407,23.0
7918537411740862407,19.0
7918537411740862407,20.0
7918537411740862407,21.0
7918537411740862407,23.0
7918537411740862407,15.0
7918537411740862407,14.0
7918537411740862407,19.0
7918537411740862407,16.0
7918537411740862407,38.0
7918537411740862407,16.0
7918537411740862407,21.0
7918537411740862407,13.0
7918537411740862407,16.0
7918537411740862407,17.0
7918537411740862407,19.0
7918537411740862407,22.0
7918537411740862407,16.0
7918537411740862407,14.0
7918537411740862407,15.0
7918537411740862407,14.0
7918537411740862407,15.0
7918537411740862407,18.0
7918537411740862407,14.0
7918537411740862407,16.0
7918537411740862407,15.0
7918537411740862407,14.0
7918537411740862407,15.0
7918537411740862407,13.0
7918537411740862407,28.0
7918537411740862407,20.0
7918537411740862407,16.0
7918537411740862407,14.0
7918537411740862407,21.0
7918537411740862407,20.0
7918537411740862407,15.0
7918537411740862407,18.0
7918537411740862407,13.0
7918537411740862407,20.0
7918537411740862407,18.0
7918537411740862407,19.0
7918537411740862407,15.0
7918537411740862407,15.0
7918537411740862407,19.0
7918537411740862407,16.0
7918537411740862407,15.0
7918537411740862407,15.0
7918537411740862407,14.0
7918537411740862407,15.0
7918537411740862407,12.0
7918537411740862407,18.0
7918537411740862407,16.0
7918537411740862407,14.0
7918537411740862407,12.0
7918537411740862407,20.0
7918537411740862407,15.0
7918537411740862407,16.0
7918537411740862407,14.0
7918537411740862407,16.0
7918537411740862407,16.0
7918537411740862407,16.0
7918537411740862407,15.0
7918537411740862407,18.0
7918537411740862407,16.0
7918537411740862407,15.0
7918537411740862407,17.0
7918537411740862407,20.0
7918537411740862407,19.0
7918537411740862407,19.0
7918537411740862407,14.0
7918537411740862407,15.0
7918537411740862407,14.0
7918537411740862407,15.0
7918537411740862407,14.0
7918537411740862407,18.0
7918537411740862407,16.0
7918537411740862407,20.0
7918537411740862407,18.0
7918537411740862407,18.0
7918537411740862407,15.0
7918537411740862407,23.0
7918537411740862407,16.0
7918537411740862407,19.0
7918537411740862407,15.0
7918537411740862407,9.0
7918537411740862407,15.0
7918537411740862407,19.0
7918537411740862407,15.0
7918537411740862407,17.0
7918537411740862407,15.0
7918537411740862407,19.0
7918537411740862407,18.0
7918537411740862407,30.0
7918537411740862407,19.0
7918537411740862407,22.0
7918537411740862407,19.0
7918537411740862407,15.0
7918537411740862407,18.0
7918537411740862407,19.0
7918537411740862407,20.0
7918537411740862407,18.0
7918537411740862407,15.0
7918537411740862407,54.0
7918537411740862407,16.0
7918537411740862407,17.0
7918537411740862407,13.0
7918537411740862407,20.0
7918537411740862407,21.0
7918537411740862407,20.0
7918537411740862407,16.0
7918537411740862407,20.0
7918537411740862407,18.0
7918537411740862407,17.0
7918537411740862407,23.0
7918537411740862407,18.0
7918537411740862407,20.0
7918537411740862407,19.0
7918537411740862407,13.0
7918537411740862407,14.0
7918537411740862407,20.0
7918537411740862407,15.0
7918537411740862407,20.0
7918537411740862407,19.0
7918537411740862407,22.0
7918537411740862407,15.0
7918537411740862407,18.0
7918537411740862407,13.0
7918537411740862407,15.0
7918537411740862407,13.0
7918537411740862407,19.0
7918537411740862407,22.0
7918537411740862407,22.0
7918537411740862407,19.0
7918537411740862407,15.0
7918537411740862407,19.0
7918537411740862407,15.0
7918537411740862407,20.0
7918537411740862407,17.0
7918537411740862407,15.0
7918537411740862407,18.0
7918537411740862407,21.0
7918537411740862407,16.0
7918537411740862407,25.0
7918537411740862407,19.0
7918537411740862407,16.0
7918537411740862407,14.0
7918537411740862407,19.0
7918537411740862407,21.0
7918537411740862407,16.0
7918537411740862407,14.0
7918537411740862407,18.0
7918537411740862407,15.0
7918537411740862407,17.0
7918537411740862407,17.0
7918537411740862407,22.0
7918537411740862407,39.0
7918537411740862407,23.0
7918537411740862407,21.0
7918537411740862407,19.0
7918537411740862407,16.0
7918537411740862407,14.0
7918537411740862407,16.0
7918537411740862407,19.0
7918537411740862407,19.0
7918537411740862407,16.0
7918537411740862407,16.0
7918537411740862407,21.0
7918537411740862407,14.0
7918537411740862407,16.0
7918537411740862407,20.0
7918537411740862407,21.0
7918537411740862407,0.0
7918537411740862407,14.0
7918537411740862407,21.0
7918537411740862407,20.0
7918537411740862407,16.0
7918537411740862407,16.0
7918537411740862407,16.0
7918537411740862407,13.0
7918537411740862407,16.0
7918537411740862407,20.0
7918537411740862407,27.0
7918537411740862407,13.0
7918537411740862407,14.0
7918537411740862407,21.0
7918537411740862407,15.0
7918537411740862407,15.0
7918537411740862407,14.0
7918537411740862407,17.0
7918537411740862407,24.0
7918537411740862407,15.0
7918537411740862407,22.0
7918537411740862407,17.0
7918537411740862407,24.0
7918537411740862407,0.0
7918537411740862407,16.0
7918537411740862407,20.0
7918537411740862407,16.0
7918537411740862407,17.0
7918537411740862407,18.0
7918537411740862407,14.0
7918537411740862407,21.0
7918537411740862407,15.0
7918537411740862407,16.0
7918537411740862407,15.0
7918537411740862407,19.0
7918537411740862407,16.0
7918537411740862407,18.0
7918537411740862407,16.0
7918537411740862407,15.0
7918537411740862407,16.0
7918537411740862407,14.0
7918537411740862407,14.0
7918537411740862407,21.0
7918537411740862407,0.0
7918537411740862407,18.0
7918537411740862407,22.0
7918537411740862407,14.0
7918537411740862407,19.0
7918537411740862407,19.0
7918537411740862407,19.0
7918537411740862407,13.0
7918537411740862407,18.0
7918537411740862407,18.0
7918537411740862407,24.0
7918537411740862407,15.0
7918537411740862407,16.0
7918537411740862407,15.0
7918537411740862407,15.0
7918537411740862407,18.0
7918537411740862407,24.0
7918537411740862407,14.0
7918537411740862407,21.0
7918537411740862407,19.0
7918537411740862407,16.0
7918537411740862407,14.0
7918537411740862407,21.0
7918537411740862407,22.0
7918537411740862407,14.0
7918537411740862407,15.0
7918537411740862407,19.0
7918537411740862407,15.0
7918537411740862407,21.0
7918537411740862407,17.0
7918537411740862407,20.0
7918537411740862407,22.0
7918537411740862407,15.0
7918537411740862407,16.0
7918537411740862407,20.0
7918537411740862407,20.0
7918537411740862407,22.0
7918537411740862407,16.0
7918537411740862407,18.0
7918537411740862407,19.0
7918537411740862407,22.0
7918537411740862407,21.0
7918537411740862407,14.0
7918537411740862407,16.0
7918537411740862407,16.0
7918537411740862407,17.0
7918537411740862407,15.0
7918537411740862407,13.0
7918537411740862407,18.0
7918537411740862407,14.0
7918537411740862407,16.0
7918537411740862407,17.0
7918537411740862407,15.0
7918537411740862407,14.0
7918537411740862407,18.0
7918537411740862407,17.0
7918537411740862407,16.0
7918537411740862407,15.0
7918537411740862407,12.0
7918537411740862407,18.0
7918537411740862407,19.0
7918537411740862407,20.0
7918537411740862407,18.0
7918537411740862407,14.0
7918537411740862407,15.0
7918537411740862407,17.0
7918537411740862407,16.0
7918537411740862407,13.0
7918537411740862407,18.0
7918537411740862407,19.0
7918537411740862407,22.0
7918537411740862407,21.0
7918537411740862407,16.0
7918537411740862407,18.0
7918537411740862407,21.0
7918537411740862407,18.0
7918537411740862407,18.0
7918537411740862407,15.0
7918537411740862407,15.0
7918537411740862407,14.0
7918537411740862407,20.0
7918537411740862407,17.0
7918537411740862407,23.0
7918537411740862407,16.0
7918537411740862407,16.0
7918537411740862407,17.0
7918537411740862407,24.0
7918537411740862407,19.0
7918537411740862407,16.0
7918537411740862407,20.0
7918537411740862407,17.0
7918537411740862407,17.0
7918537411740862407,22.0
7918537411740862407,19.0
7918537411740862407,19.0
7918537411740862407,16.0
7918537411740862407,16.0
7918537411740862407,15.0
7918537411740862407,12.0
7918537411740862407,19.0
7918537411740862407,19.0
7918537411740862407,19.0
7918537411740862407,19.0
7918537411740862407,20.0
7918537411740862407,15.0
7918537411740862407,16.0
7918537411740862407,15.0
7918537411740862407,19.0
7918537411740862407,16.0
7918537411740862407,23.0
7918537411740862407,15.0
7918537411740862407,15.0
7918537411740862407,21.0
7918537411740862407,15.0
7918537411740862407,17.0
7918537411740862407,14.0
7918537411740862407,14.0
7918537411740862407,14.0
7918537411740862407,21.0
7918537411740862407,19.0
7918537411740862407,16.0
7918537411740862407,17.0
7918537411740862407,22.0
7918537411740862407,17.0
7918537411740862407,15.0
7918537411740862407,20.0
7918537411740862407,18.0
7918537411740862407,15.0
7918537411740862407,15.0
7918537411740862407,14.0
7918537411740862407,21.0
7918537411740862407,19.0
7918537411740862407,15.0
7918537411740862407,18.0
7918537411740862407,21.0
7918537411740862407,14.0
7918537411740862407,21.0
7918537411740862407,19.0
7918537411740862407,18.0
7918537411740862407,15.0
7918537411740862407,16.0
7918537411740862407,21.0
7918537411740862407,17.0
7918537411740862407,20.0
7918537411740862407,16.0
7918537411740862407,16.0
7918537411740862407,14.0
7918537411740862407,13.0
7918537411740862407,23.0
7918537411740862407,17.0
7918537411740862407,14.0
7918537411740862407,20.0
7918537411740862407,18.0
7918537411740862407,29.0
7918537411740862407,15.0
7918537411740862407,16.0
7918537411740862407,18.0
7918537411740862407,13.0
7918537411740862407,23.0
7918537411740862407,23.0
7918537411740862407,16.0
7918537411740862407,15.0
7918537411740862407,15.0
7918537411740862407,16.0
7918537411740862407,20.0
7918537411740862407,15.0
7918537411740862407,18.0
7918537411740862407,20.0
7918537411740862407,18.0
7918537411740862407,23.0
7918537411740862407,23.0
7918537411740862407,19.0
7918537411740862407,21.0
7918537411740862407,15.0
7918537411740862407,19.0
7918537411740862407,18.0
7918537411740862407,15.0
7918537411740862407,0.0
7918537411740862407,24.0
7918537411740862407,16.0
7918537411740862407,15.0
7918537411740862407,14.0
7918537411740862407,19.0
7918537411740862407,16.0
7918537411740862407,20.0
7918537411740862407,23.0
7918537411740862407,19.0
7918537411740862407,13.0
7918537411740862407,20.0
7918537411740862407,24.0
7918537411740862407,22.0
7918537411740862407,16.0
7918537411740862407,14.0
7918537411740862407,18.0
7918537411740862407,15.0
7918537411740862407,17.0
7918537411740862407,20.0
7918537411740862407,14.0
7918537411740862407,14.0
7918537411740862407,17.0
7918537411740862407,19.0
7918537411740862407,14.0
7918537411740862407,18.0
7918537411740862407,15.0
7918537411740862407,15.0
7918537411740862407,16.0
7918537411740862407,14.0
7918537411740862407,19.0
7918537411740862407,17.0
7918537411740862407,15.0
7918537411740862407,18.0
7918537411740862407,17.0
7918537411740862407,14.0
7918537411740862407,17.0
7918537411740862407,15.0
7918537411740862407,17.0
7918537411740862407,21.0
7918537411740862407,14.0
7918537411740862407,0.0
7918537411740862407,15.0
7918537411740862407,20.0
7918537411740862407,19.0
7918537411740862407,15.0
7918537411740862407,17.0
7918537411740862407,19.0
7918537411740862407,18.0
7918537411740862407,15.0
7918537411740862407,17.0
7918537411740862407,20.0
7918537411740862407,19.0
7918537411740862407,23.0
7918537411740862407,18.0
7918537411740862407,21.0
7918537411740862407,15.0
7918537411740862407,16.0
7918537411740862407,16.0
7918537411740862407,13.0
7918537411740862407,16.0
7918537411740862407,20.0
7918537411740862407,18.0
7918537411740862407,19.0
7918537411740862407,22.0
7918537411740862407,17.0
7918537411740862407,15.0
7918537411740862407,20.0
7918537411740862407,17.0
7918537411740862407,14.0
7918537411740862407,16.0
7918537411740862407,18.0
7918537411740862407,21.0
7918537411740862407,23.0
7918537411740862407,19.0
7918537411740862407,16.0
7918537411740862407,17.0
7918537411740862407,21.0
7918537411740862407,14.0
7918537411740862407,24.0
7918537411740862407,14.0
7918537411740862407,14.0
7918537411740862407,17.0
7918537411740862407,15.0
7918537411740862407,39.0
7918537411740862407,15.0
7918537411740862407,16.0
7918537411740862407,17.0
7918537411740862407,17.0
7918537411740862407,22.0
7918537411740862407,17.0
7918537411740862407,19.0
7918537411740862407,20.0
7918537411740862407,15.0
7918537411740862407,19.0
7918537411740862407,19.0
7918537411740862407,14.0
7918537411740862407,21.0
7918537411740862407,17.0
7918537411740862407,17.0
7918537411740862407,0.0
7918537411740862407,16.0
7918537411740862407,27.0
7918537411740862407,18.0
7918537411740862407,23.0
7918537411740862407,24.0
7918537411740862407,20.0
7918537411740862407,14.0
7918537411740862407,18.0
7918537411740862407,15.0
7918537411740862407,17.0
7918537411740862407,15.0
7918537411740862407,16.0
7918537411740862407,14.0
7918537411740862407,17.0
7918537411740862407,16.0
7918537411740862407,18.0
7918537411740862407,5.0
7918537411740862407,15.0
7918537411740862407,12.0
7918537411740862407,16.0
7918537411740862407,18.0
7918537411740862407,17.0
7918537411740862407,24.0
7918537411740862407,15.0
7918537411740862407,13.0
7918537411740862407,13.0
7918537411740862407,17.0
7918537411740862407,22.0
7918537411740862407,17.0
7918537411740862407,14.0
7918537411740862407,17.0
7918537411740862407,9.0
7918537411740862407,19.0
7918537411740862407,21.0
7918537411740862407,16.0
7918537411740862407,13.0
7918537411740862407,32.0
7918537411740862407,14.0
7918537411740862407,21.0
7918537411740862407,21.0
7918537411740862407,16.0
7918537411740862407,26.0
7918537411740862407,16.0
7918537411740862407,15.0
7918537411740862407,13.0
7918537411740862407,13.0
7918537411740862407,14.0
7918537411740862407,19.0
7918537411740862407,13.0
7918537411740862407,15.0
7918537411740862407,22.0
7918537411740862407,30.0
7918537411740862407,13.0
7918537411740862407,14.0
7918537411740862407,15.0
7918537411740862407,17.0
7918537411740862407,14.0
7918537411740862407,18.0
7918537411740862407,17.0
7918537411740862407,15.0
7918537411740862407,20.0
7918537411740862407,17.0
7918537411740862407,17.0
7918537411740862407,27.0
7918537411740862407,16.0
7918537411740862407,25.0
7918537411740862407,21.0
7918537411740862407,18.0
7918537411740862407,16.0
7918537411740862407,18.0
7918537411740862407,16.0
7918537411740862407,13.0
7918537411740862407,20.0
7918537411740862407,13.0
7918537411740862407,16.0
7918537411740862407,17.0
7918537411740862407,18.0
7918537411740862407,9.0
7918537411740862407,21.0
7918537411740862407,23.0
7918537411740862407,15.0
7918537411740862407,16.0
7918537411740862407,23.0
7918537411740862407,19.0
7918537411740862407,20.0
7918537411740862407,26.0
7918537411740862407,17.0
7918537411740862407,15.0
7918537411740862407,17.0
7918537411740862407,21.0
7918537411740862407,24.0
7918537411740862407,17.0
7918537411740862407,15.0
7918537411740862407,21.0
7918537411740862407,18.0
7918537411740862407,16.0
7918537411740862407,20.0
7918537411740862407,22.0
7918537411740862407,18.0
7918537411740862407,18.0
7918537411740862407,16.0
7918537411740862407,19.0
7918537411740862407,14.0
7918537411740862407,16.0
7918537411740862407,27.0
7918537411740862407,13.0
7918537411740862407,18.0
7918537411740862407,18.0
7918537411740862407,14.0
7918537411740862407,15.0
7918537411740862407,18.0
7918537411740862407,14.0
7918537411740862407,19.0
7918537411740862407,22.0
7918537411740862407,17.0
7918537411740862407,13.0
7918537411740862407,21.0
7918537411740862407,16.0
7918537411740862407,70.0
7918537411740862407,19.0
7918537411740862407,17.0
7918537411740862407,20.0
7918537411740862407,17.0
7918537411740862407,14.0
7918537411740862407,20.0
7918537411740862407,17.0
7918537411740862407,14.0
7918537411740862407,18.0
7918537411740862407,23.0
7918537411740862407,15.0
7918537411740862407,17.0
7918537411740862407,20.0
7918537411740862407,22.0
7918537411740862407,23.0
7918537411740862407,18.0
7918537411740862407,25.0
7918537411740862407,20.0
7918537411740862407,20.0
7918537411740862407,16.0
7918537411740862407,22.0
7918537411740862407,15.0
7918537411740862407,16.0
7918537411740862407,15.0
7918537411740862407,20.0
7918537411740862407,15.0
7918537411740862407,19.0
7918537411740862407,16.0
7918537411740862407,16.0
7918537411740862407,15.0
7918537411740862407,14.0
7918537411740862407,18.0
7918537411740862407,18.0
7918537411740862407,16.0
7918537411740862407,14.0
7918537411740862407,22.0
7918537411740862407,15.0
7918537411740862407,9.0
7918537411740862407,14.0
7918537411740862407,17.0
7918537411740862407,16.0
7918537411740862407,14.0
7918537411740862407,19.0
7918537411740862407,27.0
7918537411740862407,15.0
7918537411740862407,24.0
7918537411740862407,23.0
7918537411740862407,18.0
7918537411740862407,15.0
7918537411740862407,14.0
7918537411740862407,17.0
7918537411740862407,21.0
7918537411740862407,19.0
7918537411740862407,19.0
7918537411740862407,21.0
7918537411740862407,14.0
7918537411740862407,17.0
7918537411740862407,36.0
7918537411740862407,20.0
7918537411740862407,17.0
7918537411740862407,15.0
7918537411740862407,17.0
7918537411740862407,20.0
7918537411740862407,15.0
7918537411740862407,18.0
7918537411740862407,14.0
7918537411740862407,19.0
7918537411740862407,16.0
7918537411740862407,21.0
7918537411740862407,19.0
7918537411740862407,18.0
7918537411740862407,15.0
7918537411740862407,19.0
7918537411740862407,20.0
7918537411740862407,16.0
7918537411740862407,14.0
7918537411740862407,19.0
7918537411740862407,19.0
7918537411740862407,16.0
7918537411740862407,20.0
7918537411740862407,27.0
7918537411740862407,19.0
7918537411740862407,15.0
7918537411740862407,19.0
7918537411740862407,18.0
7918537411740862407,18.0
7918537411740862407,32.0
7918537411740862407,17.0
7918537411740862407,17.0
7918537411740862407,21.0
7918537411740862407,19.0
7918537411740862407,19.0
7918537411740862407,21.0
7918537411740862407,19.0
7918537411740862407,16.0
7918537411740862407,13.0
7918537411740862407,11.0
7918537411740862407,14.0
7918537411740862407,19.0
7918537411740862407,14.0
7918537411740862407,26.0
7918537411740862407,15.0
7918537411740862407,20.0
7918537411740862407,21.0
7918537411740862407,22.0
7918537411740862407,16.0
7918537411740862407,14.0
7918537411740862407,30.0
7918537411740862407,14.0
7918537411740862407,17.0
7918537411740862407,15.0
7918537411740862407,19.0
7918537411740862407,18.0
7918537411740862407,21.0
7918537411740862407,17.0
7918537411740862407,19.0
7918537411740862407,16.0
7918537411740862407,19.0
7918537411740862407,23.0
7918537411740862407,14.0
7918537411740862407,33.0
7918537411740862407,20.0
7918537411740862407,19.0
7918537411740862407,19.0
7918537411740862407,17.0
7918537411740862407,18.0
7918537411740862407,18.0
7918537411740862407,14.0
7918537411740862407,18.0
7918537411740862407,18.0
7918537411740862407,21.0
7918537411740862407,12.0
7918537411740862407,21.0
7918537411740862407,16.0
7918537411740862407,20.0
7918537411740862407,15.0
7918537411740862407,22.0
7918537411740862407,18.0
7918537411740862407,17.0
7918537411740862407,23.0
7918537411740862407,14.0
7918537411740862407,18.0
7918537411740862407,15.0
7918537411740862407,26.0
7918537411740862407,17.0
7918537411740862407,18.0
7918537411740862407,18.0
7918537411740862407,16.0
7918537411740862407,18.0
7918537411740862407,16.0
7918537411740862407,16.0
7918537411740862407,16.0
7918537411740862407,17.0
7918537411740862407,21.0
7918537411740862407,19.0
7918537411740862407,19.0
7918537411740862407,19.0
7918537411740862407,13.0
7918537411740862407,22.0
7918537411740862407,21.0
7918537411740862407,19.0
7918537411740862407,15.0
7918537411740862407,21.0
7918537411740862407,17.0
7918537411740862407,16.0
7918537411740862407,17.0
7918537411740862407,17.0
7918537411740862407,14.0
7918537411740862407,15.0
7918537411740862407,17.0
7918537411740862407,13.0
7918537411740862407,17.0
7918537411740862407,16.0
7918537411740862407,18.0
7918537411740862407,13.0
7918537411740862407,10.0
7918537411740862407,13.0
7918537411740862407,20.0
7918537411740862407,21.0
7918537411740862407,15.0
7918537411740862407,20.0
7918537411740862407,25.0
7918537411740862407,16.0
7918537411740862407,19.0
7918537411740862407,19.0
7918537411740862407,22.0
7918537411740862407,20.0
7918537411740862407,21.0
7918537411740862407,19.0
7918537411740862407,21.0
7918537411740862407,16.0
7918537411740862407,17.0
7918537411740862407,21.0
7918537411740862407,19.0
7918537411740862407,22.0
7918537411740862407,15.0
7918537411740862407,25.0
7918537411740862407,29.0
7918537411740862407,18.0
7918537411740862407,21.0
7918537411740862407,13.0
7918537411740862407,15.0
7918537411740862407,17.0
7918537411740862407,15.0
7918537411740862407,30.0
7918537411740862407,14.0
7918537411740862407,14.0
7918537411740862407,18.0
7918537411740862407,34.0
7918537411740862407,18.0
7918537411740862407,15.0
7918537411740862407,21.0
7918537411740862407,20.0
7918537411740862407,21.0
7918537411740862407,20.0
7918537411740862407,21.0
7918537411740862407,18.0
7918537411740862407,15.0
7918537411740862407,12.0
7918537411740862407,15.0
7918537411740862407,17.0
7918537411740862407,17.0
7918537411740862407,18.0
7918537411740862407,13.0
7918537411740862407,15.0
7918537411740862407,19.0
7918537411740862407,18.0
7918537411740862407,19.0
7918537411740862407,16.0
7918537411740862407,25.0
7918537411740862407,17.0
7918537411740862407,14.0
7918537411740862407,18.0
7918537411740862407,19.0
7918537411740862407,11.0
7918537411740862407,14.0
7918537411740862407,18.0
7918537411740862407,17.0
7918537411740862407,15.0
7918537411740862407,18.0
7918537411740862407,17.0
7918537411740862407,12.0
7918537411740862407,17.0
7918537411740862407,15.0
7918537411740862407,13.0
7918537411740862407,14.0
7918537411740862407,20.0
7918537411740862407,18.0
7918537411740862407,15.0
7918537411740862407,21.0
7918537411740862407,15.0
7918537411740862407,17.0
7918537411740862407,22.0
7918537411740862407,15.0
7918537411740862407,21.0
7918537411740862407,16.0
7918537411740862407,14.0
7918537411740862407,19.0
7918537411740862407,13.0
7918537411740862407,24.0
7918537411740862407,19.0
7918537411740862407,18.0
7918537411740862407,20.0
7918537411740862407,22.0
7918537411740862407,19.0
7918537411740862407,15.0
7918537411740862407,10.0
7918537411740862407,13.0
7918537411740862407,20.0
7918537411740862407,22.0
7918537411740862407,17.0
7918537411740862407,15.0
7918537411740862407,17.0
7918537411740862407,17.0
7918537411740862407,15.0
7918537411740862407,15.0
7918537411740862407,19.0
7918537411740862407,21.0
7918537411740862407,14.0
7918537411740862407,18.0
7918537411740862407,21.0
7918537411740862407,22.0
7918537411740862407,19.0
7918537411740862407,22.0
7918537411740862407,13.0
7918537411740862407,13.0
7918537411740862407,16.0
7918537411740862407,18.0
7918537411740862407,18.0
7918537411740862407,15.0
7918537411740862407,14.0
7918537411740862407,18.0
7918537411740862407,17.0
7918537411740862407,20.0
7918537411740862407,20.0
7918537411740862407,35.0
7918537411740862407,16.0
7918537411740862407,20.0
7918537411740862407,21.0
7918537411740862407,18.0
7918537411740862407,14.0
7918537411740862407,12.0
7918537411740862407,18.0
7918537411740862407,18.0
7918537411740862407,21.0
7918537411740862407,19.0
7918537411740862407,16.0
7918537411740862407,16.0
7918537411740862407,18.0
7918537411740862407,18.0
7918537411740862407,15.0
7918537411740862407,17.0
7918537411740862407,18.0
7918537411740862407,15.0
7918537411740862407,17.0
7918537411740862407,20.0
7918537411740862407,13.0
7918537411740862407,15.0
7918537411740862407,18.0
7918537411740862407,15.0
7918537411740862407,19.0
7918537411740862407,17.0
7918537411740862407,24.0
7918537411740862407,16.0
7918537411740862407,14.0
7918537411740862407,15.0
7918537411740862407,16.0
7918537411740862407,14.0
7918537411740862407,20.0
7918537411740862407,15.0
7918537411740862407,16.0
7918537411740862407,18.0
7918537411740862407,16.0
7918537411740862407,16.0
7918537411740862407,19.0
7918537411740862407,22.0
7918537411740862407,14.0
7918537411740862407,14.0
7918537411740862407,17.0
7918537411740862407,17.0
7918537411740862407,21.0
7918537411740862407,19.0
7918537411740862407,20.0
7918537411740862407,19.0
7918537411740862407,16.0
7918537411740862407,19.0
7918537411740862407,21.0
7918537411740862407,16.0
7918537411740862407,14.0
7918537411740862407,18.0
7918537411740862407,13.0
7918537411740862407,17.0
7918537411740862407,22.0
7918537411740862407,15.0
7918537411740862407,19.0
7918537411740862407,16.0
7918537411740862407,19.0
7918537411740862407,19.0
7918537411740862407,15.0
7918537411740862407,15.0
7918537411740862407,21.0
7918537411740862407,16.0
7918537411740862407,22.0
7918537411740862407,19.0
7918537411740862407,16.0
7918537411740862407,26.0
7918537411740862407,19.0
7918537411740862407,14.0
7918537411740862407,19.0
7918537411740862407,15.0
7918537411740862407,15.0
7918537411740862407,15.0
7918537411740862407,21.0
7918537411740862407,14.0
7918537411740862407,19.0
7918537411740862407,15.0
7918537411740862407,16.0
7918537411740862407,17.0
7918537411740862407,17.0
7918537411740862407,17.0
7918537411740862407,14.0
7918537411740862407,14.0
7918537411740862407,16.0
7918537411740862407,19.0
7918537411740862407,16.0
7918537411740862407,17.0
7918537411740862407,26.0
7918537411740862407,22.0
7918537411740862407,15.0
7918537411740862407,14.0
7918537411740862407,31.0
7918537411740862407,22.0
7918537411740862407,18.0
7918537411740862407,18.0
7918537411740862407,14.0
7918537411740862407,18.0
7918537411740862407,13.0
7918537411740862407,20.0
7918537411740862407,19.0
7918537411740862407,18.0
7918537411740862407,15.0
7918537411740862407,19.0
7918537411740862407,16.0
7918537411740862407,16.0
7918537411740862407,19.0
7918537411740862407,18.0
7918537411740862407,16.0
7918537411740862407,17.0
7918537411740862407,16.0
7918537411740862407,17.0
7918537411740862407,13.0
7918537411740862407,21.0
7918537411740862407,22.0
7918537411740862407,18.0
7918537411740862407,18.0
7918537411740862407,15.0
7918537411740862407,15.0
7918537411740862407,19.0
7918537411740862407,20.0
7918537411740862407,16.0
7918537411740862407,21.0
7918537411740862407,19.0
7918537411740862407,15.0
7918537411740862407,18.0
7918537411740862407,16.0
7918537411740862407,13.0
7918537411740862407,18.0
7918537411740862407,17.0
7918537411740862407,18.0
7918537411740862407,14.0
7918537411740862407,25.0
7918537411740862407,13.0
7918537411740862407,19.0
7918537411740862407,11.0
7918537411740862407,22.0
7918537411740862407,18.0
7918537411740862407,17.0
7918537411740862407,15.0
7918537411740862407,14.0
7918537411740862407,11.0
7918537411740862407,13.0
7918537411740862407,15.0
7918537411740862407,18.0
7918537411740862407,17.0
7918537411740862407,14.0
7918537411740862407,17.0
7918537411740862407,16.0
7918537411740862407,17.0
7918537411740862407,15.0
7918537411740862407,22.0
7918537411740862407,19.0
7918537411740862407,21.0
7918537411740862407,15.0
7918537411740862407,19.0
7918537411740862407,20.0
7918537411740862407,14.0
7918537411740862407,15.0
7918537411740862407,17.0
7918537411740862407,17.0
7918537411740862407,14.0
7918537411740862407,17.0
7918537411740862407,14.0
7918537411740862407,15.0
7918537411740862407,19.0
7918537411740862407,18.0
7918537411740862407,21.0
7918537411740862407,18.0
7918537411740862407,17.0
7918537411740862407,22.0
7918537411740862407,14.0
7918537411740862407,22.0
7918537411740862407,14.0
7918537411740862407,15.0
7918537411740862407,14.0
7918537411740862407,16.0
7918537411740862407,14.0
7918537411740862407,26.0
7918537411740862407,30.0
7918537411740862407,14.0
7918537411740862407,17.0
7918537411740862407,15.0
7918537411740862407,18.0
7918537411740862407,16.0
7918537411740862407,15.0
7918537411740862407,24.0
7918537411740862407,20.0
7918537411740862407,16.0
7918537411740862407,20.0
7918537411740862407,15.0
7918537411740862407,16.0
7918537411740862407,20.0
7918537411740862407,22.0
7918537411740862407,20.0
7918537411740862407,17.0
7918537411740862407,13.0
7918537411740862407,15.0
7918537411740862407,15.0
7918537411740862407,17.0
7918537411740862407,16.0
7918537411740862407,17.0
7918537411740862407,16.0
7918537411740862407,24.0
7918537411740862407,18.0
7918537411740862407,15.0
7918537411740862407,22.0
7918537411740862407,19.0
7918537411740862407,15.0
7918537411740862407,22.0
7918537411740862407,17.0
7918537411740862407,15.0
7918537411740862407,17.0
7918537411740862407,13.0
7918537411740862407,17.0
7918537411740862407,12.0
7918537411740862407,18.0
7918537411740862407,19.0
7918537411740862407,23.0
7918537411740862407,19.0
7918537411740862407,16.0
7918537411740862407,15.0
7918537411740862407,15.0
7918537411740862407,22.0
7918537411740862407,20.0
7918537411740862407,33.0
7918537411740862407,18.0
7918537411740862407,16.0
7918537411740862407,16.0
7918537411740862407,17.0
7918537411740862407,18.0
7918537411740862407,27.0
7918537411740862407,19.0
7918537411740862407,15.0
7918537411740862407,16.0
7918537411740862407,0.0
7918537411740862407,16.0
7918537411740862407,18.0
7918537411740862407,14.0
7918537411740862407,19.0
7918537411740862407,17.0
7918537411740862407,19.0
7918537411740862407,20.0
7918537411740862407,22.0
7918537411740862407,18.0
7918537411740862407,16.0
7918537411740862407,16.0
7918537411740862407,17.0
7918537411740862407,16.0
7918537411740862407,14.0
7918537411740862407,33.0
7918537411740862407,20.0
7918537411740862407,14.0
7918537411740862407,18.0
7918537411740862407,18.0
7918537411740862407,17.0
7918537411740862407,15.0
7918537411740862407,18.0
7918537411740862407,17.0
7918537411740862407,24.0
7918537411740862407,22.0
7918537411740862407,20.0
7918537411740862407,29.0
7918537411740862407,17.0
7918537411740862407,15.0
7918537411740862407,19.0
7918537411740862407,20.0
7918537411740862407,17.0
7918537411740862407,17.0
7918537411740862407,18.0
7918537411740862407,18.0
7918537411740862407,14.0
7918537411740862407,16.0
7918537411740862407,14.0
7918537411740862407,19.0
7918537411740862407,15.0
7918537411740862407,35.0
7918537411740862407,14.0
7918537411740862407,20.0
7918537411740862407,19.0
7918537411740862407,23.0
7918537411740862407,16.0
7918537411740862407,15.0
7918537411740862407,17.0
7918537411740862407,12.0
7918537411740862407,16.0
7918537411740862407,14.0
7918537411740862407,21.0
7918537411740862407,15.0
7918537411740862407,15.0
7918537411740862407,16.0
7918537411740862407,16.0
7918537411740862407,20.0
7918537411740862407,18.0
7918537411740862407,16.0
7918537411740862407,20.0
7918537411740862407,16.0
7918537411740862407,14.0
7918537411740862407,10.0
7918537411740862407,18.0
7918537411740862407,20.0
7918537411740862407,20.0
7918537411740862407,19.0
7918537411740862407,22.0
7918537411740862407,15.0
7918537411740862407,16.0
7918537411740862407,17.0
7918537411740862407,28.0
7918537411740862407,19.0
7918537411740862407,15.0
7918537411740862407,23.0
7918537411740862407,15.0
7918537411740862407,21.0
7918537411740862407,15.0
7918537411740862407,20.0
7918537411740862407,19.0
7918537411740862407,19.0
7918537411740862407,16.0
7918537411740862407,14.0
7918537411740862407,17.0
7918537411740862407,14.0
7918537411740862407,13.0
7918537411740862407,23.0
7918537411740862407,19.0
7918537411740862407,13.0
7918537411740862407,19.0
7918537411740862407,17.0
7918537411740862407,13.0
7918537411740862407,22.0
7918537411740862407,14.0
7918537411740862407,15.0
7918537411740862407,15.0
7918537411740862407,20.0
7918537411740862407,17.0
7918537411740862407,20.0
7918537411740862407,13.0
7918537411740862407,19.0
7918537411740862407,16.0
7918537411740862407,13.0
7918537411740862407,16.0
7918537411740862407,14.0
7918537411740862407,19.0
7918537411740862407,25.0
7918537411740862407,18.0
7918537411740862407,16.0
7918537411740862407,32.0
7918537411740862407,16.0
7918537411740862407,19.0
7918537411740862407,14.0
7918537411740862407,15.0
7918537411740862407,20.0
7918537411740862407,19.0
7918537411740862407,20.0
7918537411740862407,20.0
7918537411740862407,13.0
7918537411740862407,15.0
7918537411740862407,22.0
7918537411740862407,18.0
7918537411740862407,19.0
7918537411740862407,20.0
7918537411740862407,17.0
7918537411740862407,14.0
7918537411740862407,21.0
7918537411740862407,14.0
7918537411740862407,14.0
7918537411740862407,11.0
7918537411740862407,16.0
7918537411740862407,14.0
7918537411740862407,23.0
7918537411740862407,27.0
7918537411740862407,18.0
7918537411740862407,18.0
7918537411740862407,13.0
7918537411740862407,16.0
7918537411740862407,20.0
7918537411740862407,18.0
7918537411740862407,14.0
7918537411740862407,16.0
7918537411740862407,15.0
7918537411740862407,14.0
7918537411740862407,17.0
7918537411740862407,22.0
7918537411740862407,20.0
7918537411740862407,18.0
7918537411740862407,20.0
7918537411740862407,20.0
7918537411740862407,14.0
7918537411740862407,22.0
7918537411740862407,15.0
7918537411740862407,17.0
7918537411740862407,23.0
7918537411740862407,21.0
7918537411740862407,22.0
7918537411740862407,19.0
7918537411740862407,22.0
7918537411740862407,18.0
7918537411740862407,21.0
7918537411740862407,19.0
7918537411740862407,17.0
7918537411740862407,19.0
7918537411740862407,16.0
7918537411740862407,15.0
7918537411740862407,17.0
7918537411740862407,24.0
7918537411740862407,15.0
7918537411740862407,18.0
7918537411740862407,20.0
7918537411740862407,15.0
7918537411740862407,18.0
7918537411740862407,18.0
7918537411740862407,20.0
7918537411740862407,19.0
7918537411740862407,22.0
7918537411740862407,15.0
7918537411740862407,16.0
7918537411740862407,23.0
7918537411740862407,20.0
7918537411740862407,16.0
7918537411740862407,17.0
7918537411740862407,0.0
7918537411740862407,22.0
7918537411740862407,15.0
7918537411740862407,14.0
7918537411740862407,17.0
7918537411740862407,23.0
7918537411740862407,27.0
7918537411740862407,14.0
7918537411740862407,15.0
7918537411740862407,17.0
7918537411740862407,23.0
7918537411740862407,19.0
7918537411740862407,17.0
7918537411740862407,16.0
7918537411740862407,14.0
7918537411740862407,22.0
7918537411740862407,19.0
7918537411740862407,20.0
7918537411740862407,19.0
7918537411740862407,17.0
7918537411740862407,18.0
7918537411740862407,16.0
7918537411740862407,15.0
7918537411740862407,15.0
7918537411740862407,15.0
7918537411740862407,14.0
7918537411740862407,15.0
7918537411740862407,15.0
7918537411740862407,15.0
7918537411740862407,18.0
7918537411740862407,22.0
7918537411740862407,22.0
7918537411740862407,18.0
7918537411740862407,16.0
7918537411740862407,19.0
7918537411740862407,19.0
7918537411740862407,16.0
7918537411740862407,19.0
7918537411740862407,17.0
7918537411740862407,18.0
7918537411740862407,33.0
7918537411740862407,14.0
7918537411740862407,13.0
7918537411740862407,19.0
7918537411740862407,14.0
7918537411740862407,17.0
7918537411740862407,16.0
7918537411740862407,14.0
7918537411740862407,18.0
7918537411740862407,19.0
7918537411740862407,20.0
7918537411740862407,20.0
7918537411740862407,16.0
7918537411740862407,26.0
7918537411740862407,16.0
7918537411740862407,16.0
7918537411740862407,16.0
7918537411740862407,17.0
7918537411740862407,24.0
7918537411740862407,16.0
7918537411740862407,21.0
7918537411740862407,18.0
7918537411740862407,15.0
7918537411740862407,19.0
7918537411740862407,16.0
7918537411740862407,20.0
7918537411740862407,17.0
7918537411740862407,15.0
7918537411740862407,16.0
7918537411740862407,18.0
7918537411740862407,19.0
7918537411740862407,21.0
7918537411740862407,15.0
7918537411740862407,16.0
7918537411740862407,20.0
7918537411740862407,22.0
7918537411740862407,19.0
7918537411740862407,15.0
7918537411740862407,17.0
7918537411740862407,20.0
7918537411740862407,17.0
7918537411740862407,21.0
7918537411740862407,21.0
7918537411740862407,15.0
7918537411740862407,16.0
7918537411740862407,19.0
7918537411740862407,28.0
7918537411740862407,20.0
7918537411740862407,19.0
7918537411740862407,23.0
7918537411740862407,14.0
7918537411740862407,20.0
7918537411740862407,14.0
7918537411740862407,16.0
7918537411740862407,14.0
7918537411740862407,21.0
7918537411740862407,19.0
7918537411740862407,22.0
7918537411740862407,20.0
7918537411740862407,19.0
7918537411740862407,25.0
7918537411740862407,19.0
7918537411740862407,23.0
7918537411740862407,17.0
7918537411740862407,14.0
7918537411740862407,14.0
7918537411740862407,20.0
7918537411740862407,19.0
7918537411740862407,19.0
7918537411740862407,15.0
7918537411740862407,13.0
7918537411740862407,16.0
7918537411740862407,18.0
7918537411740862407,14.0
7918537411740862407,15.0
7918537411740862407,17.0
7918537411740862407,18.0
7918537411740862407,15.0
7918537411740862407,15.0
7918537411740862407,19.0
7918537411740862407,16.0
7918537411740862407,13.0
7918537411740862407,20.0
7918537411740862407,28.0
7918537411740862407,23.0
7918537411740862407,15.0
7918537411740862407,22.0
7918537411740862407,18.0
7918537411740862407,14.0
7918537411740862407,21.0
7918537411740862407,18.0
7918537411740862407,20.0
7918537411740862407,21.0
7918537411740862407,15.0
7918537411740862407,14.0
7918537411740862407,15.0
7918537411740862407,19.0
7918537411740862407,21.0
7918537411740862407,13.0
7918537411740862407,14.0
7918537411740862407,13.0
7918537411740862407,21.0
7918537411740862407,14.0
7918537411740862407,15.0
7918537411740862407,17.0
7918537411740862407,21.0
7918537411740862407,17.0
7918537411740862407,26.0
7918537411740862407,16.0
7918537411740862407,12.0
7918537411740862407,19.0
7918537411740862407,16.0
7918537411740862407,11.0
7918537411740862407,14.0
7918537411740862407,19.0
7918537411740862407,20.0
7918537411740862407,13.0
7918537411740862407,14.0
7918537411740862407,13.0
7918537411740862407,14.0
7918537411740862407,19.0
7918537411740862407,18.0
7918537411740862407,14.0
7918537411740862407,17.0
7918537411740862407,16.0
7918537411740862407,17.0
7918537411740862407,20.0
7918537411740862407,20.0
7918537411740862407,16.0
7918537411740862407,19.0
7918537411740862407,16.0
7918537411740862407,19.0
7918537411740862407,13.0
7918537411740862407,18.0
7918537411740862407,20.0
7918537411740862407,15.0
7918537411740862407,22.0
7918537411740862407,16.0
7918537411740862407,20.0
7918537411740862407,15.0
7918537411740862407,19.0
7918537411740862407,19.0
7918537411740862407,14.0
7918537411740862407,16.0
7918537411740862407,13.0
7918537411740862407,20.0
7918537411740862407,31.0
7918537411740862407,22.0
7918537411740862407,13.0
7918537411740862407,16.0
7918537411740862407,14.0
7918537411740862407,16.0
7918537411740862407,24.0
7918537411740862407,24.0
7918537411740862407,19.0
7918537411740862407,17.0
7918537411740862407,22.0
7918537411740862407,15.0
7918537411740862407,12.0
7918537411740862407,14.0
7918537411740862407,12.0
7918537411740862407,16.0
7918537411740862407,18.0
7918537411740862407,18.0
7918537411740862407,17.0
7918537411740862407,21.0
7918537411740862407,23.0
7918537411740862407,16.0
7918537411740862407,14.0
7918537411740862407,18.0
7918537411740862407,15.0
7918537411740862407,16.0
7918537411740862407,15.0
7918537411740862407,16.0
7918537411740862407,15.0
7918537411740862407,18.0
7918537411740862407,20.0
7918537411740862407,23.0
7918537411740862407,20.0
7918537411740862407,13.0
7918537411740862407,15.0
7918537411740862407,14.0
7918537411740862407,20.0
7918537411740862407,14.0
7918537411740862407,12.0
7918537411740862407,18.0
7918537411740862407,15.0
7918537411740862407,20.0
7918537411740862407,20.0
7918537411740862407,15.0
7918537411740862407,15.0
7918537411740862407,17.0
7918537411740862407,18.0
7918537411740862407,27.0
7918537411740862407,15.0
7918537411740862407,14.0
7918537411740862407,19.0
7918537411740862407,16.0
7918537411740862407,15.0
7918537411740862407,17.0
7918537411740862407,18.0
7918537411740862407,19.0
7918537411740862407,15.0
7918537411740862407,13.0
7918537411740862407,13.0
7918537411740862407,14.0
7918537411740862407,28.0
7918537411740862407,20.0
7918537411740862407,16.0
7918537411740862407,16.0
7918537411740862407,20.0
7918537411740862407,24.0
7918537411740862407,23.0
7918537411740862407,17.0
7918537411740862407,15.0
7918537411740862407,15.0
7918537411740862407,13.0
7918537411740862407,29.0
7918537411740862407,14.0
7918537411740862407,17.0
7918537411740862407,16.0
7918537411740862407,13.0
7918537411740862407,17.0
7918537411740862407,26.0
7918537411740862407,24.0
7918537411740862407,21.0
7918537411740862407,19.0
7918537411740862407,14.0
7918537411740862407,18.0
7918537411740862407,16.0
7918537411740862407,15.0
7918537411740862407,15.0
7918537411740862407,22.0
7918537411740862407,14.0
7918537411740862407,21.0
7918537411740862407,16.0
7918537411740862407,17.0
7918537411740862407,18.0
7918537411740862407,19.0
7918537411740862407,15.0
7918537411740862407,15.0
7918537411740862407,20.0
7918537411740862407,20.0
7918537411740862407,18.0
7918537411740862407,17.0
7918537411740862407,15.0
7918537411740862407,16.0
7918537411740862407,18.0
7918537411740862407,19.0
7918537411740862407,17.0
7918537411740862407,13.0
7918537411740862407,15.0
7918537411740862407,20.0
7918537411740862407,17.0
7918537411740862407,15.0
7918537411740862407,17.0
7918537411740862407,23.0
7918537411740862407,14.0
7918537411740862407,15.0
7918537411740862407,17.0
7918537411740862407,24.0
7918537411740862407,19.0
7918537411740862407,23.0
7918537411740862407,15.0
7918537411740862407,15.0
7918537411740862407,22.0
7918537411740862407,16.0
7918537411740862407,15.0
7918537411740862407,18.0
7918537411740862407,22.0
7918537411740862407,16.0
7918537411740862407,15.0
7918537411740862407,15.0
7918537411740862407,16.0
7918537411740862407,20.0
7918537411740862407,15.0
7918537411740862407,14.0
7918537411740862407,15.0
7918537411740862407,17.0
7918537411740862407,14.0
7918537411740862407,15.0
7918537411740862407,17.0
7918537411740862407,16.0
7918537411740862407,15.0
7918537411740862407,24.0
7918537411740862407,14.0
7918537411740862407,16.0
7918537411740862407,15.0
7918537411740862407,16.0
7918537411740862407,15.0
7918537411740862407,23.0
7918537411740862407,30.0
7918537411740862407,16.0
7918537411740862407,21.0
7918537411740862407,29.0
7918537411740862407,14.0
7918537411740862407,20.0
7918537411740862407,8.0
7918537411740862407,14.0
7918537411740862407,14.0
7918537411740862407,23.0
7918537411740862407,17.0
7918537411740862407,19.0
7918537411740862407,16.0
7918537411740862407,20.0
7918537411740862407,17.0
7918537411740862407,20.0
7918537411740862407,18.0
7918537411740862407,19.0
7918537411740862407,15.0
7918537411740862407,22.0
7918537411740862407,18.0
7918537411740862407,15.0
7918537411740862407,18.0
7918537411740862407,10.0
7918537411740862407,16.0
7918537411740862407,27.0
7918537411740862407,22.0
7918537411740862407,18.0
7918537411740862407,20.0
7918537411740862407,15.0
7918537411740862407,17.0
7918537411740862407,16.0
7918537411740862407,21.0
7918537411740862407,18.0
7918537411740862407,15.0
7918537411740862407,19.0
7918537411740862407,18.0
7918537411740862407,19.0
7918537411740862407,19.0
7918537411740862407,12.0
7918537411740862407,14.0
7918537411740862407,20.0
7918537411740862407,15.0
7918537411740862407,13.0
7918537411740862407,19.0
7918537411740862407,18.0
7918537411740862407,15.0
7918537411740862407,16.0
7918537411740862407,16.0
7918537411740862407,17.0
7918537411740862407,18.0
7918537411740862407,14.0
7918537411740862407,22.0
7918537411740862407,15.0
7918537411740862407,37.0
7918537411740862407,19.0
7918537411740862407,16.0
7918537411740862407,13.0
7918537411740862407,14.0
7918537411740862407,17.0
7918537411740862407,16.0
7918537411740862407,0.0
7918537411740862407,19.0
7918537411740862407,17.0
7918537411740862407,15.0
7918537411740862407,10.0
7918537411740862407,28.0
7918537411740862407,14.0
7918537411740862407,15.0
7918537411740862407,28.0
7918537411740862407,13.0
7918537411740862407,12.0
7918537411740862407,18.0
7918537411740862407,14.0
7918537411740862407,14.0
7918537411740862407,19.0
7918537411740862407,17.0
7918537411740862407,13.0
7918537411740862407,19.0
7918537411740862407,16.0
7918537411740862407,15.0
7918537411740862407,14.0
7918537411740862407,14.0
7918537411740862407,17.0
7918537411740862407,14.0
7918537411740862407,19.0
7918537411740862407,20.0
7918537411740862407,18.0
7918537411740862407,15.0
7918537411740862407,17.0
7918537411740862407,17.0
7918537411740862407,17.0
7918537411740862407,16.0
7918537411740862407,18.0
7918537411740862407,17.0
7918537411740862407,17.0
7918537411740862407,15.0
7918537411740862407,7.0
7918537411740862407,18.0
7918537411740862407,14.0
7918537411740862407,19.0
7918537411740862407,16.0
7918537411740862407,14.0
7918537411740862407,21.0
7918537411740862407,19.0
7918537411740862407,15.0
7918537411740862407,23.0
7918537411740862407,17.0
7918537411740862407,21.0
7918537411740862407,15.0
7918537411740862407,14.0
7918537411740862407,19.0
7918537411740862407,22.0
7918537411740862407,15.0
7918537411740862407,24.0
7918537411740862407,15.0
7918537411740862407,15.0
7918537411740862407,13.0
7918537411740862407,16.0
7918537411740862407,18.0
7918537411740862407,18.0
7918537411740862407,18.0
7918537411740862407,15.0
7918537411740862407,15.0
7918537411740862407,21.0
7918537411740862407,14.0
7918537411740862407,18.0
7918537411740862407,14.0
7918537411740862407,13.0
7918537411740862407,21.0
7918537411740862407,16.0
7918537411740862407,15.0
7918537411740862407,21.0
7918537411740862407,16.0
7918537411740862407,17.0
7918537411740862407,15.0
7918537411740862407,21.0
7918537411740862407,15.0
7918537411740862407,13.0
7918537411740862407,15.0
7918537411740862407,15.0
7918537411740862407,18.0
7918537411740862407,20.0
7918537411740862407,18.0
7918537411740862407,19.0
7918537411740862407,15.0
7918537411740862407,36.0
7918537411740862407,18.0
7918537411740862407,16.0
7918537411740862407,19.0
7918537411740862407,17.0
7918537411740862407,15.0
7918537411740862407,19.0
7918537411740862407,15.0
7918537411740862407,18.0
7918537411740862407,15.0
7918537411740862407,16.0
7918537411740862407,15.0
7918537411740862407,15.0
7918537411740862407,22.0
7918537411740862407,24.0
7918537411740862407,14.0
7918537411740862407,13.0
7918537411740862407,18.0
7918537411740862407,19.0
7918537411740862407,18.0
7918537411740862407,15.0
7918537411740862407,14.0
7918537411740862407,18.0
7918537411740862407,19.0
7918537411740862407,17.0
7918537411740862407,14.0
7918537411740862407,15.0
7918537411740862407,20.0
7918537411740862407,14.0
7918537411740862407,14.0
7918537411740862407,33.0
7918537411740862407,26.0
7918537411740862407,19.0
7918537411740862407,15.0
7918537411740862407,18.0
7918537411740862407,20.0
7918537411740862407,14.0
7918537411740862407,19.0
7918537411740862407,14.0
7918537411740862407,17.0
7918537411740862407,21.0
7918537411740862407,18.0
7918537411740862407,19.0
7918537411740862407,19.0
7918537411740862407,19.0
7918537411740862407,17.0
7918537411740862407,15.0
7918537411740862407,16.0
7918537411740862407,19.0
7918537411740862407,13.0
7918537411740862407,13.0
7918537411740862407,19.0
7918537411740862407,15.0
7918537411740862407,16.0
7918537411740862407,17.0
7918537411740862407,26.0
7918537411740862407,15.0
7918537411740862407,19.0
7918537411740862407,14.0
7918537411740862407,25.0
7918537411740862407,15.0
7918537411740862407,20.0
7918537411740862407,17.0
7918537411740862407,16.0
7918537411740862407,15.0
7918537411740862407,21.0
7918537411740862407,17.0
7918537411740862407,15.0
7918537411740862407,13.0
7918537411740862407,13.0
7918537411740862407,16.0
7918537411740862407,16.0
7918537411740862407,21.0
7918537411740862407,16.0
7918537411740862407,18.0
7918537411740862407,15.0
7918537411740862407,17.0
7918537411740862407,19.0
7918537411740862407,18.0
7918537411740862407,14.0
7918537411740862407,22.0
7918537411740862407,15.0
7918537411740862407,18.0
7918537411740862407,14.0
7918537411740862407,14.0
7918537411740862407,14.0
7918537411740862407,23.0
7918537411740862407,18.0
7918537411740862407,24.0
7918537411740862407,18.0
7918537411740862407,17.0
7918537411740862407,19.0
7918537411740862407,8.0
7918537411740862407,20.0
7918537411740862407,17.0
7918537411740862407,18.0
7918537411740862407,15.0
7918537411740862407,17.0
7918537411740862407,18.0
7918537411740862407,22.0
7918537411740862407,21.0
7918537411740862407,14.0
7918537411740862407,21.0
7918537411740862407,22.0
7918537411740862407,17.0
7918537411740862407,16.0
7918537411740862407,10.0
7918537411740862407,29.0
7918537411740862407,16.0
7918537411740862407,19.0
7918537411740862407,16.0
7918537411740862407,17.0
7918537411740862407,22.0
7918537411740862407,14.0
7918537411740862407,13.0
7918537411740862407,16.0
7918537411740862407,20.0
7918537411740862407,21.0
7918537411740862407,18.0
7918537411740862407,16.0
7918537411740862407,21.0
7918537411740862407,13.0
7918537411740862407,18.0
7918537411740862407,22.0
7918537411740862407,15.0
7918537411740862407,16.0
7918537411740862407,18.0
7918537411740862407,14.0
7918537411740862407,15.0
7918537411740862407,21.0
7918537411740862407,17.0
7918537411740862407,16.0
7918537411740862407,14.0
7918537411740862407,20.0
7918537411740862407,26.0
7918537411740862407,16.0
7918537411740862407,16.0
7918537411740862407,14.0
7918537411740862407,20.0
7918537411740862407,19.0
7918537411740862407,17.0
7918537411740862407,15.0
7918537411740862407,20.0
7918537411740862407,31.0
7918537411740862407,20.0
7918537411740862407,16.0
7918537411740862407,17.0
7918537411740862407,15.0
7918537411740862407,15.0
7918537411740862407,19.0
7918537411740862407,22.0
7918537411740862407,22.0
7918537411740862407,16.0
7918537411740862407,16.0
7918537411740862407,33.0
7918537411740862407,12.0
7918537411740862407,19.0
7918537411740862407,19.0
7918537411740862407,16.0
7918537411740862407,17.0
7918537411740862407,15.0
7918537411740862407,15.0
7918537411740862407,17.0
7918537411740862407,16.0
7918537411740862407,17.0
7918537411740862407,15.0
7918537411740862407,15.0
7918537411740862407,15.0
7918537411740862407,14.0
7918537411740862407,17.0
7918537411740862407,17.0
7918537411740862407,15.0
7918537411740862407,22.0
7918537411740862407,22.0
7918537411740862407,14.0
7918537411740862407,15.0
7918537411740862407,34.0
7918537411740862407,15.0
7918537411740862407,16.0
7918537411740862407,18.0
7918537411740862407,13.0
7918537411740862407,25.0
7918537411740862407,16.0
7918537411740862407,14.0
7918537411740862407,16.0
7918537411740862407,23.0
7918537411740862407,18.0
7918537411740862407,18.0
7918537411740862407,21.0
7918537411740862407,15.0
7918537411740862407,20.0
7918537411740862407,15.0
7918537411740862407,20.0
7918537411740862407,15.0
7918537411740862407,24.0
7918537411740862407,14.0
7918537411740862407,16.0
7918537411740862407,20.0
7918537411740862407,16.0
7918537411740862407,17.0
7918537411740862407,15.0
7918537411740862407,17.0
7918537411740862407,12.0
7918537411740862407,22.0
7918537411740862407,13.0
7918537411740862407,15.0
7918537411740862407,19.0
7918537411740862407,19.0
7918537411740862407,18.0
7918537411740862407,16.0
7918537411740862407,20.0
7918537411740862407,21.0
7918537411740862407,23.0
7918537411740862407,14.0
7918537411740862407,18.0
7918537411740862407,17.0
7918537411740862407,17.0
7918537411740862407,20.0
7918537411740862407,14.0
7918537411740862407,18.0
7918537411740862407,15.0
7918537411740862407,20.0
7918537411740862407,17.0
7918537411740862407,16.0
7918537411740862407,18.0
7918537411740862407,16.0
7918537411740862407,19.0
7918537411740862407,17.0
7918537411740862407,14.0
7918537411740862407,18.0
7918537411740862407,20.0
7918537411740862407,19.0
7918537411740862407,19.0
7918537411740862407,20.0
7918537411740862407,8.0
7918537411740862407,17.0
7918537411740862407,15.0
7918537411740862407,20.0
7918537411740862407,16.0
7918537411740862407,16.0
7918537411740862407,17.0
7918537411740862407,17.0
7918537411740862407,14.0
7918537411740862407,10.0
7918537411740862407,17.0
7918537411740862407,16.0
7918537411740862407,18.0
7918537411740862407,18.0
7918537411740862407,13.0
7918537411740862407,24.0
7918537411740862407,20.0
7918537411740862407,15.0
7918537411740862407,15.0
7918537411740862407,18.0
7918537411740862407,30.0
7918537411740862407,15.0
7918537411740862407,15.0
7918537411740862407,15.0
7918537411740862407,15.0
7918537411740862407,26.0
7918537411740862407,15.0
7918537411740862407,14.0
7918537411740862407,19.0
7918537411740862407,25.0
7918537411740862407,18.0
7918537411740862407,19.0
7918537411740862407,17.0
7918537411740862407,24.0
7918537411740862407,8.0
7918537411740862407,24.0
7918537411740862407,19.0
7918537411740862407,15.0
7918537411740862407,18.0
7918537411740862407,19.0
7918537411740862407,17.0
7918537411740862407,18.0
7918537411740862407,17.0
7918537411740862407,18.0
7918537411740862407,14.0
7918537411740862407,13.0
7918537411740862407,21.0
7918537411740862407,14.0
7918537411740862407,16.0
7918537411740862407,17.0
7918537411740862407,15.0
7918537411740862407,22.0
7918537411740862407,20.0
7918537411740862407,20.0
7918537411740862407,17.0
7918537411740862407,15.0
7918537411740862407,20.0
7918537411740862407,16.0
7918537411740862407,13.0
7918537411740862407,18.0
7918537411740862407,20.0
7918537411740862407,14.0
7918537411740862407,20.0
7918537411740862407,16.0
7918537411740862407,19.0
7918537411740862407,20.0
7918537411740862407,21.0
7918537411740862407,14.0
7918537411740862407,17.0
7918537411740862407,15.0
7918537411740862407,22.0
7918537411740862407,15.0
7918537411740862407,21.0
7918537411740862407,17.0
7918537411740862407,26.0
7918537411740862407,21.0
7918537411740862407,15.0
7918537411740862407,14.0
7918537411740862407,20.0
7918537411740862407,24.0
7918537411740862407,18.0
7918537411740862407,17.0
7918537411740862407,14.0
7918537411740862407,20.0
7918537411740862407,14.0
7918537411740862407,14.0
7918537411740862407,20.0
7918537411740862407,18.0
7918537411740862407,17.0
7918537411740862407,20.0
7918537411740862407,16.0
7918537411740862407,14.0
7918537411740862407,13.0
7918537411740862407,17.0
7918537411740862407,10.0
7918537411740862407,17.0
7918537411740862407,19.0
7918537411740862407,15.0
7918537411740862407,18.0
7918537411740862407,16.0
7918537411740862407,20.0
7918537411740862407,18.0
7918537411740862407,18.0
7918537411740862407,19.0
7918537411740862407,16.0
7918537411740862407,12.0
7918537411740862407,20.0
7918537411740862407,14.0
7918537411740862407,15.0
7918537411740862407,16.0
7918537411740862407,14.0
7918537411740862407,22.0
7918537411740862407,16.0
7918537411740862407,22.0
7918537411740862407,22.0
7918537411740862407,19.0
7918537411740862407,18.0
7918537411740862407,22.0
7918537411740862407,20.0
7918537411740862407,20.0
7918537411740862407,19.0
7918537411740862407,17.0
7918537411740862407,16.0
7918537411740862407,19.0
7918537411740862407,15.0
7918537411740862407,18.0
7918537411740862407,31.0
7918537411740862407,24.0
7918537411740862407,15.0
7918537411740862407,18.0
7918537411740862407,25.0
7918537411740862407,20.0
7918537411740862407,17.0
7918537411740862407,19.0
7918537411740862407,16.0
7918537411740862407,22.0
7918537411740862407,15.0
7918537411740862407,14.0
7918537411740862407,19.0
7918537411740862407,0.0
7918537411740862407,17.0
7918537411740862407,14.0
7918537411740862407,21.0
7918537411740862407,19.0
7918537411740862407,15.0
7918537411740862407,15.0
7918537411740862407,14.0
7918537411740862407,14.0
7918537411740862407,14.0
7918537411740862407,16.0
7918537411740862407,20.0
7918537411740862407,17.0
7918537411740862407,16.0
7918537411740862407,23.0
7918537411740862407,18.0
7918537411740862407,17.0
7918537411740862407,17.0
7918537411740862407,21.0
7918537411740862407,18.0
7918537411740862407,16.0
7918537411740862407,17.0
7918537411740862407,17.0
7918537411740862407,18.0
7918537411740862407,15.0
7918537411740862407,15.0
7918537411740862407,20.0
7918537411740862407,19.0
7918537411740862407,21.0
7918537411740862407,20.0
7918537411740862407,19.0
7918537411740862407,18.0
7918537411740862407,19.0
7918537411740862407,16.0
7918537411740862407,24.0
7918537411740862407,18.0
7918537411740862407,16.0
7918537411740862407,16.0
7918537411740862407,17.0
7918537411740862407,20.0
7918537411740862407,17.0
7918537411740862407,14.0
7918537411740862407,14.0
7918537411740862407,26.0
7918537411740862407,28.0
7918537411740862407,15.0
7918537411740862407,19.0
7918537411740862407,15.0
7918537411740862407,16.0
7918537411740862407,15.0
7918537411740862407,16.0
7918537411740862407,15.0
7918537411740862407,25.0
7918537411740862407,21.0
7918537411740862407,13.0
7918537411740862407,14.0
7918537411740862407,15.0
7918537411740862407,17.0
7918537411740862407,16.0
7918537411740862407,14.0
7918537411740862407,18.0
7918537411740862407,18.0
7918537411740862407,21.0
7918537411740862407,14.0
7918537411740862407,21.0
7918537411740862407,30.0
7918537411740862407,18.0
7918537411740862407,22.0
7918537411740862407,19.0
7918537411740862407,19.0
7918537411740862407,19.0
7918537411740862407,14.0
7918537411740862407,17.0
7918537411740862407,16.0
7918537411740862407,16.0
7918537411740862407,19.0
7918537411740862407,15.0
7918537411740862407,18.0
7918537411740862407,17.0
7918537411740862407,22.0
7918537411740862407,16.0
7918537411740862407,22.0
7918537411740862407,25.0
7918537411740862407,17.0
7918537411740862407,14.0
7918537411740862407,18.0
7918537411740862407,24.0
7918537411740862407,21.0
7918537411740862407,21.0
7918537411740862407,20.0
7918537411740862407,15.0
7918537411740862407,17.0
7918537411740862407,16.0
7918537411740862407,16.0
7918537411740862407,20.0
7918537411740862407,15.0
7918537411740862407,18.0
7918537411740862407,14.0
7918537411740862407,17.0
7918537411740862407,13.0
7918537411740862407,15.0
7918537411740862407,21.0
7918537411740862407,17.0
7918537411740862407,18.0
7918537411740862407,20.0
7918537411740862407,16.0
7918537411740862407,16.0
7918537411740862407,17.0
7918537411740862407,14.0
7918537411740862407,18.0
7918537411740862407,16.0
7918537411740862407,21.0
7918537411740862407,14.0
7918537411740862407,16.0
7918537411740862407,19.0
7918537411740862407,17.0
7918537411740862407,19.0
7918537411740862407,15.0
7918537411740862407,16.0
7918537411740862407,14.0
7918537411740862407,17.0
7918537411740862407,15.0
7918537411740862407,19.0
7918537411740862407,12.0
7918537411740862407,19.0
7918537411740862407,17.0
7918537411740862407,13.0
7918537411740862407,15.0
7918537411740862407,15.0
7918537411740862407,16.0
7918537411740862407,16.0
7918537411740862407,16.0
7918537411740862407,16.0
7918537411740862407,21.0
7918537411740862407,19.0
7918537411740862407,20.0
7918537411740862407,18.0
7918537411740862407,15.0
7918537411740862407,17.0
7918537411740862407,17.0
7918537411740862407,20.0
7918537411740862407,25.0
7918537411740862407,21.0
7918537411740862407,23.0
7918537411740862407,15.0
7918537411740862407,14.0
7918537411740862407,20.0
7918537411740862407,20.0
7918537411740862407,15.0
7918537411740862407,18.0
7918537411740862407,35.0
7918537411740862407,18.0
7918537411740862407,14.0
7918537411740862407,19.0
7918537411740862407,18.0
7918537411740862407,19.0
7918537411740862407,15.0
7918537411740862407,15.0
7918537411740862407,23.0
7918537411740862407,16.0
7918537411740862407,19.0
7918537411740862407,15.0
7918537411740862407,16.0
7918537411740862407,18.0
7918537411740862407,14.0
7918537411740862407,17.0
7918537411740862407,13.0
7918537411740862407,14.0
7918537411740862407,15.0
7918537411740862407,18.0
7918537411740862407,21.0
7918537411740862407,16.0
7918537411740862407,13.0
7918537411740862407,16.0
7918537411740862407,16.0
7918537411740862407,17.0
7918537411740862407,17.0
7918537411740862407,14.0
7918537411740862407,16.0
7918537411740862407,21.0
7918537411740862407,16.0
7918537411740862407,18.0
7918537411740862407,15.0
7918537411740862407,14.0
7918537411740862407,17.0
7918537411740862407,24.0
7918537411740862407,14.0
7918537411740862407,12.0
7918537411740862407,19.0
7918537411740862407,16.0
7918537411740862407,15.0
7918537411740862407,16.0
7918537411740862407,17.0
7918537411740862407,21.0
7918537411740862407,17.0
7918537411740862407,16.0
7918537411740862407,14.0
7918537411740862407,17.0
7918537411740862407,15.0
7918537411740862407,16.0
7918537411740862407,30.0
7918537411740862407,15.0
7918537411740862407,22.0
7918537411740862407,23.0
7918537411740862407,16.0
7918537411740862407,20.0
7918537411740862407,16.0
7918537411740862407,15.0
7918537411740862407,22.0
7918537411740862407,16.0
7918537411740862407,18.0
7918537411740862407,17.0
7918537411740862407,13.0
7918537411740862407,19.0
7918537411740862407,23.0
7918537411740862407,16.0
7918537411740862407,17.0
7918537411740862407,16.0
7918537411740862407,15.0
7918537411740862407,17.0
7918537411740862407,19.0
7918537411740862407,14.0
7918537411740862407,15.0
7918537411740862407,15.0
7918537411740862407,16.0
7918537411740862407,13.0
7918537411740862407,15.0
7918537411740862407,23.0
7918537411740862407,16.0
7918537411740862407,17.0
7918537411740862407,14.0
7918537411740862407,19.0
7918537411740862407,14.0
7918537411740862407,14.0
7918537411740862407,20.0
7918537411740862407,14.0
7918537411740862407,14.0
7918537411740862407,14.0
7918537411740862407,18.0
7918537411740862407,22.0
7918537411740862407,14.0
7918537411740862407,15.0
7918537411740862407,17.0
7918537411740862407,19.0
7918537411740862407,15.0
7918537411740862407,22.0
7918537411740862407,18.0
7918537411740862407,16.0
7918537411740862407,16.0
7918537411740862407,10.0
7918537411740862407,24.0
7918537411740862407,27.0
7918537411740862407,16.0
7918537411740862407,15.0
7918537411740862407,14.0
7918537411740862407,15.0
7918537411740862407,21.0
7918537411740862407,14.0
7918537411740862407,14.0
7918537411740862407,16.0
7918537411740862407,16.0
7918537411740862407,16.0
7918537411740862407,14.0
7918537411740862407,17.0
7918537411740862407,13.0
7918537411740862407,15.0
7918537411740862407,16.0
7918537411740862407,18.0
7918537411740862407,16.0
7918537411740862407,34.0
7918537411740862407,12.0
7918537411740862407,17.0
7918537411740862407,15.0
7918537411740862407,20.0
7918537411740862407,24.0
7918537411740862407,18.0
7918537411740862407,15.0
7918537411740862407,19.0
7918537411740862407,14.0
7918537411740862407,21.0
7918537411740862407,20.0
7918537411740862407,13.0
7918537411740862407,23.0
7918537411740862407,14.0
7918537411740862407,20.0
7918537411740862407,17.0
7918537411740862407,18.0
7918537411740862407,19.0
7918537411740862407,20.0
7918537411740862407,18.0
7918537411740862407,18.0
7918537411740862407,23.0
7918537411740862407,13.0
7918537411740862407,16.0
7918537411740862407,20.0
7918537411740862407,17.0
7918537411740862407,14.0
7918537411740862407,17.0
7918537411740862407,19.0
7918537411740862407,19.0
7918537411740862407,13.0
7918537411740862407,16.0
7918537411740862407,14.0
7918537411740862407,18.0
7918537411740862407,17.0
7918537411740862407,20.0
7918537411740862407,15.0
7918537411740862407,18.0
7918537411740862407,11.0
7918537411740862407,18.0
7918537411740862407,16.0
7918537411740862407,23.0
7918537411740862407,16.0
7918537411740862407,14.0
7918537411740862407,14.0
7918537411740862407,17.0
7918537411740862407,16.0
7918537411740862407,18.0
7918537411740862407,18.0
7918537411740862407,16.0
7918537411740862407,16.0
7918537411740862407,15.0
7918537411740862407,16.0
7918537411740862407,25.0
7918537411740862407,20.0
7918537411740862407,18.0
7918537411740862407,20.0
7918537411740862407,16.0
7918537411740862407,21.0
7918537411740862407,23.0
7918537411740862407,19.0
7918537411740862407,15.0
7918537411740862407,20.0
7918537411740862407,15.0
7918537411740862407,20.0
7918537411740862407,19.0
7918537411740862407,15.0
7918537411740862407,18.0
7918537411740862407,18.0
7918537411740862407,14.0
7918537411740862407,15.0
7918537411740862407,14.0
7918537411740862407,19.0
7918537411740862407,16.0
7918537411740862407,14.0
7918537411740862407,19.0
7918537411740862407,20.0
7918537411740862407,20.0
7918537411740862407,18.0
7918537411740862407,19.0
7918537411740862407,22.0
7918537411740862407,18.0
7918537411740862407,17.0
7918537411740862407,13.0
7918537411740862407,20.0
7918537411740862407,22.0
7918537411740862407,18.0
7918537411740862407,22.0
7918537411740862407,17.0
7918537411740862407,14.0
7918537411740862407,20.0
7918537411740862407,15.0
7918537411740862407,19.0
7918537411740862407,20.0
7918537411740862407,15.0
7918537411740862407,20.0
7918537411740862407,25.0
7918537411740862407,14.0
7918537411740862407,16.0
7918537411740862407,15.0
7918537411740862407,16.0
7918537411740862407,22.0
7918537411740862407,19.0
7918537411740862407,14.0
7918537411740862407,16.0
7918537411740862407,28.0
7918537411740862407,19.0
7918537411740862407,16.0
7918537411740862407,15.0
7918537411740862407,15.0
7918537411740862407,20.0
7918537411740862407,12.0
7918537411740862407,14.0
7918537411740862407,17.0
7918537411740862407,19.0
7918537411740862407,20.0
7918537411740862407,35.0
7918537411740862407,15.0
7918537411740862407,17.0
7918537411740862407,15.0
7918537411740862407,17.0
7918537411740862407,15.0
7918537411740862407,19.0
7918537411740862407,16.0
7918537411740862407,16.0
7918537411740862407,16.0
7918537411740862407,12.0
7918537411740862407,23.0
7918537411740862407,22.0
7918537411740862407,20.0
7918537411740862407,18.0
7918537411740862407,18.0
7918537411740862407,41.0
7918537411740862407,20.0
7918537411740862407,20.0
7918537411740862407,15.0
7918537411740862407,17.0
7918537411740862407,22.0
7918537411740862407,10.0
7918537411740862407,15.0
7918537411740862407,23.0
7918537411740862407,20.0
7918537411740862407,20.0
7918537411740862407,21.0
7918537411740862407,15.0
7918537411740862407,17.0
7918537411740862407,13.0
7918537411740862407,0.0
7918537411740862407,23.0
7918537411740862407,20.0
7918537411740862407,14.0
7918537411740862407,17.0
7918537411740862407,18.0
7918537411740862407,16.0
7918537411740862407,18.0
7918537411740862407,19.0
7918537411740862407,17.0
7918537411740862407,18.0
7918537411740862407,16.0
7918537411740862407,17.0
7918537411740862407,15.0
7918537411740862407,19.0
7918537411740862407,20.0
7918537411740862407,18.0
7918537411740862407,19.0
7918537411740862407,23.0
7918537411740862407,19.0
7918537411740862407,15.0
7918537411740862407,16.0
7918537411740862407,15.0
7918537411740862407,18.0
7918537411740862407,19.0
7918537411740862407,14.0
7918537411740862407,16.0
7918537411740862407,13.0
7918537411740862407,22.0
7918537411740862407,17.0
7918537411740862407,19.0
7918537411740862407,17.0
7918537411740862407,20.0
7918537411740862407,17.0
7918537411740862407,16.0
7918537411740862407,14.0
7918537411740862407,19.0
7918537411740862407,20.0
7918537411740862407,12.0
7918537411740862407,23.0
7918537411740862407,18.0
7918537411740862407,16.0
7918537411740862407,16.0
7918537411740862407,20.0
7918537411740862407,15.0
7918537411740862407,16.0
7918537411740862407,14.0
7918537411740862407,13.0
7918537411740862407,14.0
7918537411740862407,17.0
7918537411740862407,16.0
7918537411740862407,20.0
7918537411740862407,18.0
7918537411740862407,23.0
7918537411740862407,15.0
7918537411740862407,18.0
7918537411740862407,19.0
7918537411740862407,18.0
7918537411740862407,17.0
7918537411740862407,17.0
7918537411740862407,15.0
7918537411740862407,13.0
7918537411740862407,15.0
7918537411740862407,12.0
7918537411740862407,16.0
7918537411740862407,16.0
7918537411740862407,21.0
7918537411740862407,18.0
7918537411740862407,16.0
7918537411740862407,15.0
7918537411740862407,14.0
7918537411740862407,21.0
7918537411740862407,19.0
7918537411740862407,15.0
7918537411740862407,20.0
7918537411740862407,20.0
7918537411740862407,14.0
7918537411740862407,24.0
7918537411740862407,17.0
7918537411740862407,15.0
7918537411740862407,17.0
7918537411740862407,13.0
7918537411740862407,15.0
7918537411740862407,17.0
7918537411740862407,24.0
7918537411740862407,14.0
7918537411740862407,16.0
7918537411740862407,18.0
7918537411740862407,25.0
7918537411740862407,18.0
7918537411740862407,17.0
7918537411740862407,17.0
7918537411740862407,29.0
7918537411740862407,21.0
7918537411740862407,17.0
7918537411740862407,16.0
7918537411740862407,18.0
7918537411740862407,15.0
7918537411740862407,13.0
7918537411740862407,15.0
7918537411740862407,15.0
7918537411740862407,19.0
7918537411740862407,15.0
7918537411740862407,15.0
7918537411740862407,15.0
7918537411740862407,16.0
7918537411740862407,17.0
7918537411740862407,19.0
7918537411740862407,17.0
7918537411740862407,14.0
7918537411740862407,14.0
7918537411740862407,19.0
7918537411740862407,19.0
7918537411740862407,24.0
7918537411740862407,16.0
7918537411740862407,15.0
7918537411740862407,18.0
7918537411740862407,14.0
7918537411740862407,16.0
7918537411740862407,18.0
7918537411740862407,21.0
7918537411740862407,18.0
7918537411740862407,15.0
7918537411740862407,14.0
7918537411740862407,18.0
7918537411740862407,14.0
7918537411740862407,26.0
7918537411740862407,14.0
7918537411740862407,16.0
7918537411740862407,17.0
7918537411740862407,17.0
7918537411740862407,16.0
7918537411740862407,18.0
7918537411740862407,17.0
7918537411740862407,15.0
7918537411740862407,23.0
7918537411740862407,14.0
7918537411740862407,14.0
7918537411740862407,18.0
7918537411740862407,24.0
7918537411740862407,18.0
7918537411740862407,14.0
7918537411740862407,23.0
7918537411740862407,21.0
7918537411740862407,15.0
7918537411740862407,20.0
7918537411740862407,22.0
7918537411740862407,15.0
7918537411740862407,15.0
7918537411740862407,16.0
7918537411740862407,19.0
7918537411740862407,19.0
7918537411740862407,15.0
7918537411740862407,18.0
7918537411740862407,21.0
7918537411740862407,16.0
7918537411740862407,20.0
7918537411740862407,15.0
7918537411740862407,16.0
7918537411740862407,16.0
7918537411740862407,16.0
7918537411740862407,16.0
7918537411740862407,18.0
7918537411740862407,16.0
7918537411740862407,14.0
7918537411740862407,18.0
7918537411740862407,20.0
7918537411740862407,21.0
7918537411740862407,19.0
7918537411740862407,15.0
7918537411740862407,19.0
7918537411740862407,14.0
7918537411740862407,22.0
7918537411740862407,19.0
7918537411740862407,22.0
7918537411740862407,28.0
7918537411740862407,7.0
7918537411740862407,16.0
7918537411740862407,10.0
7918537411740862407,20.0
7918537411740862407,16.0
7918537411740862407,21.0
7918537411740862407,15.0
7918537411740862407,19.0
7918537411740862407,21.0
7918537411740862407,19.0
7918537411740862407,17.0
7918537411740862407,16.0
7918537411740862407,16.0
7918537411740862407,17.0
7918537411740862407,20.0
7918537411740862407,23.0
7918537411740862407,21.0
7918537411740862407,16.0
7918537411740862407,20.0
7918537411740862407,20.0
7918537411740862407,14.0
7918537411740862407,12.0
7918537411740862407,17.0
7918537411740862407,17.0
7918537411740862407,16.0
7918537411740862407,17.0
7918537411740862407,14.0
7918537411740862407,16.0
7918537411740862407,16.0
7918537411740862407,15.0
7918537411740862407,21.0
7918537411740862407,20.0
7918537411740862407,14.0
7918537411740862407,18.0
7918537411740862407,15.0
7918537411740862407,18.0
7918537411740862407,18.0
7918537411740862407,14.0
7918537411740862407,19.0
7918537411740862407,18.0
7918537411740862407,15.0
7918537411740862407,18.0
7918537411740862407,21.0
7918537411740862407,23.0
7918537411740862407,15.0
7918537411740862407,16.0
7918537411740862407,16.0
7918537411740862407,19.0
7918537411740862407,16.0
7918537411740862407,18.0
7918537411740862407,15.0
7918537411740862407,21.0
7918537411740862407,14.0
7918537411740862407,13.0
7918537411740862407,16.0
7918537411740862407,16.0
7918537411740862407,14.0
7918537411740862407,17.0
7918537411740862407,14.0
7918537411740862407,15.0
7918537411740862407,15.0
7918537411740862407,20.0
7918537411740862407,17.0
7918537411740862407,21.0
7918537411740862407,21.0
7918537411740862407,14.0
7918537411740862407,13.0
7918537411740862407,15.0
7918537411740862407,18.0
7918537411740862407,14.0
7918537411740862407,14.0
7918537411740862407,18.0
7918537411740862407,17.0
7918537411740862407,14.0
7918537411740862407,18.0
7918537411740862407,19.0
7918537411740862407,19.0
7918537411740862407,21.0
7918537411740862407,21.0
7918537411740862407,16.0
7918537411740862407,20.0
7918537411740862407,15.0
7918537411740862407,13.0
7918537411740862407,0.0
7918537411740862407,13.0
7918537411740862407,25.0
7918537411740862407,18.0
7918537411740862407,16.0
7918537411740862407,18.0
7918537411740862407,21.0
7918537411740862407,32.0
7918537411740862407,15.0
7918537411740862407,17.0
7918537411740862407,29.0
7918537411740862407,15.0
7918537411740862407,17.0
7918537411740862407,15.0
7918537411740862407,18.0
7918537411740862407,20.0
7918537411740862407,16.0
7918537411740862407,14.0
7918537411740862407,21.0
7918537411740862407,15.0
7918537411740862407,18.0
7918537411740862407,21.0
7918537411740862407,20.0
7918537411740862407,16.0
7918537411740862407,14.0
7918537411740862407,16.0
7918537411740862407,18.0
7918537411740862407,18.0
7918537411740862407,21.0
7918537411740862407,20.0
7918537411740862407,18.0
7918537411740862407,15.0
7918537411740862407,18.0
7918537411740862407,17.0
7918537411740862407,18.0
7918537411740862407,15.0
7918537411740862407,20.0
7918537411740862407,15.0
7918537411740862407,15.0
7918537411740862407,16.0
7918537411740862407,17.0
7918537411740862407,17.0
7918537411740862407,14.0
7918537411740862407,16.0
7918537411740862407,18.0
7918537411740862407,18.0
7918537411740862407,19.0
7918537411740862407,29.0
7918537411740862407,16.0
7918537411740862407,18.0
7918537411740862407,21.0
7918537411740862407,16.0
7918537411740862407,28.0
7918537411740862407,14.0
7918537411740862407,16.0
7918537411740862407,18.0
7918537411740862407,26.0
7918537411740862407,14.0
7918537411740862407,18.0
7918537411740862407,17.0
7918537411740862407,21.0
7918537411740862407,18.0
7918537411740862407,13.0
7918537411740862407,16.0
7918537411740862407,21.0
7918537411740862407,16.0
7918537411740862407,17.0
7918537411740862407,15.0
7918537411740862407,18.0
7918537411740862407,16.0
7918537411740862407,23.0
7918537411740862407,22.0
7918537411740862407,9.0
7918537411740862407,14.0
7918537411740862407,23.0
7918537411740862407,16.0
7918537411740862407,19.0
7918537411740862407,14.0
7918537411740862407,18.0
7918537411740862407,19.0
7918537411740862407,19.0
7918537411740862407,18.0
7918537411740862407,19.0
7918537411740862407,21.0
7918537411740862407,20.0
7918537411740862407,16.0
7918537411740862407,22.0
7918537411740862407,17.0
7918537411740862407,16.0
7918537411740862407,16.0
7918537411740862407,20.0
7918537411740862407,24.0
7918537411740862407,16.0
7918537411740862407,20.0
7918537411740862407,15.0
7918537411740862407,21.0
7918537411740862407,23.0
7918537411740862407,16.0
7918537411740862407,20.0
7918537411740862407,22.0
7918537411740862407,17.0
7918537411740862407,16.0
7918537411740862407,14.0
7918537411740862407,14.0
7918537411740862407,20.0
7918537411740862407,16.0
7918537411740862407,16.0
7918537411740862407,19.0
7918537411740862407,17.0
7918537411740862407,16.0
7918537411740862407,18.0
7918537411740862407,18.0
7918537411740862407,19.0
7918537411740862407,20.0
7918537411740862407,16.0
7918537411740862407,14.0
7918537411740862407,17.0
7918537411740862407,18.0
7918537411740862407,27.0
7918537411740862407,22.0
7918537411740862407,21.0
7918537411740862407,20.0
7918537411740862407,12.0
7918537411740862407,17.0
7918537411740862407,14.0
7918537411740862407,30.0
7918537411740862407,18.0
7918537411740862407,15.0
7918537411740862407,25.0
7918537411740862407,14.0
7918537411740862407,20.0
7918537411740862407,20.0
7918537411740862407,23.0
7918537411740862407,17.0
7918537411740862407,17.0
7918537411740862407,19.0
7918537411740862407,14.0
7918537411740862407,19.0
7918537411740862407,39.0
7918537411740862407,21.0
7918537411740862407,19.0
7918537411740862407,19.0
7918537411740862407,22.0
7918537411740862407,21.0
7918537411740862407,16.0
7918537411740862407,14.0
7918537411740862407,15.0
7918537411740862407,24.0
7918537411740862407,20.0
7918537411740862407,21.0
7918537411740862407,15.0
7918537411740862407,17.0
7918537411740862407,13.0
7918537411740862407,14.0
7918537411740862407,14.0
7918537411740862407,13.0
7918537411740862407,16.0
7918537411740862407,23.0
7918537411740862407,14.0
7918537411740862407,26.0
7918537411740862407,22.0
7918537411740862407,18.0
7918537411740862407,21.0
7918537411740862407,13.0
7918537411740862407,17.0
7918537411740862407,19.0
7918537411740862407,15.0
7918537411740862407,16.0
7918537411740862407,20.0
7918537411740862407,15.0
7918537411740862407,19.0
7918537411740862407,16.0
7918537411740862407,15.0
7918537411740862407,18.0
7918537411740862407,12.0
7918537411740862407,17.0
7918537411740862407,23.0
7918537411740862407,17.0
7918537411740862407,23.0
7918537411740862407,16.0
7918537411740862407,20.0
7918537411740862407,17.0
7918537411740862407,17.0
7918537411740862407,0.0
7918537411740862407,16.0
7918537411740862407,14.0
7918537411740862407,19.0
7918537411740862407,18.0
7918537411740862407,0.0
7918537411740862407,19.0
7918537411740862407,15.0
7918537411740862407,13.0
7918537411740862407,13.0
7918537411740862407,15.0
7918537411740862407,24.0
7918537411740862407,7.0
7918537411740862407,16.0
7918537411740862407,18.0
7918537411740862407,18.0
7918537411740862407,19.0
7918537411740862407,14.0
7918537411740862407,20.0
7918537411740862407,16.0
7918537411740862407,17.0
7918537411740862407,16.0
7918537411740862407,21.0
7918537411740862407,13.0
7918537411740862407,17.0
7918537411740862407,14.0
7918537411740862407,16.0
7918537411740862407,16.0
7918537411740862407,13.0
7918537411740862407,17.0
8480470964666031560,36.0
8480470964666031560,24.0
8480470964666031560,26.0
8480470964666031560,16.0
8480470964666031560,17.0
8480470964666031560,20.0
8480470964666031560,28.0
8480470964666031560,21.0
8480470964666031560,22.0
8480470964666031560,15.0
8480470964666031560,26.0
8480470964666031560,14.0
8480470964666031560,16.0
8480470964666031560,16.0
8480470964666031560,21.0
8480470964666031560,24.0
8480470964666031560,24.0
8480470964666031560,27.0
8480470964666031560,23.0
8480470964666031560,28.0
8480470964666031560,22.0
8480470964666031560,28.0
8480470964666031560,26.0
8480470964666031560,23.0
8480470964666031560,17.0
8480470964666031560,19.0
8480470964666031560,21.0
8480470964666031560,26.0
8480470964666031560,15.0
8480470964666031560,28.0
8480470964666031560,18.0
8480470964666031560,17.0
8480470964666031560,25.0
8480470964666031560,15.0
8480470964666031560,23.0
8480470964666031560,25.0
8480470964666031560,22.0
8480470964666031560,19.0
8480470964666031560,15.0
8480470964666031560,15.0
8480470964666031560,17.0
8480470964666031560,16.0
8480470964666031560,16.0
8480470964666031560,10.0
8480470964666031560,26.0
8480470964666031560,27.0
8480470964666031560,18.0
8480470964666031560,43.0
8480470964666031560,21.0
8480470964666031560,25.0
8480470964666031560,20.0
8480470964666031560,22.0
8480470964666031560,20.0
8480470964666031560,21.0
8480470964666031560,29.0
8480470964666031560,15.0
8480470964666031560,25.0
8480470964666031560,12.0
8480470964666031560,16.0
8480470964666031560,17.0
8480470964666031560,19.0
8480470964666031560,22.0
8480470964666031560,16.0
8480470964666031560,14.0
8480470964666031560,17.0
8480470964666031560,25.0
8480470964666031560,17.0
8480470964666031560,25.0
8480470964666031560,19.0
8480470964666031560,23.0
8480470964666031560,20.0
8480470964666031560,13.0
8480470964666031560,17.0
8480470964666031560,28.0
8480470964666031560,22.0
8480470964666031560,23.0
8480470964666031560,25.0
8480470964666031560,37.0
8480470964666031560,29.0
8480470964666031560,21.0
8480470964666031560,16.0
8480470964666031560,20.0
8480470964666031560,21.0
8480470964666031560,18.0
8480470964666031560,21.0
8480470964666031560,22.0
8480470964666031560,22.0
8480470964666031560,30.0
8480470964666031560,24.0
8480470964666031560,21.0
8480470964666031560,19.0
8480470964666031560,16.0
8480470964666031560,24.0
8480470964666031560,21.0
8480470964666031560,26.0
8480470964666031560,22.0
8480470964666031560,23.0
8480470964666031560,24.0
8480470964666031560,19.0
8480470964666031560,21.0
8480470964666031560,29.0
8480470964666031560,23.0
8480470964666031560,20.0
8480470964666031560,13.0
8480470964666031560,15.0
8480470964666031560,24.0
8480470964666031560,23.0
8480470964666031560,13.0
8480470964666031560,19.0
8480470964666031560,25.0
8480470964666031560,30.0
8480470964666031560,21.0
8480470964666031560,26.0
8480470964666031560,14.0
8480470964666031560,25.0
8480470964666031560,15.0
8480470964666031560,26.0
8480470964666031560,20.0
8480470964666031560,24.0
8480470964666031560,24.0
8480470964666031560,26.0
8480470964666031560,33.0
8480470964666031560,23.0
8480470964666031560,29.0
8480470964666031560,20.0
8480470964666031560,22.0
8480470964666031560,18.0
8480470964666031560,19.0
8480470964666031560,23.0
8480470964666031560,28.0
8480470964666031560,21.0
8480470964666031560,14.0
8480470964666031560,24.0
8480470964666031560,58.0
8480470964666031560,17.0
8480470964666031560,25.0
8480470964666031560,19.0
8480470964666031560,20.0
8480470964666031560,32.0
8480470964666031560,22.0
8480470964666031560,20.0
8480470964666031560,27.0
8480470964666031560,19.0
8480470964666031560,16.0
8480470964666031560,25.0
8480470964666031560,18.0
8480470964666031560,21.0
8480470964666031560,18.0
8480470964666031560,26.0
8480470964666031560,22.0
8480470964666031560,19.0
8480470964666031560,22.0
8480470964666031560,22.0
8480470964666031560,23.0
8480470964666031560,23.0
8480470964666031560,21.0
8480470964666031560,34.0
8480470964666031560,16.0
8480470964666031560,19.0
8480470964666031560,30.0
8480470964666031560,14.0
8480470964666031560,28.0
8480470964666031560,26.0
8480470964666031560,28.0
8480470964666031560,25.0
8480470964666031560,24.0
8480470964666031560,19.0
8480470964666031560,12.0
8480470964666031560,22.0
8480470964666031560,20.0
8480470964666031560,10.0
8480470964666031560,15.0
8480470964666031560,16.0
8480470964666031560,26.0
8480470964666031560,28.0
8480470964666031560,19.0
8480470964666031560,15.0
8480470964666031560,15.0
8480470964666031560,20.0
8480470964666031560,26.0
8480470964666031560,24.0
7427037643503998178,25.0
7427037643503998178,21.0
7427037643503998178,20.0
7427037643503998178,18.0
7427037643503998178,20.0
7427037643503998178,19.0
7427037643503998178,18.0
7427037643503998178,22.0
7427037643503998178,12.0
7427037643503998178,16.0
7427037643503998178,22.0
7427037643503998178,16.0
7427037643503998178,26.0
7427037643503998178,24.0
7427037643503998178,19.0
7427037643503998178,21.0
7427037643503998178,17.0
7427037643503998178,24.0
7427037643503998178,22.0
7427037643503998178,25.0
7427037643503998178,15.0
7427037643503998178,14.0
7427037643503998178,28.0
7427037643503998178,22.0
7427037643503998178,25.0
7427037643503998178,23.0
7427037643503998178,19.0
7427037643503998178,24.0
7427037643503998178,19.0
7427037643503998178,18.0
7427037643503998178,16.0
7427037643503998178,15.0
7427037643503998178,23.0
7427037643503998178,22.0
7427037643503998178,20.0
7427037643503998178,21.0
7427037643503998178,25.0
7427037643503998178,26.0
7427037643503998178,26.0
7427037643503998178,20.0
7427037643503998178,27.0
7427037643503998178,24.0
7427037643503998178,28.0
7427037643503998178,23.0
7427037643503998178,24.0
7427037643503998178,22.0
7427037643503998178,17.0
7427037643503998178,21.0
7427037643503998178,15.0
7427037643503998178,16.0
7427037643503998178,23.0
7427037643503998178,16.0
7427037643503998178,28.0
7427037643503998178,16.0
7427037643503998178,20.0
7427037643503998178,24.0
7427037643503998178,16.0
7427037643503998178,18.0
7427037643503998178,24.0
7427037643503998178,19.0
7427037643503998178,21.0
7427037643503998178,24.0
7427037643503998178,21.0
7427037643503998178,18.0
7427037643503998178,17.0
7427037643503998178,20.0
7427037643503998178,25.0
7427037643503998178,16.0
7427037643503998178,25.0
7427037643503998178,30.0
7427037643503998178,21.0
7427037643503998178,21.0
7427037643503998178,17.0
7427037643503998178,21.0
7427037643503998178,29.0
7427037643503998178,22.0
7427037643503998178,24.0
7427037643503998178,24.0
7427037643503998178,28.0
7427037643503998178,18.0
7427037643503998178,17.0
7427037643503998178,27.0
7427037643503998178,24.0
7427037643503998178,18.0
7427037643503998178,22.0
7427037643503998178,16.0
7427037643503998178,23.0
7427037643503998178,22.0
7427037643503998178,23.0
7427037643503998178,21.0
7427037643503998178,19.0
7427037643503998178,20.0
7427037643503998178,21.0
-775517641933593374,18.0
-775517641933593374,24.0
-775517641933593374,15.0
-775517641933593374,45.0
-775517641933593374,12.0
-775517641933593374,15.0
-775517641933593374,33.0
-775517641933593374,13.0
-775517641933593374,36.0
-775517641933593374,14.0
-775517641933593374,14.0
-775517641933593374,14.0
-775517641933593374,19.0
-775517641933593374,10.0
-775517641933593374,15.0
-775517641933593374,18.0
-775517641933593374,23.0
-775517641933593374,22.0
-775517641933593374,19.0
-775517641933593374,12.0
-775517641933593374,15.0
-775517641933593374,23.0
-775517641933593374,12.0
-775517641933593374,0.0
-775517641933593374,17.0
-775517641933593374,26.0
-775517641933593374,17.0
-775517641933593374,0.0
-775517641933593374,30.0
-775517641933593374,13.0
-775517641933593374,21.0
-775517641933593374,29.0
-775517641933593374,13.0
-775517641933593374,22.0
-775517641933593374,14.0
-775517641933593374,14.0
-775517641933593374,23.0
-775517641933593374,13.0
-775517641933593374,19.0
-775517641933593374,39.0
-775517641933593374,12.0
-775517641933593374,34.0
-775517641933593374,16.0
-775517641933593374,26.0
-775517641933593374,32.0
-775517641933593374,19.0
-775517641933593374,13.0
-775517641933593374,12.0
-775517641933593374,20.0
-775517641933593374,25.0
-775517641933593374,15.0
-775517641933593374,23.0
-775517641933593374,18.0
-775517641933593374,21.0
-775517641933593374,44.0
-775517641933593374,14.0
-775517641933593374,21.0
-775517641933593374,25.0
-775517641933593374,39.0
-775517641933593374,19.0
-775517641933593374,28.0
-775517641933593374,27.0
-775517641933593374,30.0
-775517641933593374,14.0
-775517641933593374,15.0
-775517641933593374,18.0
-775517641933593374,25.0
-775517641933593374,37.0
-775517641933593374,26.0
-775517641933593374,10.0
-775517641933593374,27.0
-775517641933593374,43.0
-775517641933593374,29.0
-775517641933593374,33.0
-775517641933593374,27.0
-775517641933593374,10.0
-775517641933593374,28.0
-775517641933593374,19.0
-775517641933593374,16.0
-775517641933593374,18.0
-775517641933593374,36.0
-775517641933593374,16.0
-775517641933593374,20.0
-775517641933593374,35.0
-775517641933593374,18.0
-775517641933593374,13.0
-775517641933593374,22.0
-775517641933593374,42.0
-775517641933593374,29.0
-775517641933593374,16.0
-775517641933593374,36.0
-775517641933593374,28.0
-775517641933593374,15.0
-775517641933593374,18.0
-775517641933593374,22.0
-775517641933593374,26.0
-775517641933593374,46.0
-775517641933593374,24.0
-775517641933593374,0.0
-775517641933593374,13.0
-775517641933593374,18.0
-775517641933593374,21.0
-775517641933593374,14.0
-775517641933593374,20.0
-775517641933593374,26.0
-775517641933593374,20.0
-775517641933593374,41.0
-775517641933593374,15.0
-775517641933593374,7.0
-775517641933593374,21.0
-775517641933593374,10.0
-775517641933593374,48.0
-775517641933593374,13.0
-775517641933593374,30.0
-775517641933593374,12.0
-775517641933593374,14.0
-775517641933593374,37.0
-775517641933593374,33.0
-775517641933593374,28.0
-775517641933593374,36.0
-775517641933593374,0.0
-775517641933593374,34.0
-775517641933593374,17.0
-775517641933593374,13.0
-775517641933593374,25.0
-775517641933593374,15.0
-775517641933593374,24.0
-775517641933593374,16.0
-775517641933593374,20.0
-775517641933593374,16.0
-775517641933593374,17.0
-775517641933593374,16.0
-775517641933593374,15.0
-775517641933593374,27.0
-775517641933593374,14.0
-775517641933593374,18.0
-775517641933593374,16.0
-775517641933593374,14.0
-775517641933593374,17.0
-775517641933593374,19.0
-5829006308524050971,21.0
-5829006308524050971,22.0
-5829006308524050971,16.0
-5829006308524050971,19.0
-5829006308524050971,15.0
-5829006308524050971,19.0
-5829006308524050971,20.0
-5829006308524050971,24.0
-5829006308524050971,20.0
-5829006308524050971,14.0
-5829006308524050971,14.0
-5829006308524050971,27.0
-5829006308524050971,13.0
-5829006308524050971,28.0
-5829006308524050971,25.0
-5829006308524050971,24.0
-5829006308524050971,14.0
-5829006308524050971,23.0
-5829006308524050971,10.0
-5829006308524050971,25.0
-5829006308524050971,22.0
-5829006308524050971,16.0
-5829006308524050971,14.0
-5829006308524050971,16.0
-5829006308524050971,21.0
-5829006308524050971,22.0
-5829006308524050971,21.0
-5829006308524050971,14.0
-5829006308524050971,15.0
-5829006308524050971,30.0
-5829006308524050971,26.0
-5829006308524050971,26.0
-5829006308524050971,17.0
-5829006308524050971,21.0
-5829006308524050971,15.0
-5829006308524050971,17.0
-5829006308524050971,17.0
-5829006308524050971,16.0
-5829006308524050971,13.0
-5829006308524050971,30.0
-5829006308524050971,16.0
-5829006308524050971,18.0
-5829006308524050971,20.0
-5829006308524050971,19.0
-5829006308524050971,19.0
-5829006308524050971,12.0
-5829006308524050971,21.0
-5829006308524050971,15.0
-5829006308524050971,21.0
-5829006308524050971,16.0
-5829006308524050971,17.0
-5829006308524050971,29.0
-5829006308524050971,15.0
-5829006308524050971,16.0
-5829006308524050971,18.0
-5829006308524050971,22.0
-5829006308524050971,16.0
-5829006308524050971,20.0
-5829006308524050971,28.0
-5829006308524050971,35.0
-5829006308524050971,22.0
-5829006308524050971,18.0
-5829006308524050971,14.0
-5829006308524050971,21.0
-5829006308524050971,14.0
-5829006308524050971,14.0
-5829006308524050971,19.0
-5829006308524050971,28.0
-5829006308524050971,24.0
-5829006308524050971,32.0
-5829006308524050971,18.0
-5829006308524050971,31.0
-5829006308524050971,13.0
-5829006308524050971,22.0
-5829006308524050971,16.0
-5829006308524050971,17.0
-5829006308524050971,31.0
-5829006308524050971,22.0
-5829006308524050971,25.0
-5829006308524050971,27.0
-5829006308524050971,20.0
-5829006308524050971,16.0
-5829006308524050971,19.0
-5829006308524050971,14.0
-5829006308524050971,33.0
-5829006308524050971,28.0
-5829006308524050971,20.0
-5829006308524050971,15.0
-5829006308524050971,31.0
-5829006308524050971,27.0
-5829006308524050971,32.0
-5829006308524050971,18.0
-5829006308524050971,28.0
-5829006308524050971,22.0
-5829006308524050971,22.0
-5829006308524050971,26.0
-5829006308524050971,14.0
-5829006308524050971,14.0
-5829006308524050971,17.0
-5829006308524050971,23.0
-5829006308524050971,22.0
-5829006308524050971,22.0
-5829006308524050971,16.0
-5829006308524050971,27.0
-5829006308524050971,20.0
-5829006308524050971,21.0
-5829006308524050971,15.0
-5829006308524050971,14.0
-5829006308524050971,12.0
-5829006308524050971,22.0
-5829006308524050971,14.0
-5829006308524050971,32.0
-5829006308524050971,29.0
-5829006308524050971,22.0
-5829006308524050971,16.0
-5829006308524050971,18.0
-5829006308524050971,28.0
-5829006308524050971,22.0
-5829006308524050971,16.0
-5829006308524050971,23.0
-5829006308524050971,18.0
-5829006308524050971,20.0
-5829006308524050971,20.0
-5829006308524050971,20.0
-5829006308524050971,24.0
-5829006308524050971,14.0
-5829006308524050971,20.0
-5829006308524050971,30.0
-5829006308524050971,20.0
-5829006308524050971,29.0
-5829006308524050971,24.0
-5829006308524050971,19.0
-5829006308524050971,32.0
-5829006308524050971,16.0
-5829006308524050971,25.0
-5829006308524050971,20.0
-5829006308524050971,16.0
-5829006308524050971,16.0
-5829006308524050971,23.0
-5829006308524050971,28.0
-5829006308524050971,14.0
-5829006308524050971,17.0
-5829006308524050971,14.0
-5829006308524050971,14.0
-5829006308524050971,14.0
-5829006308524050971,32.0
-5829006308524050971,31.0
-5829006308524050971,19.0
-5829006308524050971,29.0
-5829006308524050971,23.0
-5829006308524050971,22.0
-5829006308524050971,14.0
-5829006308524050971,13.0
-5829006308524050971,16.0
-5829006308524050971,24.0
-5829006308524050971,19.0
-5829006308524050971,25.0
-5829006308524050971,35.0
-5829006308524050971,17.0
-5829006308524050971,28.0
-5829006308524050971,24.0
-5829006308524050971,23.0
-5829006308524050971,20.0
-5829006308524050971,17.0
-5829006308524050971,29.0
-5829006308524050971,13.0
-5829006308524050971,17.0
-5829006308524050971,29.0
-5829006308524050971,32.0
-5829006308524050971,22.0
-5829006308524050971,19.0
-5829006308524050971,19.0
-5829006308524050971,23.0
-5829006308524050971,23.0
-5829006308524050971,16.0
-5829006308524050971,22.0
-5829006308524050971,24.0
-5829006308524050971,22.0
-5829006308524050971,22.0
-5829006308524050971,12.0
-5829006308524050971,22.0
-5829006308524050971,24.0
-5829006308524050971,22.0
-5829006308524050971,14.0
-5829006308524050971,14.0
-5829006308524050971,16.0
-5829006308524050971,21.0
-5829006308524050971,16.0
-5829006308524050971,26.0
-5829006308524050971,19.0
-5829006308524050971,29.0
-5829006308524050971,20.0
-5829006308524050971,16.0
-5829006308524050971,23.0
-5829006308524050971,34.0
-5829006308524050971,23.0
-5829006308524050971,18.0
-5829006308524050971,21.0
-5829006308524050971,27.0
-5829006308524050971,27.0
-5829006308524050971,14.0
-5829006308524050971,14.0
-5829006308524050971,14.0
-5829006308524050971,15.0
-5829006308524050971,14.0
-5829006308524050971,30.0
-5829006308524050971,22.0
-5829006308524050971,30.0
-5829006308524050971,29.0
-5829006308524050971,27.0
-5829006308524050971,27.0
-5829006308524050971,22.0
-5829006308524050971,26.0
-5829006308524050971,27.0
-5829006308524050971,28.0
-5829006308524050971,18.0
-5829006308524050971,14.0
-5829006308524050971,22.0
-5829006308524050971,22.0
-5829006308524050971,24.0
-5829006308524050971,14.0
-5829006308524050971,24.0
-5829006308524050971,19.0
-5829006308524050971,26.0
-5829006308524050971,18.0
-5829006308524050971,23.0
-5829006308524050971,20.0
-5829006308524050971,23.0
-5829006308524050971,25.0
-5829006308524050971,21.0
-5829006308524050971,14.0
-5829006308524050971,22.0
-5829006308524050971,20.0
-5829006308524050971,13.0
-5829006308524050971,17.0
-5829006308524050971,17.0
-5829006308524050971,21.0
-5829006308524050971,17.0
-5829006308524050971,16.0
-5829006308524050971,26.0
-5829006308524050971,17.0
-5829006308524050971,13.0
-5829006308524050971,14.0
-5829006308524050971,24.0
-5829006308524050971,23.0
-5829006308524050971,20.0
-5829006308524050971,26.0
-5829006308524050971,16.0
-5829006308524050971,14.0
-5829006308524050971,14.0
-5829006308524050971,15.0
-5829006308524050971,20.0
-5829006308524050971,26.0
-5829006308524050971,13.0
-5829006308524050971,15.0
-5829006308524050971,13.0
-5829006308524050971,25.0
-5829006308524050971,14.0
-5829006308524050971,16.0
-6225647829918357531,29.0
-6225647829918357531,20.0
-6225647829918357531,31.0
-6225647829918357531,26.0
-6225647829918357531,23.0
-6225647829918357531,23.0
-6225647829918357531,27.0
-6225647829918357531,36.0
-6225647829918357531,33.0
-6225647829918357531,24.0
-6225647829918357531,26.0
-6225647829918357531,29.0
-6225647829918357531,45.0
-6225647829918357531,29.0
-6225647829918357531,25.0
-6225647829918357531,24.0
-6225647829918357531,27.0
-6225647829918357531,23.0
-6225647829918357531,31.0
-6225647829918357531,21.0
-6225647829918357531,21.0
-6225647829918357531,12.0
-6225647829918357531,14.0
-6225647829918357531,26.0
-6225647829918357531,22.0
-6225647829918357531,25.0
-6225647829918357531,35.0
-6225647829918357531,25.0
-6225647829918357531,27.0
-6225647829918357531,26.0
-6225647829918357531,19.0
-6225647829918357531,24.0
-6225647829918357531,23.0
-6225647829918357531,37.0
-6225647829918357531,31.0
-6225647829918357531,22.0
-6225647829918357531,20.0
-6225647829918357531,24.0
-6225647829918357531,24.0
-6225647829918357531,38.0
-6225647829918357531,26.0
-6225647829918357531,26.0
-6225647829918357531,27.0
-6225647829918357531,30.0
-6225647829918357531,22.0
-6225647829918357531,33.0
-6225647829918357531,15.0
-6225647829918357531,24.0
-6225647829918357531,20.0
-6225647829918357531,21.0
-6225647829918357531,19.0
-6225647829918357531,20.0
-6225647829918357531,20.0
-6225647829918357531,23.0
-6225647829918357531,31.0
-6225647829918357531,20.0
-6225647829918357531,24.0
-6225647829918357531,31.0
-6225647829918357531,33.0
-6225647829918357531,25.0
-6225647829918357531,23.0
-6225647829918357531,27.0
-6225647829918357531,27.0
-6225647829918357531,26.0
-6225647829918357531,19.0
-6225647829918357531,30.0
-6225647829918357531,22.0
-6225647829918357531,25.0
-6225647829918357531,24.0
-6225647829918357531,22.0
-6225647829918357531,19.0
-6225647829918357531,28.0
-6225647829918357531,25.0
-6225647829918357531,32.0
-6225647829918357531,20.0
-6225647829918357531,27.0
-6225647829918357531,27.0
-6225647829918357531,22.0
-6225647829918357531,24.0
-6225647829918357531,21.0
-6225647829918357531,27.0
-6225647829918357531,28.0
-6225647829918357531,35.0
-6225647829918357531,19.0
-6225647829918357531,43.0
-6225647829918357531,24.0
-6225647829918357531,19.0
-6225647829918357531,28.0
-6225647829918357531,20.0
-6225647829918357531,26.0
-6225647829918357531,23.0
-6225647829918357531,23.0
-6225647829918357531,31.0
-6225647829918357531,32.0
-6225647829918357531,32.0
-6225647829918357531,28.0
-6225647829918357531,28.0
-6225647829918357531,27.0
-6225647829918357531,22.0
-6225647829918357531,28.0
-6225647829918357531,18.0
-6225647829918357531,18.0
-6225647829918357531,24.0
-6225647829918357531,21.0
-6225647829918357531,21.0
-6225647829918357531,16.0
-6225647829918357531,23.0
-6225647829918357531,30.0
-6225647829918357531,31.0
-6225647829918357531,36.0
-6225647829918357531,30.0
-6225647829918357531,20.0
-6225647829918357531,25.0
-6225647829918357531,15.0
-6225647829918357531,26.0
-6225647829918357531,37.0
-6225647829918357531,25.0
-6225647829918357531,19.0
-6225647829918357531,21.0
-6225647829918357531,24.0
-6225647829918357531,22.0
-6225647829918357531,31.0
-6225647829918357531,40.0
-6225647829918357531,20.0
-6225647829918357531,25.0
-6225647829918357531,22.0
-6225647829918357531,24.0
-6225647829918357531,31.0
-6225647829918357531,22.0
-6225647829918357531,25.0
-6225647829918357531,36.0
-6225647829918357531,32.0
-6225647829918357531,20.0
-6225647829918357531,32.0
-6225647829918357531,23.0
-6225647829918357531,37.0
-6225647829918357531,28.0
-6225647829918357531,31.0
-6225647829918357531,23.0
-6225647829918357531,26.0
-6225647829918357531,42.0
-6225647829918357531,31.0
-6225647829918357531,21.0
-6225647829918357531,35.0
-6225647829918357531,27.0
-6225647829918357531,22.0
-6225647829918357531,27.0
-6225647829918357531,22.0
-6225647829918357531,27.0
-6225647829918357531,29.0
-6225647829918357531,24.0
-6225647829918357531,26.0
-6225647829918357531,16.0
-6225647829918357531,23.0
-6225647829918357531,26.0
-6225647829918357531,19.0
-6225647829918357531,24.0
-6225647829918357531,28.0
-6225647829918357531,32.0
-6225647829918357531,22.0
-6225647829918357531,26.0
-6225647829918357531,19.0
-6225647829918357531,17.0
-6225647829918357531,27.0
-6225647829918357531,31.0
-6225647829918357531,35.0
-6225647829918357531,27.0
-6225647829918357531,31.0
-6225647829918357531,32.0
-6225647829918357531,29.0
-6225647829918357531,28.0
-6225647829918357531,16.0
-6225647829918357531,22.0
-6225647829918357531,42.0
-6225647829918357531,21.0
-6225647829918357531,21.0
-6225647829918357531,22.0
-6225647829918357531,26.0
-6225647829918357531,23.0
-6225647829918357531,14.0
-6225647829918357531,16.0
-6225647829918357531,29.0
-6225647829918357531,33.0
-6225647829918357531,30.0
-6225647829918357531,33.0
-6225647829918357531,26.0
-6225647829918357531,24.0
-6225647829918357531,28.0
-6225647829918357531,24.0
-6225647829918357531,24.0
-6225647829918357531,26.0
-6225647829918357531,36.0
-6225647829918357531,24.0
-6225647829918357531,30.0
-6225647829918357531,30.0
-6225647829918357531,26.0
-6225647829918357531,22.0
-6225647829918357531,35.0
-6225647829918357531,35.0
-6225647829918357531,23.0
-6225647829918357531,29.0
-6225647829918357531,22.0
-6225647829918357531,35.0
-6225647829918357531,23.0
-6225647829918357531,25.0
-6225647829918357531,32.0
-6225647829918357531,28.0
-6225647829918357531,25.0
-6225647829918357531,33.0
-6225647829918357531,21.0
-6225647829918357531,22.0
-6225647829918357531,22.0
-6225647829918357531,27.0
-6225647829918357531,33.0
-6225647829918357531,30.0
-6225647829918357531,33.0
-6225647829918357531,29.0
-6225647829918357531,28.0
-6225647829918357531,23.0
-6225647829918357531,21.0
-6225647829918357531,30.0
-6225647829918357531,22.0
-6225647829918357531,26.0
-6225647829918357531,28.0
-6225647829918357531,24.0
-6225647829918357531,32.0
-6225647829918357531,33.0
-6225647829918357531,34.0
-6225647829918357531,28.0
-6225647829918357531,31.0
-6225647829918357531,25.0
-6225647829918357531,27.0
-6225647829918357531,37.0
-6225647829918357531,22.0
-6225647829918357531,30.0
-6225647829918357531,19.0
-6225647829918357531,35.0
-6225647829918357531,20.0
-6225647829918357531,23.0
-6225647829918357531,20.0
-6225647829918357531,22.0
-6225647829918357531,29.0
-6225647829918357531,20.0
-6225647829918357531,37.0
-6225647829918357531,24.0
-6225647829918357531,35.0
-6225647829918357531,29.0
-6225647829918357531,17.0
-6225647829918357531,30.0
-6225647829918357531,27.0
-6225647829918357531,27.0
-6225647829918357531,33.0
-6225647829918357531,16.0
-6225647829918357531,36.0
-6225647829918357531,27.0
-6225647829918357531,21.0
-6225647829918357531,22.0
-6225647829918357531,24.0
-6225647829918357531,29.0
-6225647829918357531,9.0
-6225647829918357531,25.0
-6225647829918357531,21.0
-6225647829918357531,33.0
-6225647829918357531,24.0
-6225647829918357531,26.0
-6225647829918357531,26.0
-6225647829918357531,30.0
-6225647829918357531,18.0
-6225647829918357531,25.0
-6225647829918357531,22.0
-6225647829918357531,24.0
-6225647829918357531,23.0
-6225647829918357531,28.0
-6225647829918357531,35.0
-6225647829918357531,27.0
-6225647829918357531,24.0
2213013192725646311,15.0
2213013192725646311,15.0
2213013192725646311,15.0
2213013192725646311,21.0
2213013192725646311,23.0
2213013192725646311,15.0
2213013192725646311,14.0
2213013192725646311,16.0
2213013192725646311,15.0
2213013192725646311,15.0
2213013192725646311,15.0
2213013192725646311,15.0
2213013192725646311,15.0
2213013192725646311,27.0
2213013192725646311,12.0
2213013192725646311,17.0
2213013192725646311,17.0
2213013192725646311,15.0
2213013192725646311,15.0
2213013192725646311,20.0
2213013192725646311,15.0
2213013192725646311,18.0
2213013192725646311,15.0
2213013192725646311,19.0
2213013192725646311,17.0
2213013192725646311,15.0
2213013192725646311,15.0
2213013192725646311,14.0
2213013192725646311,23.0
2213013192725646311,12.0
2213013192725646311,15.0
2213013192725646311,14.0
2213013192725646311,24.0
2213013192725646311,15.0
2213013192725646311,18.0
2213013192725646311,15.0
2213013192725646311,25.0
2213013192725646311,15.0
2213013192725646311,14.0
2213013192725646311,15.0
2213013192725646311,15.0
2213013192725646311,17.0
2213013192725646311,15.0
2213013192725646311,18.0
2213013192725646311,21.0
2213013192725646311,14.0
2213013192725646311,15.0
2213013192725646311,14.0
2213013192725646311,15.0
2213013192725646311,19.0
2213013192725646311,18.0
2213013192725646311,15.0
2213013192725646311,15.0
2213013192725646311,25.0
2213013192725646311,15.0
2213013192725646311,23.0
2213013192725646311,15.0
2213013192725646311,15.0
2213013192725646311,23.0
2213013192725646311,22.0
2213013192725646311,13.0
2213013192725646311,20.0
2213013192725646311,17.0
2213013192725646311,13.0
2213013192725646311,32.0
2213013192725646311,15.0
2213013192725646311,15.0
2213013192725646311,25.0
2213013192725646311,15.0
2213013192725646311,30.0
2213013192725646311,15.0
2213013192725646311,15.0
2213013192725646311,16.0
2213013192725646311,15.0
2213013192725646311,15.0
2213013192725646311,16.0
2213013192725646311,13.0
2213013192725646311,21.0
2213013192725646311,15.0
2213013192725646311,27.0
2213013192725646311,16.0
2213013192725646311,40.0
2213013192725646311,14.0
2213013192725646311,26.0
2213013192725646311,15.0
2213013192725646311,17.0
2213013192725646311,15.0
2213013192725646311,15.0
2213013192725646311,15.0
2213013192725646311,20.0
2213013192725646311,20.0
2213013192725646311,0.0
2213013192725646311,15.0
2213013192725646311,15.0
2213013192725646311,25.0
2213013192725646311,17.0
2213013192725646311,23.0
2213013192725646311,20.0
2213013192725646311,14.0
2213013192725646311,10.0
2213013192725646311,15.0
2213013192725646311,12.0
2213013192725646311,15.0
2213013192725646311,15.0
2213013192725646311,16.0
2213013192725646311,27.0
2213013192725646311,22.0
2213013192725646311,17.0
2213013192725646311,23.0
2213013192725646311,15.0
2213013192725646311,14.0
2213013192725646311,17.0
2213013192725646311,16.0
2213013192725646311,15.0
2213013192725646311,24.0
2213013192725646311,15.0
2213013192725646311,10.0
2213013192725646311,21.0
2213013192725646311,0.0
2213013192725646311,21.0
2213013192725646311,15.0
2213013192725646311,15.0
2213013192725646311,15.0
2213013192725646311,18.0
2213013192725646311,15.0
2213013192725646311,15.0
2213013192725646311,20.0
2213013192725646311,15.0
2213013192725646311,15.0
2213013192725646311,16.0
2213013192725646311,15.0
2213013192725646311,22.0
2213013192725646311,16.0
2213013192725646311,7.0
2213013192725646311,14.0
2213013192725646311,15.0
2213013192725646311,25.0
2213013192725646311,31.0
2213013192725646311,25.0
2213013192725646311,15.0
2213013192725646311,15.0
2213013192725646311,28.0
2213013192725646311,15.0
2213013192725646311,15.0
2213013192725646311,15.0
2213013192725646311,15.0
2213013192725646311,19.0
2213013192725646311,15.0
2213013192725646311,17.0
2213013192725646311,22.0
2213013192725646311,23.0
2213013192725646311,15.0
2213013192725646311,40.0
2213013192725646311,15.0
2213013192725646311,20.0
2213013192725646311,15.0
2213013192725646311,16.0
2213013192725646311,25.0
2213013192725646311,15.0
2213013192725646311,15.0
2213013192725646311,15.0
2213013192725646311,17.0
2213013192725646311,17.0
2213013192725646311,21.0
2213013192725646311,18.0
2213013192725646311,16.0
2213013192725646311,21.0
2213013192725646311,13.0
2213013192725646311,15.0
2213013192725646311,19.0
2213013192725646311,15.0
2213013192725646311,15.0
2213013192725646311,18.0
2213013192725646311,33.0
2213013192725646311,26.0
2213013192725646311,15.0
2213013192725646311,15.0
2213013192725646311,21.0
2213013192725646311,15.0
2213013192725646311,17.0
349862308128216812,10.0
349862308128216812,12.0
349862308128216812,10.0
349862308128216812,13.0
349862308128216812,9.0
349862308128216812,12.0
349862308128216812,12.0
349862308128216812,10.0
349862308128216812,19.0
349862308128216812,10.0
349862308128216812,17.0
349862308128216812,11.0
349862308128216812,12.0
349862308128216812,15.0
349862308128216812,12.0
349862308128216812,11.0
349862308128216812,13.0
349862308128216812,8.0
349862308128216812,9.0
349862308128216812,10.0
349862308128216812,11.0
349862308128216812,15.0
349862308128216812,11.0
349862308128216812,12.0
349862308128216812,15.0
349862308128216812,20.0
349862308128216812,12.0
349862308128216812,11.0
349862308128216812,12.0
349862308128216812,12.0
349862308128216812,11.0
349862308128216812,9.0
349862308128216812,11.0
349862308128216812,11.0
349862308128216812,11.0
349862308128216812,13.0
349862308128216812,16.0
349862308128216812,12.0
349862308128216812,12.0
349862308128216812,8.0
349862308128216812,11.0
349862308128216812,11.0
349862308128216812,12.0
349862308128216812,11.0
349862308128216812,13.0
349862308128216812,12.0
349862308128216812,9.0
349862308128216812,12.0
349862308128216812,11.0
349862308128216812,9.0
349862308128216812,13.0
349862308128216812,13.0
349862308128216812,27.0
349862308128216812,12.0
349862308128216812,12.0
349862308128216812,11.0
349862308128216812,12.0
349862308128216812,11.0
-2286362762396278035,28.0
-2286362762396278035,20.0
-2286362762396278035,28.0
-2286362762396278035,14.0
-2286362762396278035,16.0
-2286362762396278035,16.0
-2286362762396278035,21.0
-2286362762396278035,12.0
-2286362762396278035,28.0
-2286362762396278035,14.0
-2286362762396278035,17.0
-2286362762396278035,25.0
-2286362762396278035,14.0
-2286362762396278035,16.0
-2286362762396278035,23.0
-2286362762396278035,21.0
-2286362762396278035,17.0
-2286362762396278035,28.0
-2286362762396278035,20.0
-2286362762396278035,30.0
-2286362762396278035,16.0
-2286362762396278035,18.0
-2286362762396278035,15.0
-2286362762396278035,23.0
-2286362762396278035,18.0
-2286362762396278035,19.0
-2286362762396278035,28.0
-2286362762396278035,28.0
-2286362762396278035,20.0
-2286362762396278035,15.0
-2286362762396278035,26.0
-2286362762396278035,21.0
-2286362762396278035,28.0
-2286362762396278035,17.0
-2286362762396278035,25.0
-2286362762396278035,18.0
-2286362762396278035,19.0
-2286362762396278035,18.0
-2286362762396278035,16.0
-2286362762396278035,26.0
-2286362762396278035,15.0
-2286362762396278035,14.0
-2286362762396278035,25.0
-2286362762396278035,16.0
-2286362762396278035,15.0
-2286362762396278035,13.0
-2286362762396278035,16.0
-2286362762396278035,15.0
-2286362762396278035,15.0
-2286362762396278035,18.0
-2286362762396278035,20.0
-2286362762396278035,10.0
-2286362762396278035,19.0
-2286362762396278035,23.0
-2286362762396278035,19.0
-2286362762396278035,18.0
-2286362762396278035,17.0
-2286362762396278035,17.0
-2286362762396278035,31.0
-2286362762396278035,15.0
-2286362762396278035,23.0
-2286362762396278035,19.0
-2286362762396278035,25.0
-2286362762396278035,27.0
-2286362762396278035,28.0
-2286362762396278035,28.0
-2286362762396278035,28.0
-2286362762396278035,21.0
-2286362762396278035,17.0
-2286362762396278035,17.0
-2286362762396278035,28.0
-2286362762396278035,20.0
-2286362762396278035,14.0
-2286362762396278035,28.0
-2286362762396278035,16.0
-2286362762396278035,27.0
-2286362762396278035,17.0
-2286362762396278035,14.0
-2286362762396278035,25.0
-2286362762396278035,14.0
-2286362762396278035,28.0
-2286362762396278035,28.0
-2286362762396278035,17.0
-2286362762396278035,28.0
-2286362762396278035,26.0
-2286362762396278035,27.0
-2286362762396278035,22.0
-2286362762396278035,21.0
-2286362762396278035,18.0
-2286362762396278035,16.0
-2286362762396278035,23.0
-2286362762396278035,14.0
-2286362762396278035,17.0
-2286362762396278035,28.0
-2286362762396278035,28.0
-2286362762396278035,16.0
-2286362762396278035,22.0
-2286362762396278035,21.0
-2286362762396278035,18.0
-2286362762396278035,16.0
-2286362762396278035,6.0
-2286362762396278035,18.0
-2286362762396278035,19.0
-2286362762396278035,13.0
-2286362762396278035,18.0
-2286362762396278035,28.0
-2286362762396278035,30.0
-2286362762396278035,27.0
-2286362762396278035,12.0
-2286362762396278035,21.0
-2286362762396278035,14.0
-2286362762396278035,19.0
-2286362762396278035,25.0
-2286362762396278035,15.0
-2286362762396278035,14.0
-2286362762396278035,22.0
-2286362762396278035,14.0
-2286362762396278035,28.0
-2286362762396278035,14.0
-2286362762396278035,16.0
-2286362762396278035,23.0
-2286362762396278035,24.0
-2286362762396278035,20.0
-2286362762396278035,25.0
-2286362762396278035,19.0
-2286362762396278035,22.0
-2286362762396278035,35.0
-2286362762396278035,17.0
-2286362762396278035,17.0
-2286362762396278035,13.0
-2286362762396278035,25.0
-2286362762396278035,16.0
-2286362762396278035,16.0
-2286362762396278035,36.0
-2286362762396278035,28.0
-2286362762396278035,13.0
-2286362762396278035,25.0
-2286362762396278035,14.0
-2286362762396278035,21.0
-2286362762396278035,28.0
-2286362762396278035,17.0
-2286362762396278035,12.0
-2286362762396278035,18.0
-2286362762396278035,28.0
-2286362762396278035,17.0
-2286362762396278035,28.0
-2286362762396278035,19.0
-2286362762396278035,31.0
-2286362762396278035,16.0
-2286362762396278035,22.0
-2286362762396278035,28.0
-2286362762396278035,15.0
-2286362762396278035,18.0
-2286362762396278035,19.0
-2286362762396278035,15.0
-2286362762396278035,24.0
-2286362762396278035,18.0
-2286362762396278035,28.0
-2286362762396278035,17.0
-2286362762396278035,22.0
-2286362762396278035,20.0
-2286362762396278035,24.0
-2286362762396278035,26.0
-2286362762396278035,12.0
-2286362762396278035,20.0
-2286362762396278035,17.0
-2286362762396278035,28.0
-2286362762396278035,13.0
-2286362762396278035,14.0
-2286362762396278035,15.0
-2286362762396278035,22.0
-2286362762396278035,28.0
-2286362762396278035,21.0
-2286362762396278035,14.0
-2286362762396278035,14.0
-2286362762396278035,18.0
-2286362762396278035,18.0
-2286362762396278035,18.0
-2286362762396278035,13.0
-2286362762396278035,24.0
-2286362762396278035,6.0
-2286362762396278035,17.0
-2286362762396278035,24.0
-2286362762396278035,18.0
-2286362762396278035,16.0
-2286362762396278035,28.0
-2286362762396278035,14.0
-2286362762396278035,15.0
-2286362762396278035,20.0
-2286362762396278035,18.0
-2286362762396278035,23.0
-2286362762396278035,24.0
-2286362762396278035,20.0
-2286362762396278035,37.0
-2286362762396278035,18.0
-2286362762396278035,19.0
-2286362762396278035,22.0
-2286362762396278035,17.0
-2286362762396278035,28.0
-2286362762396278035,22.0
-2286362762396278035,18.0
-2286362762396278035,17.0
-2286362762396278035,18.0
-2286362762396278035,22.0
-2286362762396278035,19.0
-2286362762396278035,19.0
-2286362762396278035,20.0
-2286362762396278035,19.0
-2286362762396278035,14.0
-2286362762396278035,19.0
-2286362762396278035,21.0
-2286362762396278035,28.0
-2286362762396278035,14.0
-2286362762396278035,20.0
-2286362762396278035,14.0
-2286362762396278035,17.0
-2286362762396278035,20.0
-2286362762396278035,18.0
-2286362762396278035,24.0
-2286362762396278035,17.0
-2286362762396278035,19.0
-2286362762396278035,26.0
-2286362762396278035,16.0
-2286362762396278035,17.0
-2286362762396278035,28.0
-2286362762396278035,27.0
-2286362762396278035,15.0
-2286362762396278035,15.0
-2286362762396278035,16.0
-2286362762396278035,27.0
-2286362762396278035,17.0
-2286362762396278035,21.0
-2286362762396278035,25.0
-2286362762396278035,10.0
-2286362762396278035,18.0
-2286362762396278035,22.0
-2286362762396278035,17.0
-2286362762396278035,18.0
-2286362762396278035,25.0
-2286362762396278035,23.0
-2286362762396278035,23.0
-2286362762396278035,14.0
-2286362762396278035,17.0
-2286362762396278035,17.0
-2286362762396278035,15.0
-2286362762396278035,21.0
-2286362762396278035,20.0
-2286362762396278035,24.0
-2286362762396278035,14.0
-2286362762396278035,18.0
-2286362762396278035,18.0
-2286362762396278035,15.0
-2286362762396278035,14.0
-2286362762396278035,12.0
-2286362762396278035,36.0
-2286362762396278035,17.0
-2286362762396278035,23.0
-2286362762396278035,18.0
-2286362762396278035,24.0
-2286362762396278035,15.0
-2286362762396278035,16.0
-2286362762396278035,28.0
-2286362762396278035,21.0
-2286362762396278035,18.0
-2286362762396278035,24.0
-2286362762396278035,30.0
-2286362762396278035,17.0
-2286362762396278035,19.0
-2286362762396278035,13.0
-2286362762396278035,17.0
-2286362762396278035,19.0
-2286362762396278035,22.0
-2286362762396278035,15.0
-2286362762396278035,17.0
-2286362762396278035,18.0
-2286362762396278035,21.0
-2286362762396278035,15.0
-2286362762396278035,19.0
-2286362762396278035,28.0
-2286362762396278035,23.0
-2286362762396278035,24.0
-2286362762396278035,17.0
-2286362762396278035,27.0
-2286362762396278035,22.0
-2286362762396278035,20.0
-2286362762396278035,32.0
-2286362762396278035,10.0
-2286362762396278035,15.0
-2286362762396278035,28.0
-2286362762396278035,28.0
-2286362762396278035,14.0
-2286362762396278035,19.0
-2286362762396278035,26.0
-2286362762396278035,25.0
-2286362762396278035,19.0
-2286362762396278035,25.0
-2286362762396278035,21.0
-2286362762396278035,18.0
-2286362762396278035,23.0
-2286362762396278035,28.0
-2286362762396278035,19.0
-2286362762396278035,22.0
-2286362762396278035,27.0
-2286362762396278035,16.0
-2286362762396278035,12.0
-2286362762396278035,20.0
-2286362762396278035,18.0
-2286362762396278035,15.0
-2286362762396278035,18.0
-2286362762396278035,14.0
-2286362762396278035,20.0
-2286362762396278035,18.0
-2286362762396278035,26.0
-2286362762396278035,28.0
-2286362762396278035,24.0
-2286362762396278035,40.0
-2286362762396278035,24.0
-2286362762396278035,18.0
-2286362762396278035,28.0
-2286362762396278035,26.0
-2286362762396278035,21.0
-2286362762396278035,18.0
-2286362762396278035,18.0
-2286362762396278035,30.0
-2286362762396278035,14.0
-2286362762396278035,26.0
-2286362762396278035,28.0
-2286362762396278035,14.0
-2286362762396278035,26.0
-2286362762396278035,19.0
-2286362762396278035,28.0
-2286362762396278035,18.0
-2286362762396278035,32.0
-2286362762396278035,20.0
-2286362762396278035,28.0
-2286362762396278035,22.0
-2286362762396278035,12.0
-2286362762396278035,23.0
-2286362762396278035,28.0
-2286362762396278035,15.0
-2286362762396278035,23.0
-2286362762396278035,28.0
-2286362762396278035,15.0
-2286362762396278035,26.0
-2286362762396278035,22.0
-2286362762396278035,10.0
-2286362762396278035,28.0
-2286362762396278035,28.0
-2286362762396278035,10.0
-2286362762396278035,17.0
-2286362762396278035,19.0
-2286362762396278035,11.0
-2286362762396278035,15.0
-2286362762396278035,28.0
-2286362762396278035,20.0
-2286362762396278035,14.0
-2286362762396278035,35.0
-2286362762396278035,28.0
-2286362762396278035,15.0
-2286362762396278035,15.0
-2286362762396278035,20.0
-8970844422700220177,18.0
-8970844422700220177,19.0
-8970844422700220177,20.0
-8970844422700220177,23.0
-8970844422700220177,22.0
-8970844422700220177,19.0
-8970844422700220177,23.0
-8970844422700220177,23.0
-8970844422700220177,23.0
-8970844422700220177,19.0
-8970844422700220177,18.0
-8970844422700220177,20.0
-8970844422700220177,20.0
-8970844422700220177,20.0
-8970844422700220177,27.0
-8970844422700220177,25.0
-8970844422700220177,20.0
-8970844422700220177,21.0
-8970844422700220177,25.0
-8970844422700220177,15.0
-8970844422700220177,24.0
-8970844422700220177,16.0
-8970844422700220177,24.0
-8970844422700220177,23.0
-8970844422700220177,26.0
-8970844422700220177,23.0
-8970844422700220177,25.0
-8970844422700220177,19.0
-8970844422700220177,23.0
-8970844422700220177,20.0
-8970844422700220177,29.0
-8970844422700220177,22.0
-8970844422700220177,22.0
-8970844422700220177,20.0
-8970844422700220177,22.0
-8970844422700220177,24.0
-8970844422700220177,21.0
-8970844422700220177,19.0
-8970844422700220177,22.0
-8970844422700220177,19.0
-8970844422700220177,23.0
-8970844422700220177,20.0
-8970844422700220177,21.0
-8970844422700220177,24.0
-8970844422700220177,20.0
-8970844422700220177,22.0
-8970844422700220177,18.0
-8970844422700220177,22.0
-8970844422700220177,24.0
-8970844422700220177,18.0
-8970844422700220177,23.0
-8970844422700220177,23.0
-8970844422700220177,14.0
-8970844422700220177,17.0
-8970844422700220177,22.0
-8970844422700220177,23.0
-8970844422700220177,20.0
-8970844422700220177,25.0
-8970844422700220177,21.0
-8970844422700220177,28.0
-8970844422700220177,24.0
-8970844422700220177,18.0
-8970844422700220177,24.0
-8970844422700220177,24.0
-8970844422700220177,21.0
-8970844422700220177,17.0
-8970844422700220177,22.0
-8970844422700220177,21.0
-8970844422700220177,22.0
-8970844422700220177,23.0
-8970844422700220177,15.0
-8970844422700220177,17.0
-8970844422700220177,21.0
-8970844422700220177,23.0
-8970844422700220177,22.0
-8970844422700220177,20.0
-8970844422700220177,21.0
-8970844422700220177,17.0
-8970844422700220177,22.0
-8970844422700220177,22.0
-8970844422700220177,18.0
-8970844422700220177,18.0
-8970844422700220177,22.0
-8970844422700220177,20.0
-8970844422700220177,22.0
-8970844422700220177,25.0
-8970844422700220177,19.0
-8970844422700220177,18.0
-8970844422700220177,31.0
-8970844422700220177,18.0
-8970844422700220177,28.0
-8970844422700220177,23.0
-8970844422700220177,23.0
-8970844422700220177,22.0
-8970844422700220177,26.0
-8970844422700220177,20.0
-8970844422700220177,21.0
-8970844422700220177,27.0
-8970844422700220177,21.0
-8970844422700220177,21.0
-8970844422700220177,38.0
-8970844422700220177,19.0
-8970844422700220177,22.0
-8970844422700220177,21.0
-8970844422700220177,24.0
-8970844422700220177,22.0
-8970844422700220177,24.0
-8970844422700220177,24.0
-8970844422700220177,24.0
-8970844422700220177,16.0
-8970844422700220177,21.0
-8970844422700220177,23.0
-8970844422700220177,29.0
-8970844422700220177,24.0
-8970844422700220177,23.0
-8970844422700220177,13.0
-8970844422700220177,18.0
-8970844422700220177,13.0
-8970844422700220177,29.0
-8970844422700220177,19.0
-8970844422700220177,28.0
-8970844422700220177,20.0
-8970844422700220177,20.0
-8970844422700220177,28.0
-8970844422700220177,23.0
-8970844422700220177,24.0
-8970844422700220177,24.0
-8970844422700220177,23.0
-8970844422700220177,20.0
-8970844422700220177,22.0
-8970844422700220177,21.0
-8970844422700220177,25.0
-8970844422700220177,22.0
-8970844422700220177,19.0
-8970844422700220177,21.0
-8970844422700220177,34.0
-8970844422700220177,33.0
-8970844422700220177,22.0
-8970844422700220177,24.0